# vtk DataFile Version 3.0
vtk output
ASCII
DATASET POLYDATA
POINTS 5806 float
-74.21639431483372 30.92690909168597 -37.9343629772295
-74.14850193780309 31.97716624336202 -35.9026963603427
-71.99739012429437 30.07235839866493 -36.89583257022048
-72.02367868695207 31.12432216672612 -34.98847759981294
-74.18567200289452 32.81776029319747 -33.83237080424711
-72.15509258424704 31.990066016415078 -33.046677962648126
-76.32487318016021 33.03841265687879 -36.86678744666832
-76.26404378470659 33.8238496976381 -34.59646794983675
-76.48818645369016 32.00830951394085 -39.094341901389
-74.24222051746291 33.44526718753114 -31.789925036043307
-72.30467420919807 32.663137251274414 -31.128901498721472
-74.23588724825952 33.86460189313775 -29.836869084901657
-72.39299522906043 33.14616192120029 -29.28476402589215
-76.2212425646054 34.36942804885862 -32.36032425722068
-76.11597463590059 34.69088544870515 -30.235804321775667
-78.48893700031198 34.990188488953095 -35.34978898265348
-78.32659524529451 35.4212882516963 -32.86796523665944
-78.10467216650578 35.615070777106865 -30.52662024246432
-80.64006748845071 36.570307393260165 -33.3375344005489
-80.26505788945143 36.61313300232442 -30.754284238110614
-80.96868840759655 36.278407457367635 -36.09460170898093
-78.94217967765866 33.2980402661574 -40.36308418878792
-78.66626513285739 34.28846304568098 -37.87751817981539
-81.31601936796945 35.68135448981519 -38.914965268896594
-81.7631603160304 34.74384852202911 -41.70034524441763
-51.43498241835229 25.340681764342193 -13.899404755984833
-52.462343196905316 25.74272265124122 -10.663391742674655
-49.69102616739453 24.19248261288545 -12.398389885628642
-50.74880866723379 24.54182301853199 -9.0206766194569
-53.5617164769725 25.901469720374585 -7.384300805609057
-51.87564785257118 24.604930577116402 -5.580116373406138
-54.210764166440946 26.85873929074519 -12.421983291012753
-55.25939461314113 27.107067399464217 -9.308465384050118
-53.23695877995504 26.403506810440724 -15.509758391884679
-54.655432682248204 25.876768617287787 -4.144585568824813
-52.9968130005936 24.443678481366582 -2.1544736022650843
-55.69907037304283 25.70447475937384 -1.015888782822374
-54.06867855866539 24.104394451130425 1.1909718043116708
-56.3113490657279 27.20645997304698 -6.251690479882146
-57.32896598882443 27.18530875342953 -3.323304577838977
-56.968121510772264 28.202627749133832 -11.32478008541424
-57.964934202384704 28.40329057554969 -8.460047052629367
-58.953970710914255 28.50683787108728 -5.729963724328712
-59.61868391431268 29.44291456385595 -10.747175011706402
-60.57064940550388 29.637647238152567 -8.223994791155585
-58.68969850309806 29.16992045362744 -13.402185205310813
-55.08695986123892 27.381199266141667 -17.18490343128441
-55.98998382197842 27.880629225735465 -14.258586570543319
-57.79524998875929 28.796232259074387 -16.135952239891026
-56.972702679281525 28.270278636844452 -18.88278662452002
-54.97255485489358 19.512793705842018 -34.77794928016494
-52.89263116495992 18.289175139908203 -33.75691277967142
-55.06589198528634 17.588933280538235 -36.41290172115093
-52.95028543702836 16.29411156349513 -35.444896582031134
-50.822233838230666 17.025296760437172 -32.73438170579294
-50.84232235073159 14.96144436362823 -34.46943076479909
-52.86872964048647 20.11935112204687 -31.885270689680013
-50.827429945514425 18.909421177587223 -30.807581052787203
-54.9221216693082 21.28388631999481 -32.96671251179969
-48.80074943337011 15.704784002502839 -31.7200767914093
-48.78334362668168 13.579684416070522 -33.4913817008435
-46.86095418276863 14.313007117519607 -30.726339886545276
-46.80605313979501 12.141289946837661 -32.519459371784215
-48.83416829310602 17.634446373598692 -29.751079327684664
-46.92105365526071 16.275433372658362 -28.734955033831724
-50.89257252311847 20.620774094907436 -28.69350762282068
-48.921434849841646 19.38649612682619 -27.586341956609285
-47.0283135329565 18.057943290104824 -26.540478552239673
-49.10270478344621 20.976871534938937 -25.225895578961893
-47.22884890192295 19.687254393049624 -24.134381605932496
-51.05351792362296 22.16619939449592 -26.396928123283573
-54.94678759088168 22.891822528432172 -30.983376985223863
-52.91200925192502 21.782212861729366 -29.83454942831032
-53.054129885323114 23.27691334036848 -27.612026992961386
-55.075144863984306 24.329841948733034 -28.8371372166371
-49.426640783252864 22.413878331998617 -22.663619528140696
-47.57847767597274 21.181569127201065 -21.5008698166402
-49.913217398408 23.650983474911154 -19.913554899650546
-48.09707912384755 22.472550190057913 -18.656778571823608
-51.35181696346074 23.545841777227523 -23.91835195461994
-51.80566412708415 24.7331684056786 -21.27000073261428
-50.58106068836868 24.63915622270907 -16.987501197132964
-48.801125459775804 23.493312732427718 -15.616783301384997
-52.43194557525777 25.694570868711647 -18.46292988709899
-53.7544619869452 25.734685078727985 -22.68013203582959
-54.338854154364576 26.668411851929097 -19.995899906182053
-56.283331398082474 27.566303124921205 -21.54243169471511
-55.73714729949615 26.669217900914674 -24.10051407440392
-53.33044065086725 24.59755854253917 -25.22307516104097
-55.33613813629016 25.58760383466016 -26.537844485039567
-48.53851838843893 3.8333756519492748 -38.868545110894686
-48.614075405267805 6.292347552869592 -37.71464843344292
-46.428367444562966 4.597092980868557 -36.81589754619003
-46.242760238870225 2.0425780892027934 -37.98701654268763
-48.682945956935114 8.787821234359813 -36.46426590559192
-46.58547780885613 7.188534493304896 -35.54363578588016
-50.860705967165266 7.985223365320683 -38.62424570329499
-50.85157988966349 10.364758682759408 -37.38870808571208
-50.884571572522674 5.641957450029788 -39.76765421722541
-48.74055774585122 11.245246949853557 -35.06824450796977
-46.711577213686155 9.734621874320439 -34.12226019613788
-50.84777869617283 12.715298993558065 -36.01533869555022
-53.06360521183785 11.904746927020957 -38.30237028065533
-53.00280530476616 14.14217699489849 -36.95351422286487
-55.16354703576864 15.529211109815876 -37.877891173743585
-55.27829090621883 13.401236770255533 -39.19660824159388
-53.25539255371534 7.432531891619976 -40.665041861013236
-53.14320353596768 9.649332039920871 -39.52575756283873
-55.4222162414721 11.267297840167613 -40.4046518870673
-55.61298992129769 9.177686210249648 -41.54145577903079
-45.45606298119121 18.276314063450286 -23.160342606075137
-45.23868157221808 16.616038567428202 -25.586694966857973
-45.11321181114505 14.817190944251267 -27.783028534235346
-43.54005432162201 15.109834146173828 -24.693975106105107
-43.39333431006753 13.311435533743323 -26.872447751513988
-43.775680006856206 16.788725383370558 -22.269183042890973
-45.02707022985338 12.841006956200786 -29.77141097394035
-44.932389433380784 10.645833536227434 -31.569011067193223
-43.27712084990809 11.34257895627171 -28.84161363928741
-43.13886334687206 9.149765917536941 -30.632620464543113
-41.73916385323905 11.812870481052675 -25.98277322895156
-41.586068940152124 9.873959572166404 -27.92478187507128
-41.40128713429152 7.710124151525122 -29.702412344078255
-39.930970684465876 8.489376976646394 -27.00542192510359
-39.70114228515357 6.379305466391608 -28.76486021906446
-40.128377602221846 10.376307864086316 -25.092019672028485
-42.174793059714844 15.271407910975844 -21.427784774051773
-41.91527996171692 13.591353419542875 -23.833552682270216
-40.344562371000706 12.113931275543635 -22.97635375529541
-40.6370982207097 13.773478764551136 -20.60296963786758
-48.01297810711114 22.95217507256697 -11.052320541351246
-47.104933635785514 22.2430466379346 -14.399943470969427
-46.374405286963324 21.178958274191103 -17.548053275089455
-45.481994873274616 20.90970430284847 -13.331913933059514
-44.736311560670686 19.798893398316633 -16.56743588422349
-46.39064017277965 21.63788220265515 -9.873206819879268
-45.82878523201933 19.82782469943479 -20.474232926563225
-44.16956427711161 18.389774309707303 -19.553404929004703
-43.17107003823559 18.361448889260686 -15.694523015720621
-42.58989464882129 16.905910683799444 -18.70829173964513
-41.074942116178086 15.417270857622235 -17.908480217185403
-41.66370237624713 16.899053247262916 -14.907622993172426
-44.80984496874408 20.26829701911554 -8.871538528807447
-43.9193039478578 19.515038991106245 -12.40632656529679
-42.39953906986791 18.08452037306878 -11.615450030229619
-43.25147729507034 18.8663631470361 -8.056218091190203
-52.4346710670537 22.43088736491615 3.306368629195915
-51.3312321341936 22.939303559163886 -0.2895709476704605
-50.199179375722174 23.23454541079692 -3.919881839250502
-49.643787576181175 21.406766578647694 1.3717258244238977
-48.52577392128812 21.821556486516826 -2.4542534858650873
-50.761378413033725 20.736820149107086 5.214234471845101
-49.072892020505826 23.25994696889378 -7.530471965069033
-47.42743820727176 21.918908726914243 -6.22256744706299
-46.83923502413188 20.39984107660607 -1.231381748749906
-45.799281983156874 20.542001318596537 -5.124539708325509
-44.1687476774219 19.15640704280477 -4.2628498570288755
-45.11721197196324 19.005946923863664 -0.29805665563188616
-48.99919873273387 19.08057361468913 6.801783683500157
-47.9075542327406 19.893956567552294 2.754951731393238
-46.09007790794408 18.448582525628424 3.7856139361943373
-47.09679117842222 17.51747594368327 7.9547244739515435
-39.3915591250682 3.9751041118717705 -30.410589656532036
-41.131872273232254 5.261032285197537 -31.353174970591187
-42.92527562600212 6.683881802058351 -32.27445036385115
-40.78371617700315 2.633862918215113 -32.84910703540258
-42.64269795329325 4.052512466060037 -33.753790088741646
-39.00486181016614 1.378779226519955 -31.90239948404492
-44.77972502577502 8.194148624750557 -33.193614272882165
-44.575469579277396 5.589203030630584 -34.64490291523488
-42.29396556350765 1.3574136998044997 -35.07865834100171
-44.320609269246475 2.9311281628972448 -35.94567435885528
-44.01842561295192 0.30592150458475853 -37.135335524815794
-41.88347841415743 -1.3159241924518978 -36.27613321262015
-38.53936557794498 -1.3172079649929356 -33.22055607335032
-40.360612740570154 -0.07267814847296439 -34.1823938062323
-39.86259478549118 -2.7764491941932548 -35.369168600936504
-37.9828438416927 -4.035334693207319 -34.37524423268504
-55.05475352314908 23.61815992671979 4.384150613250572
-53.47626493856281 21.76285484615492 6.813787213139587
-51.85224109953714 19.882053591635938 9.03889757892847
-54.486483522151794 20.98863840596872 10.276237818985804
-52.92807093703376 18.915338863373016 12.879862837431363
-55.99945781623221 23.02187901603807 7.47817121556497
-50.098069842371316 18.032005943227375 10.889885109048073
-48.13228256483314 16.262546758978097 12.19111442170289
-51.198407276544756 16.839298396889813 15.042376029585407
-49.181309306023735 14.790424831463296 16.506146198824403
-53.985703238934676 17.881737510386564 16.737867202589488
-52.29115158612325 15.553263872239398 19.236482832326228
-50.23690389414048 13.176604708574446 20.86455665481544
-53.391875293555195 14.172360528885836 23.394581718882954
-51.329937680000285 11.448411848699738 25.176787745720684
-55.03155317513426 16.785563306045223 20.57433791865724
-56.92652259701443 22.353006424956334 10.512635875256985
-55.475565004651635 20.151187432367696 13.716938753172231
-56.44973814894169 19.273142740207856 17.13760409154902
-57.84856173184662 21.644967211905936 13.516773152716645
-61.542824093106425 29.7206935277801 -5.903878048455601
-59.92148025934039 28.486837970300392 -3.2183531465626394
-58.287766859137434 27.031831389176926 -0.6111112832070609
-60.90213124933588 28.353252842001382 -0.854234883251379
-59.2320869073402 26.76238307296785 1.9525888504526994
-62.55915727703636 29.69945013269161 -3.7147467953332556
-56.66021954232079 25.39313137356954 1.9183943554269693
-57.58712989556149 24.96772523894804 4.719634273679833
-60.18969812247496 26.401559488998036 4.425034576074994
-58.509221770100076 24.45910261967226 7.438099292984572
-59.44346654500605 23.90237695436682 10.11837332001006
-61.17744873540444 25.983001867729342 6.859738319528974
-63.63365857189862 29.586311168573665 -1.5949778962293129
-61.917754376892596 28.124540413568223 1.423519554848181
-62.98068831831873 27.830658777171287 3.672362971712814
-64.77202120476683 29.40491876945887 0.5122778326186177
-37.24113767743229 -13.325654040116923 -39.585853339881695
-37.96093471038606 -10.650707852673564 -38.49092880221102
-35.69768604326512 -12.094717241859348 -37.36109085672572
-34.796222511678316 -14.849425204595821 -38.4396808669124
-38.64900463180363 -8.022839226160285 -37.45957120584449
-36.54690739389686 -9.387497669858577 -36.36754205284699
-40.387338923616056 -8.980488238898541 -39.514356954300034
-40.91612693306504 -6.439843604988666 -38.44378569599931
-39.84686198401524 -11.55956716734404 -40.62983279316766
-39.28754103465442 -5.411656706906662 -36.43931522764608
-37.3143456989615 -6.711920882694493 -35.39740129163285
-41.419450461541615 -3.899726693792176 -37.3797099460923
-43.319360822196955 -4.685799874303412 -39.351760888437695
-43.680738635828696 -2.2180042179580015 -38.25510256341411
-46.04059785736236 -0.4086636192370625 -39.10545504913384
-45.828401943655486 -2.8001224033659 -40.21501630895277
-42.57992145649491 -9.629097331711451 -41.605991860378836
-42.948064489558064 -7.142685222032254 -40.46044905315691
-45.61711970139455 -5.176575701083681 -41.346280831346775
-45.418250664918084 -7.578737717445364 -42.51657199832216
-48.3315715466346 -5.451337874728664 -43.37545491322545
-48.35983606344452 -3.129133411710617 -42.205917098806644
-48.408431401287096 -0.8348867701261458 -41.078269417696895
-51.13439142426147 -1.0184866663078564 -43.06103849268278
-51.02355462335195 1.1814111017618514 -41.952990638921094
-51.27513676127507 -3.251621687496911 -44.20627584766048
-48.469908871301364 1.471458480222764 -39.97574063180027
-50.94040237195686 3.3873977749359065 -40.86446974489953
-53.63670129766085 3.2072283053250463 -42.84196482237901
-53.422661748610594 5.2984515218943375 -41.75958670414102
-55.87749971130737 7.169808142950587 -42.64190789500987
-56.20520550144026 5.202640418396493 -43.7330757154636
-54.193717154871806 -1.0132181950994608 -45.0541872328261
-53.89447336782429 1.11638584830948 -43.935199541259195
-56.590989779854404 3.2325047095255774 -44.831564105591106
-57.02976997650713 1.219556578697826 -45.94523220918449
-57.08781567968391 25.342510014431415 -30.036212321553982
-57.34245385049105 26.532713667595235 -27.82186373312072
-57.72918308753439 27.549970837901835 -25.488533527339786
-59.36133580342203 27.411742769904684 -29.061122387012738
-59.737569188990925 28.36302671144515 -26.828422985813738
-59.10971411698147 26.287371937323275 -31.195070204957737
-58.24473836868677 28.395425824539352 -23.060607605712157
-58.87986468356439 29.070017533266856 -20.564262750411018
-60.22439338560029 29.14907130774805 -24.529352803636645
-60.80483861023495 29.78084319663863 -22.197015169722444
-61.76942823783369 29.096334353493013 -28.10140689805769
-62.22451063605681 29.826034948917062 -25.925482431905074
-62.7444301588378 30.411729641826565 -23.748845757559526
-64.24747760860237 30.42895114404427 -27.222814002151217
-64.69701064831119 30.976918017799235 -25.185613354010915
-63.831735813554374 29.740582505492657 -29.2856476871847
-61.15947087451192 27.135182465545874 -32.29557092767887
-61.405864991795326 28.20339599377814 -30.237995317234
-63.48684825226488 28.887640950805658 -31.332365331038943
-63.25304844031924 27.85766234980025 -33.317524493956476
-57.1462328204698 18.854151290349918 -37.36644236683209
-57.022789570304234 20.708462847444046 -35.78455440798868
-56.951981581409704 22.418016675039045 -34.03110464781748
-59.076473351775775 21.8386283911264 -36.75985012867209
-58.98856189576762 23.485302320774693 -35.06285914546657
-59.2237232641814 20.054420611817054 -38.287098021949284
-56.96524391276289 23.96648362235415 -32.11100100868039
-58.99150055874943 24.97323279226115 -33.202697206487706
-61.06335243946306 24.445800377893484 -36.041407114450934
-61.051360078463674 25.87660349093531 -34.23934690931447
-63.16680402846623 26.641739286310056 -35.20004394344504
-63.20473760908879 25.26044623681451 -36.944653275656584
-61.33353707381473 21.149674032179867 -39.151471325319505
-61.16927300553095 22.861822562984063 -37.68174925073406
-63.33308822816222 23.736924807836306 -38.526814539998334
-63.50850230147809 22.099865935405568 -39.935312652679556
-65.15424624640801 31.425147058280245 -23.202261749374347
-63.309481148580254 30.892313926700105 -21.59894427483088
-61.46319106418415 30.290207687088433 -19.85584018348373
-63.91908360479695 31.28627691064645 -19.524161430711043
-62.176414105588734 30.693615335149786 -17.572399642759592
-65.64626783417339 31.797911739031484 -21.307409379789565
-59.62246174452058 29.597064773559687 -18.01900020895323
-60.429490359584456 29.995244467552617 -15.510028028418843
-62.94379415659295 31.02542104046927 -15.381324566920128
-61.28263307443271 30.30841675963383 -13.087301340768832
-62.18408661073429 30.556511305729487 -10.786600877278458
-63.78145580999579 31.30130342361548 -13.302544905337347
-66.21206272102124 32.11900533542082 -19.51716546872066
-64.59138000035574 31.620574935346127 -17.546917966666058
-65.35558514211297 31.90667832595068 -15.677005198992113
-66.89714784785244 32.40036545221705 -17.838236056816733
-57.909510409104534 10.856394665668628 -42.384189761421545
-57.64988865393208 12.825951366655007 -41.252435757511066
-57.4480117524877 14.849147806752129 -40.06596414914858
-59.836209084855255 14.311578275756817 -42.04700633973289
-59.59075882246483 16.226211520092185 -40.88908079320389
-60.15090870847361 12.46422703903499 -43.17096673406615
-57.28435540931122 16.878708297825934 -38.783803954314955
-59.39135364652468 18.160780899329758 -39.65105243921988
-61.728326298430105 17.504412237822024 -41.642300127075316
-61.51449015987765 19.340295689813807 -40.45555412011177
-63.682648288725076 20.381212170571104 -41.17275281154031
-63.88450519256669 18.654016055397776 -42.30198049048291
-62.34850309421773 13.991611666498248 -43.88264297822041
-61.996469930278735 15.704907852896019 -42.766580642054684
-64.14885950781377 16.98392549041676 -43.38953735708509
-64.51806997104187 15.425862025506962 -44.50134333910179
-69.6522091885166 32.533389096694194 -8.805340311524308
-68.39576094664524 32.43288027376443 -10.542541020464295
-71.21925950689217 33.23207684725018 -11.72528054476162
-69.92129555543147 33.046732332360534 -13.27201994603479
-67.25684773847387 32.297759730323165 -12.234363310782234
-68.75997628267034 32.847206039118966 -14.773496587599077
-66.85864099267138 31.684324906948348 -7.6515208813762206
-65.73227915176112 31.61919955940803 -9.49991422881086
-68.08292760261595 31.69743611665247 -5.771081346624672
-66.24329380451842 32.125520440387255 -13.92732109468196
-67.7493394546819 32.63535472795046 -16.277075685520405
-64.70767935869829 31.494042783333533 -11.364631376264475
-64.17003584575109 30.770310444918934 -6.630862046512103
-63.141284640219084 30.707223418963352 -8.657963018504308
-66.46647656888528 30.67384715794859 -2.6510848937250975
-65.27829514098258 30.754013712555725 -4.646080692211388
-58.256812887075455 8.974311862039597 -43.495661129163864
-60.56796247392472 10.717688167673687 -44.29951293308807
-58.679762408584665 7.135849065860825 -44.60968775816641
-61.07319680141244 9.023915642265825 -45.45192353501849
-62.82407858209541 12.401480760455332 -45.03809711687213
-65.04241742540587 14.023914437264763 -45.6991804791504
-63.40368788759453 10.881115839638513 -46.247478080912074
-65.69392058629839 12.718518072968257 -46.9903540854359
-61.657962301536195 7.33211791856884 -46.63289044413359
-64.07479180783933 9.373868212120067 -47.5097160216859
-66.45285930575426 11.445756802013443 -48.365997517970186
-64.8266618275942 7.828294560570157 -48.80413816587624
-67.30251746877124 10.146067193632112 -49.793870577567546
-62.31477838866343 5.596708991574349 -47.83168112579626
-59.1720040673179 5.294596435858244 -45.73666650473707
-59.727373059580536 3.4086722496797424 -46.87546415692654
-67.24021464859369 15.584380412006833 -46.27222327520036
-66.67609671064223 16.75575878879186 -45.01005957567018
-69.31388801764994 17.06491077641619 -46.76405194266109
-68.70703177000296 17.96500018426748 -45.46817503480494
-67.96433501605479 14.547885694918113 -47.6790684680476
-70.14107674920734 16.347703333967935 -48.26883266535223
-71.15819705980458 18.456599766517968 -47.18241602659539
-70.4955941989316 19.046251202553883 -45.93761975795321
-72.6659290274703 19.80285574498204 -47.347260049818026
-71.76500520625974 19.84408737898173 -46.33727376940491
-72.14490000488438 18.104627658471166 -48.71627921876198
-73.89886245969306 19.819579189577716 -48.92690436192447
-71.11914997009508 15.715336621828097 -49.964745678045105
-73.29373928096666 17.836303524819478 -50.55665640053049
-75.28798260815948 19.90294591318453 -50.90848350212009
-74.58632890979214 17.58174049958598 -52.57549445212498
-76.84880237382535 19.994063491905994 -53.11989768844856
-72.21969452193365 15.092209573411434 -51.77510992252014
-68.81840744922334 13.573559535700713 -49.21015929869168
-69.7775696419985 12.591373168145815 -50.81768449716598
-72.69160474472153 26.136960793706344 -41.87265394922452
-70.30043205234458 25.54243979772375 -40.8431325535725
-70.47003571193372 24.102119606713458 -42.10466649842764
-72.83471723480669 24.709636172263657 -43.15020666648277
-67.92403519927218 25.003845337476168 -40.01522307091719
-68.10586219348788 23.51565422321375 -41.30447347979897
-70.07037289588892 26.93889243845306 -39.38643101536049
-67.7291531555014 26.42569053756431 -38.54046984740955
-72.43185815858297 27.534525938602798 -40.38539222952584
-65.59206238393486 24.427556591257026 -39.27518799311934
-65.77460982239604 22.869536972744342 -40.61868205203769
-65.4324717484642 25.894234037360427 -37.75307927574773
-67.59446148562266 27.745975543439258 -36.895708157047295
-65.35293024367898 27.237731992356 -36.06572155861729
-65.40067678183179 28.430127300362024 -34.2417243751322
-67.58567571862736 28.93132236813885 -35.11275612256002
-72.1652577114211 28.86233828445586 -38.71458957767893
-69.87159454215423 28.25350840719206 -37.75362059259587
-69.78925135125068 29.445949123209612 -35.978530738615305
-66.31210222231671 18.12864563955677 -43.89606056819604
-66.08088043569735 19.648012025657454 -42.84758694732949
-68.402749183079 19.137811957695966 -44.38393318262225
-68.27510076703881 20.50621101383419 -43.397315468183436
-65.9206749400523 21.251423735732914 -41.78243677081731
-68.2005189055848 21.990431939919212 -42.40099029138317
-70.42083250695198 21.255356148822358 -44.07698362512161
-70.48905348165368 22.64469785479082 -43.15369877293615
-72.75208623635366 23.27570901548956 -44.18397631940458
-72.4920011360326 21.914283938039755 -45.042523767643274
-70.33668791838065 20.018103601185583 -44.95626298658959
-72.11180071082413 20.70501739890785 -45.78757950628742
-65.61135578141985 29.448018106740157 -32.32402871304642
-65.92897640415755 30.289477645583514 -30.35817715885284
-67.75516923255384 29.954494379718152 -33.24170991901411
-68.02942403882875 30.802526615408365 -31.33173685900753
-66.29648630364031 30.96315378947385 -28.392907979034998
-66.66355986567902 31.49194591064345 -26.470386047430225
-68.33573880249385 31.478115629689064 -29.433942165582348
-68.61213757631384 31.998435801863195 -27.59038466635453
-70.10797458991613 31.344954997955014 -32.22129467080632
-70.34097387741367 32.02636670642953 -30.3451602109455
-70.52316530323235 32.53677757256021 -28.532418265727987
-69.89661198087323 30.48386003789165 -34.117045486593106
-72.3473803007491 33.43299420495019 -27.549409329497273
-70.5934468853778 32.88192249320548 -26.811026879639005
-68.81003317775915 32.38464325903441 -25.826897513966145
-70.63505928289301 33.11539707398193 -25.22225651421772
-69.01280429982441 32.68116509785045 -24.177074418479535
-72.22966162627593 33.583269719940866 -25.95788521779588
-66.99409459401755 31.910194077748628 -24.61735131773852
-67.34822502828489 32.25163757290588 -22.8643597737291
-69.3050711695268 32.923505734173965 -22.666754617974732
-67.79176112919944 32.543971452767074 -21.229829983314012
-68.3925209607671 32.80679457353962 -19.72611582526199
-69.7985827075714 33.14881595824669 -21.331466956044004
-72.1034256203625 33.64716523362818 -24.54032740711457
-70.7321588770769 33.28080310445008 -23.80161361556295
-71.0750957989239 33.44612864984022 -22.635450268068375
-72.00651034018543 33.66165256503178 -23.498058376671647
-72.85245058710984 33.91195404309665 -23.292468904152948
-71.86039366870637 33.68679623467533 -21.805834774368304
-70.60905423706957 33.395894942059975 -20.203652219923548
-72.98877276320395 34.000896363545614 -21.13145408704744
-71.68285502969738 33.678934914856065 -19.189870351062613
-74.08899564545126 34.28401207957597 -22.95736893815126
-69.22155317177481 33.05233000566628 -18.363548231559978
-70.25354111311975 33.30225797473292 -17.080509761878353
-72.9738257739107 34.002866480416365 -18.198087847875588
-71.46715175794766 33.565857729748174 -15.818003577525834
-72.83672801821169 33.83654183339104 -14.523997471437157
-74.44137912289183 34.35457480887365 -17.181649544033732
-75.58729820397193 34.743753104856594 -22.5335439439296
-74.37288874133621 34.3845515412774 -20.432465924911035
-75.95767003799784 34.816088328845204 -19.69119882498578
-77.29505403391653 35.2633151864543 -22.040926673196267
-73.73881559387635 21.143094346079984 -47.07441508379351
-74.47588939912355 22.516279488954055 -46.475005450052045
-75.33731574139061 21.49005813937282 -48.80138942427739
-76.44386508237076 23.125612977299717 -48.34549350069053
-74.97191338958987 23.96357502392327 -45.66315560050847
-75.18674768443083 25.44037906392251 -44.60047314592823
-77.2068798498019 24.737820720460014 -47.568488924547616
-77.58401304594196 26.31872409337288 -46.444796134686875
-78.54124131227988 23.772402991075424 -50.59023978247616
-79.62382162654798 25.586015830107737 -49.833972431897536
-80.21870230491899 27.3263464336752 -48.63160143709525
-82.42573370585102 26.445597960514252 -52.29240131378438
-83.33151525229059 28.386707815637802 -51.008613938060286
-80.9196621384726 24.40898587520921 -53.038576789422834
-77.06612409572567 21.879897907535867 -50.93406345346642
-79.00594589967722 22.26438144361138 -53.294474915554765
-75.08742997687685 26.904336144187955 -43.24423327021264
-74.80686065196474 28.336245023060897 -41.65464110414398
-77.53785738444309 27.86408163369506 -44.95337699364841
-77.2366655461012 29.356977381378417 -43.19125644053489
-74.47494253515069 29.69595472093956 -39.87181937439195
-76.8379386738451 30.75931609737665 -41.22271802430645
-79.89635467897311 30.58179051403184 -44.969714745078115
-79.4052881675253 32.03657470621432 -42.74833117188973
-82.40421404369907 33.46962537334752 -44.38820564960396
-83.04378534681474 31.944082841360853 -46.90409317032048
-80.23603056886091 28.999369982711567 -46.96389550275052
-83.44500186569425 30.23470166905202 -49.15645622850738
-74.08894877659381 34.068845929182935 -28.021709838608977
-73.82209368461073 34.11678559642731 -26.340181244441343
-75.87263638984771 34.790697983809906 -28.288395193919673
-75.47221478265163 34.72343048284536 -26.46564843549367
-73.45813453260358 34.06041651481339 -24.78380623214705
-74.8975283715365 34.540279787941124 -24.71170584379029
-77.24539892930667 35.404343315644056 -26.430561292493543
-76.53386205198473 35.103221510068614 -24.501835226164623
-78.35202936504336 35.72378023594418 -24.2040805655942
-79.16913894751544 36.13857840005995 -26.300704426504062
-77.7568231436378 35.59190801969241 -28.409317858607185
-79.79110051668601 36.45191640710745 -28.445954740283167
-28.3195314780508 2.0604610516771418 -13.479923585795298
-29.88199146841926 3.287204773278524 -14.99788302109616
-28.580726381456277 3.971623305055089 -11.504878337127531
-30.24989551666058 5.073163089675417 -12.982942006405858
-31.389051223737702 4.51100226652747 -16.449865531992568
-31.81960997118661 6.179274105067318 -14.385173873443678
-29.535558476059464 1.503399591934174 -16.996663863768823
-30.98306012301694 2.8355501388551154 -18.44807199749074
-28.087852059303287 0.15925808004042463 -15.486287010240687
-32.86497286693011 5.728940434190195 -17.80424922308737
-33.32020605480962 7.305624625162925 -15.68651188154142
-34.332029454089074 6.944622555631189 -19.04120696739796
-34.78176167533663 8.470747684444586 -16.869929035533918
-32.44291679106978 4.135053769759755 -19.806324328216842
-33.925723748350855 5.391016890171199 -21.051905907917245
-30.635878940790693 1.1372107390605404 -20.338117111241772
-32.074869372910584 2.4808853674443876 -21.672155830562765
-33.5658131654018 3.745717983442397 -22.904346470222983
-31.785082152344856 0.7169479298414764 -23.3738954011024
-33.26017240431776 1.938900641314253 -24.59381667069284
-30.38428969935421 -0.6073573156578138 -22.069890501627793
-27.91787927262104 -1.6918565511327075 -17.450526957152594
-29.250316632093604 -0.2646143107126203 -18.91970306409004
-29.067442973602052 -2.0127935619352355 -20.69826640206269
-27.843512275677806 -3.4659887873419764 -19.290258704572498
-39.14534934052315 12.345142280405572 -19.759688416573074
-38.80988833754877 10.72998789240049 -22.08998331459285
-38.54268253829532 9.053337419735882 -24.173111304041175
-37.300354456735725 9.421704532535914 -21.15553390340385
-36.979142858645 7.808417884943438 -23.20918039081703
-37.68185256124415 10.98672956288907 -18.875076643450402
-38.2960752344255 7.237714744405034 -26.061047940899698
-38.028816018464326 5.202426309900652 -27.79838786705514
-36.68496504752399 6.067395514624544 -25.076735292572053
-36.39137727054167 4.115120846666452 -26.79139790223716
-35.4389889712473 6.60168773015985 -22.177522895196923
-35.1053422576754 4.922574710994453 -24.032089238604676
-34.798570883384556 3.049902411188597 -25.728577473814447
-36.23162763022381 9.696467619945158 -17.92201565649971
-35.809255675586485 8.16776601698212 -20.148617204877297
-33.01953718732893 -0.10232518513576325 -26.111597428748475
-34.514764233505936 0.9006976155898285 -27.27592225801362
-36.078207547151514 1.8670235606502086 -28.37718538592789
-34.21028983369358 -1.457939380830421 -28.632094732228083
-35.72148973728814 -0.5950019550649499 -29.78887074336641
-32.78103351689231 -2.3303823188294057 -27.417911086995993
-37.705583676260105 2.8676619060086157 -29.420127422875133
-37.318525532371076 0.32688960954072854 -30.88072152979812
-35.28443539469068 -3.196018961034256 -31.003097641982137
-36.851605578812084 -2.3353100032614575 -32.155986725052415
-36.27135897994245 -5.046213758733842 -33.25542679058946
-34.70901789008753 -5.870051380566546 -32.03038555266772
-32.4645677887113 -4.700731297644001 -28.49357141480398
-33.825950244146306 -3.9639594738060913 -29.776552763298636
-33.27972816494782 -6.561524753147772 -30.71961367052762
-31.969553103923644 -7.173024579443842 -29.345142369925938
-28.81139271844579 -8.721118315655708 -25.209475572030705
-29.007783651579917 -7.059683970481343 -24.589584841983335
-28.200372804382233 -9.003473815910697 -24.197569474453434
-28.109231619903102 -8.04240932206562 -23.455965827787455
-29.019940317604625 -5.433395183696638 -23.579721437907555
-27.983164479902907 -6.686411047549802 -22.33278195196462
-30.027000920831618 -6.255256326542455 -25.860746542282193
-30.169674109665788 -4.310487357746332 -24.870340289295058
-29.701234922459818 -8.28341062977027 -26.537686037511303
-29.01289920598416 -3.7428894601783087 -22.270217943386733
-27.877787138243008 -5.145085976301162 -20.933723974719733
-30.256235791098895 -2.4253780575748687 -23.59689165556659
-31.428697483742283 -3.277314658427511 -26.158586222555048
-31.595787619767833 -1.2095899592090142 -24.88349175692204
-30.765279665535033 -7.757509840726353 -27.93451649153718
-31.18878178345722 -5.4660485158078895 -27.17645442206574
-41.692339484083014 17.460542116221323 -7.4344999525178
-40.90160617054016 16.649110959653957 -10.949720579361742
-40.19525683911705 15.44833527147365 -14.183823779975029
-39.40799276511451 15.248159432267691 -10.359130055767782
-38.74481496517579 14.040579547985578 -13.482796469770374
-40.12154304097687 16.09038046740655 -6.948706210885678
-39.60732093780253 13.96787389343925 -17.122186309617785
-38.16571619622136 12.57520733423416 -16.31899810635201
-37.29020752367332 12.707938984942551 -12.762542062547695
-36.72968189403485 11.256359601863814 -15.465480351964302
-35.27970415267416 10.027014785010385 -14.525589065803084
-35.80973505165955 11.481754762955482 -11.978951258979107
-38.52751460014717 14.797632061632335 -6.53955500463178
-37.89992194853394 13.922916316645617 -9.791996405367856
-36.35833559536132 12.713805556924079 -9.1955989994827
-36.899465676315344 13.623296818925148 -6.1467568853095385
-29.511186570296708 8.993016726594265 -5.775550965852742
-31.355691094732762 9.84521016813252 -6.825944744882163
-29.892494086916823 10.054193931394463 -3.6823753889133837
-31.729003886842293 10.869192599318906 -4.521524228951716
-33.10334804370977 10.717462416664695 -7.733478752021753
-33.50719775344026 11.70270494463128 -5.183103486713775
-30.985337081530062 8.469607383740673 -8.962580336755238
-32.682597396571715 9.400500675270901 -10.08219197617485
-29.16982060532213 7.556849936178629 -7.727871964315577
-34.76565839273092 11.658847584295073 -8.51630546148944
-35.228830646403914 12.605431249269119 -5.709749782299985
-34.28247344021699 10.391571672747965 -11.086559629998012
-32.25361306057091 7.850118894800504 -12.280370848435062
-33.79744223915879 8.901873960096625 -13.461143763830078
-28.862840485607407 5.845292252135626 -9.611197087227149
-30.61818332435145 6.841495924095862 -10.992222957983282
-45.013016582959125 16.08998760859268 8.555688148361607
-44.163481766904646 17.109665925368876 4.386430391396799
-43.33629297476047 17.67471862435531 0.2976851604739431
-42.167124048897946 15.88386603377269 4.6278635526555165
-41.512082066054255 16.42078515590967 0.6203921749654437
-42.81942110662196 14.818658166010808 8.691053419337562
-42.51301618590897 17.792994037956028 -3.6629178915862433
-40.83126992175622 16.48057352167829 -3.263448901978378
-39.66289037083074 15.257810757834946 0.7344969757008664
-39.12384265030511 15.249451359983443 -3.0016034052779808
-37.39280809109824 14.129570574765054 -2.813855227004937
-37.80965935851173 14.200983579176743 0.7059389819364168
-40.594815562403085 13.709438014786178 8.44323838220513
-40.145861214281126 14.772144714328823 4.579043849569553
-38.145086721435604 13.77855054021063 4.30975679642564
-38.41454685950184 12.769208898529058 7.893220926137712
-31.293538583223437 10.829289211639027 3.1225173422538814
-32.75777507404496 11.499595302667547 3.0904419735350523
-31.734358350614144 10.6122429708066 4.761103051737033
-32.85466180511921 10.965789531152046 5.396085388041705
-34.39554948258157 12.165047325675975 3.4474777629930644
-34.467222976442855 11.432382641475337 6.254100557083013
-32.447778152836264 11.650977974582945 0.5894207808490849
-34.18149019415447 12.428457825979308 0.5280839918111744
-30.781687644508317 10.88205476204808 0.9339284597839996
-36.21003365173341 12.917677039623875 3.8930497985914365
-36.34679301659995 12.024100880347744 7.124977272068067
-35.975876551334146 13.267785820092913 0.6018257553337876
-33.87812248987695 12.270651915993534 -2.390290937795356
-35.64370246255951 13.148986602878855 -2.635916033952745
-30.315038169440083 10.651618191827229 -1.3909164487040768
-32.099854397861755 11.453393593460552 -1.9998567499897097
-21.598592431113527 -2.628387158778923 -7.61550814336916
-23.28512831805008 -1.5172395777797059 -8.966344965595749
-21.08370266600693 -0.37948458576005106 -5.708623670800701
-22.99085521197596 0.6716319656629437 -7.033310835775023
-24.990325875715325 -0.3599105459986016 -10.42176303849219
-24.907244746933344 1.7554443543508684 -8.480194766620222
-23.72354139797997 -3.7060612127957224 -11.021964474667975
-25.16800494099925 -2.4635251586357265 -12.464190894713221
-22.310848571915706 -4.897625051250803 -9.659219851449965
-26.680003028621257 0.8378748677554886 -11.941708862145633
-26.78659017254417 2.86046685497132 -9.990569872698698
-26.62824056499542 -1.1705671499339592 -13.963295597455618
-25.40969039143901 -4.484340082776498 -14.520210127357517
-26.639150244915978 -3.1064265244028775 -15.972847652530952
-26.722637502637394 -4.929349631214534 -17.88258138782686
-25.688166365252176 -6.374312115016701 -16.503142671297315
-23.088146704566363 -7.100353974848784 -11.766330828723822
-24.227273212973166 -5.814609248449663 -13.114738368897529
-24.723124712876224 -7.787909633269212 -15.164964614059809
-23.808031344927954 -9.171614678751471 -13.86838299961806
-45.888848818730715 14.616800880273452 12.769850727131347
-43.47988604267064 13.169992626679015 12.747947717571614
-46.778006420712934 12.807905265070486 17.029612201617915
-44.14761484150537 11.058233592574892 16.793609929359334
-41.02545813164737 11.970480782770645 12.241474740296201
-38.63211879386265 11.056774241632686 11.354998551330217
-41.45585061190407 9.672371217848399 15.973428388507472
-38.83834410991466 8.755040461108894 14.709661298820967
-44.823276021429734 8.63845847017158 20.817784176392845
-41.88495015624462 6.981674656724344 19.6554238145009
-39.03528375462568 6.021153993805328 18.001185345680934
-42.32098138577126 4.122207348841246 23.31355467952487
-39.198626478344146 3.0844000157318052 21.288660583498817
-45.54496894194516 6.083837875896116 24.803980337019823
-47.679289553684484 10.782867783882056 21.306712294589992
-48.63656108252261 8.638113845949658 25.539942568749556
-36.387280736434505 10.48983248034492 10.18998090154135
-34.34242311248081 10.164446068020773 8.840989057954507
-36.3911905109026 8.423425956064662 13.118954290655175
-34.12134481582354 8.462642628169029 11.27718127043708
-32.560813700308195 10.000346527493136 7.405973761507
-31.09401813373456 9.97258973912113 5.776340583440756
-32.063641505072816 8.692425105132077 9.275698995072625
-30.27446331031144 8.973900114944636 7.158720585380543
-33.87873263872268 6.4417392669326 13.649568795903145
-31.545702489295422 7.144088911458136 11.164157310223922
-29.4446582668258 7.805162046053262 8.654607265663598
-31.037104237667318 5.466444541979442 13.068261334506184
-28.64041899334841 6.55219090178991 10.196378532874308
-33.61845498462944 4.242355025944677 16.019271777599958
-36.378048642783256 5.9596933583127205 15.971586728095446
-36.32390219320004 3.286920237247193 18.825179508195227
-30.006087422590532 10.051495801435893 3.8372950716372998
-29.194438447855564 10.063765423507043 1.7031694977567828
-28.8212402770073 9.16772087578662 4.967589147453086
-27.673871832484874 9.194577503632221 2.759277446079576
-28.53504594932816 9.816324761133151 -0.49610487172126305
-28.002494862564927 9.20272985068202 -2.6299626951219732
-26.778208705069225 8.943699613294642 0.6027027936638831
-26.09056725132533 8.310345210964565 -1.4288897706496968
-26.2076319703023 8.282679332336532 3.9611074981221677
-25.064240911125847 8.04107990065814 1.8147603597469968
-24.191600411514855 7.384384912126629 -0.1587917103476313
-23.403670828816786 7.129867725162509 3.0474254911371137
-22.33190133852676 6.4493997815047335 1.0952171748918196
-24.799885424265494 7.355033665765334 5.209663757406089
-27.661335751662122 8.186549697567184 6.249333678003648
-26.54579231443365 7.161146776560627 7.58766894738733
-27.56639710743648 8.106985016145927 -4.572499938701032
-27.223196713487273 6.616168716369106 -6.389311980074572
-25.56276853804934 7.183788853864608 -3.2694398965087244
-25.19215187414731 5.648480470932987 -4.992560355088724
-26.966467712006065 4.829192953154745 -8.164835587268445
-24.975213999033716 3.8012676207974376 -6.69554524297879
-23.129380097279643 4.662913354485712 -3.6097579880823147
-22.942790699154337 2.7735493940089224 -5.271695943287382
-20.918732442733365 1.7631689193858322 -3.9654951342754137
-21.081311321736017 3.6815996807012636 -2.319681939050886
-23.546535933383414 6.2310334517837935 -1.9406009507566848
-21.556116942609496 5.27355726856188 -0.6675072576685883
-26.864723591386223 -6.611809819498615 -19.621221550745002
-27.063915742079914 -8.108362265971683 -21.178850357372678
-25.951443549889003 -8.102902818652366 -18.351457722703557
-26.231371189632178 -9.632825391747426 -20.094751553582192
-27.306835138410253 -9.367026038276306 -22.558994607227703
-27.676710965902544 -10.225612591351007 -23.906426198887463
-26.54779720982778 -10.918534158830468 -21.773505405351692
-26.945819737842083 -11.880029779600285 -23.461617236195693
-25.454927387589937 -11.20451503545697 -19.043910256919343
-25.78327397897932 -12.584059548989147 -20.964331891805955
-26.13772341748041 -13.685149960607387 -22.937395636219467
-25.028046620646982 -14.28999802048031 -20.15992443554573
-25.304227790179155 -15.542686893316523 -22.39909910715859
-24.717792646672034 -12.78823691279699 -18.021848301941503
-25.114447302746388 -9.593766437522664 -17.127922965010555
-24.32782019618246 -11.073920905570885 -15.941308387091645
-28.267870669623342 -10.51325843725695 -25.356525982051195
-29.0622623565723 -10.41761139823709 -26.880295109614014
-27.480902231204865 -12.42701983855721 -25.224555407553176
-28.176787446399608 -12.633238354201323 -27.023784764042862
-30.038407113705905 -10.134724262818613 -28.444413200191303
-31.18157793808595 -9.710727873020312 -29.99882814528712
-29.056410806724113 -12.57683729381886 -28.818351201264935
-30.139477799672523 -12.307605849147654 -30.561589915475903
-27.130618872376118 -14.89350211381778 -27.09515892166847
-27.892333675891482 -15.043953111603862 -29.160059424650115
-28.909011587712655 -14.93365325527512 -31.133027320528292
-26.65337741061042 -17.48675118235664 -29.545977149300178
-27.59837197633174 -17.54042732628971 -31.780723842703154
-26.019599726689982 -17.142171247991268 -27.178633460336194
-26.566956719421395 -14.44800687424295 -25.000467137562353
-25.603797247916994 -16.493826478874016 -24.76701314076157
-32.47366551603993 -9.20091662717061 -31.495639621685072
-33.9210688603459 -8.559391489083033 -32.90745250941962
-31.436812536484886 -11.890782144077816 -32.20794030201469
-32.94167023521184 -11.286386911764586 -33.73306664775925
-35.5310902215904 -7.744171720956761 -34.213698592556014
-34.64624507714974 -10.462289310734194 -35.12222750580677
-31.80959801382103 -14.053397856185438 -34.59987341059818
-33.64272976401433 -13.220024381866203 -36.0669835039261
-32.57062810457087 -16.013846218185726 -37.112408773213765
-30.599560973901458 -16.836709078178536 -35.5715825466671
-30.222506396034955 -14.615919608424779 -32.95312692132587
-28.927024190104753 -17.336576658362233 -33.794898536410734
-21.6777742803479 12.180964463320537 11.478941740871955
-22.21868586829901 12.293362673822989 15.105560305957606
-24.057016422068 10.584888992753358 12.780533287463362
-24.555981374881362 10.61540183895193 16.280618255963574
-26.36413469996536 9.235121864399659 14.500123261281223
-26.839956656557234 9.113041539275578 17.867755116214408
-23.617265107784466 9.88251623050019 9.473766778783324
-25.80270610857628 8.85754938973644 11.316858623858034
-21.31479480988566 11.276630935214538 8.051870958270051
-28.60882245864768 8.04743628429146 16.51541620908671
-29.058831107720437 7.764187956611188 19.71608532514125
-30.80259370742227 6.942225661117864 18.68752552858442
-31.219130829645586 6.570518821058078 21.65388220414978
-27.99413344766863 7.94441033443082 13.451550649025998
-30.205317397986043 7.010011736547088 15.792398030237742
-25.25848712315847 8.150100759797143 8.239209924685785
-27.27571416496241 7.590787321314474 10.490531507183864
-29.461726302123992 6.8406471988990125 12.966421501427707
-21.32342020783912 9.633420139853326 4.696207468808525
-23.405597472145423 8.610761486797136 6.2403813062834255
-18.215918492400824 10.508885586048885 0.6216980843861544
-18.568507774528424 11.839362299256754 3.838771649013807
-18.730756363939033 13.267131538310828 7.216429149721197
-15.508321029593219 14.574761365398134 3.3768809657938825
-15.99876947938683 15.62012727140361 6.758597809261497
-15.02212174532341 13.440328557450671 0.2138712320112891
-19.19373573898948 14.091312348846046 10.729644592547178
-19.836585052385924 14.171859897500495 14.480106609753888
-16.66583965052221 16.248338125189473 10.359658831839694
-17.471443119380563 16.21593164332815 14.242174642550177
-13.288132677251626 18.118464475437026 6.424435511853407
-14.161787851445554 18.578783859582032 10.177437299837711
-15.177134513536842 18.3713262598961 14.221131036575159
-11.766460012095008 21.001459084125315 9.97344375616129
-13.020105389875384 20.57558163174359 14.238961586877506
-10.678089003722873 20.71479850563879 5.983624611863769
-12.042712380312432 16.11723454325122 -0.3217136650747272
-12.592191512076436 17.2381465432032 2.9262999601881865
-9.832108384341034 19.90976731766605 2.2570189286880376
-9.24360698191317 18.72199349005502 -1.185851468586999
-31.444943339078925 5.85620053673601 24.675188818761544
-29.32515690959027 7.022273042344683 23.06712505260644
-27.167634201755966 8.378396020250811 21.493169825782203
-29.47821560562222 5.99112180195336 26.486397027462075
-27.392850828604693 7.233401135685607 25.30805604498727
-31.553185597133567 4.913581097553973 27.682670639790622
-24.96933334303688 9.893825553901005 20.123653324453738
-22.745056692758116 11.54920968792229 19.12495894633997
-25.30203590075068 8.61865884117932 24.276551715886136
-23.22174824188007 10.125914054036526 23.540682265082758
-27.56533311698799 5.854420972168904 29.12479642223671
-25.591499731272506 7.0372842580481105 28.54085789760157
-23.666414377230392 8.311042705405828 28.180802628153863
-25.799310917633466 5.258293401100714 32.58151314282574
-24.006372081538803 6.2898068039361 32.61880419018543
-27.672088547741584 4.286193875892459 32.72238514204355
-31.58845105887404 3.78897515721793 30.594429600749837
-29.569367125520323 4.768129472595576 29.834355635634296
-29.601482867019467 3.3658821642301118 32.99468177156625
-31.561745160377722 2.4957187376776555 33.365179442305546
-22.314967095485652 7.388751955779617 32.88804624855427
-21.812438170486946 9.66619731107259 28.150460277358025
-21.175368603310375 11.730447615962646 23.242934658228606
-20.06229683009102 11.099993750977646 28.363553840883878
-19.207792647086038 13.420501649298625 23.27146221773817
-20.749632155661 8.560764610371153 33.31992375524753
-20.516778484076923 13.332223143830841 18.642409880087303
-18.340849532373277 15.224854301386104 18.534049365752516
-17.354443225724165 15.174050762905784 23.502365418068102
-16.261627901144514 17.190874022640052 18.650664779815617
-14.331801071435843 19.186428575201187 18.8403200833852
-15.65629229137254 16.96366034148295 23.810460541156363
-19.33443097881656 9.809045289414607 33.8427107577264
-18.443057431803975 12.604089759262717 28.72339102968294
-16.986013840261865 14.166350318386092 29.133259725056558
-18.098452903440467 11.134275530861657 34.38695727736614
-71.54113564138024 39.46698589892404 -30.10714779021493
-69.53167378142281 39.863123965496946 -30.51875338150082
-71.97540308151103 39.56724717197991 -32.66756683401638
-69.8684160120787 39.94768715061602 -33.003493897641086
-67.43425081562316 40.144479412802006 -30.856405029634942
-67.63225520009448 40.21221442138366 -33.222464485389224
-69.10618721717074 39.67808219740005 -28.1275596352963
-67.15848805388521 39.986364446114976 -28.5947267160596
-71.01528632160138 39.257294670440615 -27.642424671100816
-65.23621776386734 40.380565590035225 -31.02478043835371
-65.25991911350665 40.433009997040486 -33.26426758757818
-62.944195660339005 40.63245507343389 -30.923785148585132
-62.767059252072535 40.675607866741494 -33.06410305800869
-65.16796141602414 40.24653639950042 -28.91683002008039
-63.127269998518834 40.50958964853447 -28.932215919091153
-66.740065017546 39.80129367790256 -26.461693816312348
-65.00809912601143 40.0905051501771 -26.982581901052086
-63.297476565659906 40.35515550889415 -27.14081772241321
-64.55019549361626 39.983270100202354 -25.25344950308859
-63.417514587621504 40.224055745662326 -25.82724259745518
-66.07789333900965 39.64413636410349 -24.470369745118695
-70.34643964899884 38.99755937420519 -25.277398911350744
-68.53023812510304 39.455354625451015 -25.8447347956775
-67.74409582947288 39.24053182146134 -23.673456650318872
-69.48491007492746 38.728494313925864 -23.003991999505732
-59.043344862203504 40.766275734053536 -22.50350391882341
-60.56508006519335 40.17098634831879 -20.651988360069566
-56.96691244250428 40.99997126231201 -20.83155472219717
-58.64387494543235 40.282181705358155 -18.840600086097076
-62.19519327105279 39.485119192424314 -18.97812890848767
-60.39905034385692 39.451860524359134 -17.01918409041381
-62.222757214032804 40.06383762090302 -22.28491016349785
-63.760412911758095 39.51615601809666 -20.82827388610851
-60.85486690924302 40.53715777719788 -23.928398191835523
-63.874698347172995 38.73807365682196 -17.556364582278096
-62.171432242734426 38.55863501781586 -15.447769805761526
-65.57149191984436 37.92811350731366 -16.44713515981465
-63.93017377371025 37.61865449116954 -14.191293502161123
-65.38822205682636 38.9065746573346 -19.58914225496747
-67.06450216141344 38.21604974188073 -18.635217302478146
-65.06914879113833 39.560627795335165 -22.625962415588376
-66.68687292890596 39.067800329992906 -21.608099275544742
-68.3794429361261 38.477690189235126 -20.805022544342403
-62.37319218102119 40.34773934230864 -25.07459988047597
-63.586285894606064 39.98887509896634 -23.753652162056195
-61.57981535757731 40.62391185326996 -26.66786938269511
-61.04239168630169 40.822933394446444 -28.47800268520957
-59.75550615765416 40.90842994662829 -25.71614038159695
-58.87026816923284 41.17054616090579 -27.628702178721102
-60.58223283375781 40.95700568789038 -30.452027822972376
-60.19032107011718 41.00009245653351 -32.5556012901844
-58.13472259350277 41.32604684822878 -29.648941917667496
-57.523015063713196 41.3730884708372 -31.76589568880513
-56.563230852317794 41.538053363615475 -26.46029672130508
-55.586684125217204 41.711976240626 -28.55476570368777
-54.76050073220342 41.76105374453029 -30.723734596189512
-52.922407852134015 42.08744400448653 -27.208482212718142
-51.89823949365869 42.13363867491133 -29.45802615333465
-54.10343702238013 41.898117839593034 -25.019934574837865
-57.71100544364722 41.224568820330695 -24.441744422936182
-55.45089741404545 41.53982205814065 -22.893063627424613
-20.243184489778862 30.279063001976013 29.29151403191711
-17.390235089789083 29.993075775720733 27.107484661134716
-20.826617052111573 32.896782116052464 25.559603815256768
-17.761321867773425 32.69387109806148 23.064273405795586
-14.799719895387002 29.345849253295377 24.710653867497523
-14.858006168488291 32.12480473531031 20.250609434295768
-17.66130440289638 26.856679546228133 31.195884007095486
-15.457658236415913 26.13063872786085 29.28946241220249
-20.222138999265848 27.245818412875824 33.01608781010983
-12.509953827712462 28.409128349102122 22.14511872745058
-12.069607031214602 31.289143430844263 17.079328478698528
-10.977872393979872 27.05996451721919 20.097003523317657
-9.159133490918485 30.17629079316995 13.161497768693915
-13.7190916036455 25.118744094040586 27.4143162024543
-12.660898678144553 23.82325550516249 25.86066722415604
-16.57560911101203 22.626502519343195 33.86615681036578
-15.2214940733173 21.5801385085283 32.5208274430172
-14.442848693644248 20.32438472629112 31.367689110545655
-16.68044487934369 17.899024594473378 37.46465724468175
-16.073138140754324 16.69412275197918 36.64855519478176
-17.754381272591548 18.940377686066697 38.37651055652169
-20.611069814397705 23.924508546376188 36.703436264639464
-18.40436207125296 23.42194834104886 35.29245278453535
-19.240798832928405 19.78026398356231 39.346499256182774
-21.089022813036824 20.38029575246052 40.344766804866104
-18.842262051159818 34.81203351516167 19.11639529423058
-22.02822318669721 34.93191884797941 21.861933120111022
-20.429914462466837 36.50951828468099 15.334790665915447
-23.66337531713489 36.521349794192496 18.268496790436053
-15.796352544965998 34.341481055843396 16.04899814719964
-17.36334557288657 36.16623078268759 12.126208375410922
-22.360762496334917 37.92701644595116 11.778235740610935
-25.588604436569756 37.797001433405384 14.837254742177583
-24.510301598162666 39.161427194205416 8.474916642323477
-27.695098647712076 38.86877653882426 11.602493851454081
-19.32991928826165 37.72865662325953 8.494671813704416
-21.545347488024465 39.11986935556024 5.164314134821207
-14.413140134992991 35.6450437414404 8.59503258123085
-16.453949627272294 37.35021422640683 4.951419495258357
-18.76218811598836 38.87333279013037 1.6486920945619534
-13.70510200479718 36.9326621059248 1.1062383316674609
-16.126343709947975 38.54039503241416 -2.101501666974455
-11.575333831071159 35.1401555116438 4.636806881980837
-12.82299815345692 33.65300203885164 12.601998190590201
-9.961037276689083 33.047899940441276 8.509257418931835
-16.07046921368048 -8.799796713936487 -39.86101865194291
-17.99341744911572 -8.392477216278046 -41.27389386892813
-14.506990700942383 -5.339530530477274 -42.856336293456756
-12.68335231731092 -5.96298567221185 -41.35878653240708
-20.205958415718765 -7.676012180924121 -42.68218936811719
-16.692826448857325 -4.451995636646219 -44.30500594619921
-21.491513747176324 -11.381493535815817 -39.185131609649325
-23.632662003078753 -10.768848908305781 -40.61365989905874
-19.530923845460297 -11.613083146610778 -37.83620368276119
-22.65489330142964 -6.641970104581862 -43.97163597062798
-19.17112159010333 -3.289187324096952 -45.59877444363076
-25.282137242019466 -5.3105216657559104 -45.07368871659649
-21.862113118077755 -1.866806017846061 -46.68205361569043
-25.98285953864142 -9.818293538616029 -41.941938570199795
-28.504496711299833 -8.54990371573027 -43.10268296599949
-27.070699326522938 -13.805956612483767 -38.20312176010082
-29.25664491597034 -12.91457528147152 -39.621967450112884
-31.64148671627016 -11.696070596631092 -40.860653273604285
-23.15317135327109 -14.432501529249327 -35.28285697919078
-25.116535801987165 -14.368347017741115 -36.635846638110664
-10.85499806097197 -8.437250052694694 -35.3584533293245
-11.93248448249348 -8.697078825074113 -36.352173781404645
-9.260391290739229 -6.726588248550745 -37.33981021796866
-8.489252127497041 -6.784303666370592 -36.147848831242605
-13.112367233468905 -8.884834705927549 -37.41619685200396
-10.15416424911184 -6.602957813542962 -38.598389796301205
-14.631594607511701 -10.521732995294203 -35.05212264449686
-16.060241336865097 -11.03678590808061 -35.86543184011293
-13.326229143245037 -9.949772115727292 -34.29508784823515
-14.466824710419713 -8.941099495988901 -38.57835517470835
-11.263133100660944 -6.366109469553824 -39.936134985970604
-17.705660961315623 -11.449906859003363 -36.761461086950426
-18.816107461419122 -12.956744737690823 -33.998500269354125
-20.932225012999414 -13.849276713351289 -34.50393918602679
-23.44011688005412 -15.61451690105338 -32.057334643944024
-21.045273499460393 -14.398752931336167 -31.938740712850958
-15.694939060712219 -11.287030079086682 -32.99877773917969
-17.13948894527179 -12.112780225635804 -33.492945366966204
-19.25013582705277 -13.351810819470572 -31.739748633175168
-17.76437549985002 -12.381481628770494 -31.51085287437975
-11.095374222941057 22.767230122485277 14.116549660584912
-12.630863253517704 21.17137461899605 18.95354783449107
-14.175576108116259 18.763478717780533 24.0754322660361
-11.354797226224893 23.174005565580917 19.06783190142658
-13.07182495020904 20.539680698341478 24.413404644068656
-9.627128196960975 25.009419161196675 13.882325065388189
-15.737460198446023 15.773296271184496 29.502283212378885
-17.08042230057245 12.534753845353114 34.88772121733915
-14.815262592718343 17.370916943634043 29.935992310461405
-16.35113513161575 13.962201196175181 35.398996702093655
-12.503733057542567 22.261008836807044 24.932939750867703
-14.343881017404726 18.905159991864124 30.529899208675015
-15.988778689086597 15.36563338591896 35.971461468735406
-8.83070933951889 27.363503873100566 13.566952538355906
-10.692048279598366 25.22240507890355 19.26030969351914
-1.8271762800481723 30.30123781605869 -5.124269725927632
-2.8764119131129693 27.91638546988168 -2.6526667088511764
-1.527381683767349 26.538322482641778 -7.150937252731984
0.8284201630076804 29.05123318638394 -11.25951620201129
-4.860222860473446 25.325077989254982 -0.4398900447005687
-3.9584581216401116 24.021234841912282 -4.4842443287456515
-4.781849722621124 28.421411044427693 2.5141673743363917
-6.225814118672769 25.92695570488548 4.06401096870802
-4.202349241649105 30.73128685288451 0.5187758224079237
-7.220008945785766 22.631626253923926 1.1645548291951269
-6.546172493276426 21.387401220130197 -2.537371331054601
-8.257166052988445 23.337887269973738 5.20865850405832
-7.864346414886684 25.864624488498215 8.861727230196344
-9.5893218526042 23.426412781452335 9.535695915100089
-6.575275399819778 30.69258341798944 6.329320342140823
-6.816026210785617 28.325395899601254 7.95200391863748
-6.9938382913878225 12.90209270650141 -14.594053205060867
-6.527827800463575 15.30632518467224 -11.639866491697523
-8.664450142531718 13.76960188548807 -10.116941116898428
-8.765924738323179 11.866058293802446 -13.127013376335716
-6.288207891778864 17.60030242923442 -8.807105235088011
-8.714114339318007 15.589592608137508 -7.258470293277343
-4.392388042413534 16.633958447180728 -13.561962932741311
-3.8891848245887743 19.42574643289318 -10.832037423939617
-5.181070764838737 13.738224117271812 -16.367108505479617
-6.277891934682445 19.67143993787224 -5.83482986828825
-8.899929255677216 17.263526235909865 -4.335168244667854
-3.701151382027346 21.974742752835322 -7.894736683327272
-1.546282950085315 20.87108447388751 -13.312681688743638
-1.1888240074799765 24.026083166545877 -10.578832795133405
1.180585691513435 25.267196917161638 -14.040725449499318
0.6677649084478652 21.655631507162045 -16.273820999018568
-3.3907319550633908 14.261966813715201 -18.35884588953902
-2.3060148839478645 17.58300416396512 -15.819454508382737
-0.3335137991217172 18.003465955628318 -18.36535492243811
-1.6825680577537452 14.380697466941706 -20.48545748184924
3.3436082054131884 25.13895652013353 -18.46074737042949
3.3468975417736555 28.31605211402485 -17.97389147966514
5.030436826451455 23.984356171931115 -23.237780070078063
5.128628927593071 26.95603986761721 -23.572226951574436
2.664949604969309 21.506262322908658 -19.770027022937555
4.225970941680539 20.554958630085203 -23.528433345919836
6.075762513440921 22.17562178324251 -27.677096970407124
6.246781655214245 24.985579152581987 -28.587799785465883
6.346732574661696 19.713596402354717 -31.60905725776967
6.565955408233783 22.369118722622783 -32.90463942922063
5.198666325510451 18.940296069052582 -27.21851794544395
5.44593940980539 16.69998976085769 -30.61893719743751
2.8683683092588153 16.897865347168395 -24.12061264399114
3.7731240881930166 15.469611284675047 -27.065120891227735
4.027840784028225 13.508824144480203 -29.843392834189068
2.01766739773098 11.982831941695236 -27.099181473971587
2.3056194574367277 10.345798060648447 -29.2248515584149
1.1648118220161234 13.210729011948835 -24.898692236219617
1.4507552739636398 17.757871940493157 -21.172795948917525
-0.11517879012704091 14.018145824761358 -22.67922957607786
-11.06955666745516 36.62808797045092 -3.089820872980431
-13.604013951043491 38.24232423046925 -6.122620769631091
-8.521906781211905 36.311756265551146 -7.640301493822241
-11.15577445243849 37.87701928339168 -10.464949638871492
-8.883563033181941 34.86924355745105 0.14073759428490562
-6.306072849305823 34.63629162948928 -4.760863920020367
-6.034238431366328 35.875672265307045 -12.546722655705272
-8.743817206325652 37.363102801162896 -15.171376628906822
-3.6005667346082433 35.2067755459481 -17.806816155647684
-6.3504326974839875 36.61829793057764 -20.264679233312407
-3.789502357097831 34.25152124748682 -9.93632058855626
-1.343275115020535 33.619556160449726 -15.38521495014874
-4.772670970201216 32.787016361229384 -1.9684161938504126
-2.2483234665818927 32.400837386541795 -7.5030058449655215
0.2270009136123603 31.723034891461495 -13.167796486087578
-7.301946863251793 32.876316720400986 3.509551829845222
5.965787181995451 24.52918286944221 -34.61292854135771
5.579716617498051 27.21560828949563 -30.103776077091158
4.386539183069452 29.271786489447535 -24.865046191873112
4.150227493473196 28.988495086295796 -32.00158903344743
2.8785855625077734 31.087410942976845 -26.76844426831843
4.614607481766507 26.293247798067785 -36.546116022495006
2.547706715429727 30.736269555474102 -19.073853160767808
0.9869750509247628 32.611129620927635 -21.109309501876826
0.7009904709364148 32.568048838042564 -28.922775890248523
-1.2450774616950635 34.14938871900287 -23.393037900671928
-3.992331839489643 35.506370469442786 -25.72242794915409
-2.0144787059293874 33.8754720014104 -31.101045336165118
2.594197356993039 27.777409525483275 -38.52572045010604
2.04666873279083 30.442533424379693 -34.05768627316077
-0.616590967318455 31.731713603852555 -36.072731672769805
0.0029152526670659373 29.11193679738034 -40.401962178035085
-72.96748665286637 38.725221192001946 -40.72098229274582
-70.61263884575573 39.13003362997914 -40.812753484430836
-70.66690660286335 38.52802801447853 -43.50383885950154
-73.12559087879376 38.07670736323773 -43.45782981874025
-68.01917403824507 39.4231431956476 -40.73424524194488
-67.94934553708798 38.85462295237479 -43.37415042613137
-70.44103296170503 39.57976742173047 -38.16314739517063
-67.9636096143827 39.84943475390776 -38.16440243484297
-72.71097882787865 39.20053789766569 -38.0002821934603
-65.20428082394747 39.68017415937273 -40.49040657312951
-64.9985941676159 39.13356571650653 -43.08687549366432
-62.22485286891305 39.96863425038109 -40.078446962563355
-61.886199481432165 39.433341588329505 -42.65131274697114
-65.28685634091676 40.08426807942831 -37.99288785520557
-62.45311407264408 40.35224377889817 -37.63107628205039
-67.82171716346859 40.11376622477542 -35.65952592377575
-65.29113216695018 40.33512747196203 -35.58549919592504
-62.618499026982484 40.58511247892369 -35.29627896629316
-72.37362360874948 39.48077325037775 -35.30740436848781
-70.18273567620264 39.8537355365919 -35.556063017684735
-75.32694393029635 37.419155353752735 -43.208165102266314
-75.09012143902847 38.12897263127714 -40.44618854307187
-77.4038191770788 36.6079919111376 -42.80190932592711
-77.1021671948325 37.388742900851305 -40.02823054688802
-74.78559561143469 38.632608942944245 -37.680704719493455
-76.77411100477842 37.92224886031445 -37.236655737624446
-79.50066247901988 35.697643519116134 -42.28435325655709
-79.13398725844901 36.555101886872386 -39.50523959280409
-78.79534481817626 37.11951304983414 -36.69816153762696
-76.39859279894763 38.20868519646966 -34.477796628109026
-78.43714642107064 37.40770499117423 -33.937570066470116
-78.02332965133908 37.460969314247194 -31.31131711864497
-75.96220564244796 38.274133430668556 -31.81671479792478
-74.41391799914355 38.91700264236946 -34.940675668753514
-73.97964003692519 38.99404482314942 -32.269609956902706
-4.726265760387134 12.337018901301825 -47.17273749081959
-8.061308059219874 8.181223634754861 -47.543759070377114
-7.218348301980172 14.095803713240183 -48.61177401384084
-10.624120090311742 9.933537639796002 -48.88214120405813
-11.693999143644417 4.156449319451717 -47.378886648439114
-14.335753066623253 5.8273108120421915 -48.60602773835589
-5.896916694640344 6.50026900375559 -46.04505873052859
-9.387788588880195 2.626450378594643 -45.966127485739115
-2.6895464340660413 10.584188273218164 -45.58911752886145
-15.459223791045654 0.31921428066025737 -46.724920715359644
-18.151757614500962 1.8669575211160438 -47.85540300571062
-13.036663336503683 -1.0221982715886506 -45.38670913671725
-7.507285319472205 1.2720555819834236 -44.41103096871059
-10.973426274099277 -2.134755433108852 -43.890028622911025
-9.343217304930755 -3.0173192685325883 -42.32774209137093
-6.1241458633434105 0.11196923408986414 -42.78925723623585
-1.1916598043789648 8.855760985458781 -43.89336207313416
-4.217987399931673 4.927936181861256 -44.42235572748905
-3.093516929360181 3.493874838810868 -42.736527621626465
-0.2996118310679672 7.17522366083297 -42.14188346512642
-6.854421726346908 -4.639293082496595 -37.93243157504534
-6.452114196375206 -4.983138199180035 -36.59224652308089
-4.682779096101621 -2.4011903713158884 -38.107235691170416
-4.681846306209011 -3.030045380329721 -36.66284249714394
-7.396233927882053 -4.2256854567310365 -39.33637207672363
-4.838972367754269 -1.6921854114720407 -39.61812332533892
-2.7090600043125557 0.009959271477829601 -37.84093243981957
-3.1131572117547934 -0.9314904724865246 -36.33762372330903
-0.8858114676861177 2.6086823954184437 -37.11948304645006
-1.6706753580208922 1.300281479663579 -35.60523116189072
-2.4771598731257685 1.0465900662340588 -39.42201578298922
-0.2929753662733603 4.028430944951932 -38.73021163334888
-5.27655597869533 -0.8662673286990027 -41.18427036376699
-2.5584092369494735 2.2026032809193183 -41.06202809531933
-0.04739255574978407 5.557165332026237 -40.41394343839748
-8.187825777165491 -3.7001044744216927 -40.803627514549774
-73.16639974604762 37.30685213431093 -46.224678301907815
-75.4961211330623 36.5497312300604 -45.96585588468131
-77.70211625409888 35.61635064869161 -45.53769068937255
-75.54593140136612 35.51207609207279 -48.61197862865046
-77.90901128337927 34.43485597044323 -48.13826924378402
-73.06812388557073 36.38751808088445 -48.90460998324474
-79.9484248859574 34.56923647030205 -44.99418457481012
-80.34290284475041 33.22468984651201 -47.54840564317719
-77.91299162788081 33.06717572410527 -50.50280684663488
-80.51940604407922 31.700588527556206 -49.852632071393344
-80.28429904631547 30.0032739713342 -51.774910862655986
-77.58156519759285 31.486214236667905 -52.499343241234016
-72.79451037333735 35.273324649444 -51.37976680167102
-75.40604466500824 34.28069623688114 -51.03764402827426
-74.99069427526894 32.8005935528582 -53.10637259537458
-72.3008944360527 33.89096380397488 -53.50712001614964
-61.386829503601 38.76084237290239 -45.37295567588347
-64.62185963298522 38.474906295087564 -45.80482294050284
-67.71079511621569 38.186435893815066 -46.10699951432689
-64.12175419822204 37.68612181554546 -48.49376872976489
-67.32999794076272 37.390378871037505 -48.7942185041012
-60.794241421724024 37.94471584164526 -48.08218290305881
-70.57068494747094 37.82415514945028 -46.257516331657314
-70.32712603041972 36.9850711604403 -48.94655695137051
-66.82728549655445 36.42365529569032 -51.30167295345816
-69.9303212473957 35.96121509362757 -51.44497562795772
-69.37119132910529 34.67560661657809 -53.60406836563699
-66.22447846820442 35.2181504356177 -53.47693522916627
-60.16966571708364 36.97020177715193 -50.62850484335401
-63.54177354573001 36.73816612979398 -51.01187933563121
-62.926421462877855 35.57817855021026 -53.20255543011859
-59.57465283572397 35.80231103683035 -52.84878621775213
-71.54563617569856 32.157773881191375 -55.119918018292346
-74.21411386513601 31.00536838648578 -54.65615008968196
-76.77912953973289 29.650972016731615 -53.96704911193874
-73.09199730794668 28.98082839653557 -55.706213570536654
-75.5627971345807 27.6176848716951 -54.92597198040573
-70.5102150384417 30.18150963874617 -56.23990718889351
-79.4400741080657 28.127514568262825 -53.151084293613366
-78.10108453658856 26.09871140125043 -54.005110426364794
-73.99214901908253 25.445021431645667 -55.400417781396044
-76.38334559951745 23.94104364779887 -54.371920499220664
-74.38885503463668 21.679379387141804 -54.29191523500747
-72.1216715478764 23.194273792713496 -55.413643270539026
-69.17569461052251 28.073277148909664 -56.88525087170238
-71.64191241243707 26.816037528079566 -56.27522225820346
-69.87858440766323 24.601560633327722 -56.37532059389934
-67.52089564873657 25.94434548863794 -57.065029862345
-59.076033190705985 34.395373601025014 -54.55368777838235
-62.326140282304635 34.142313010857485 -54.88469908396703
-65.54884895804847 33.69522321889494 -55.143879707138304
-61.71791656076756 32.55223185882397 -56.08487032296873
-64.74034463616412 31.972490406551074 -56.33346776833499
-58.705951899322294 32.86569451757951 -55.76917011745657
-68.64637826236654 33.04245012204049 -55.25210672590153
-67.70527207622547 31.177300765392484 -56.416354653181294
-63.73685842385254 30.17136782738177 -57.07114834162745
-66.49568596195947 29.19978636785197 -57.11966794551289
-64.96200154817464 27.228659888206437 -57.375455200791684
-62.399188323671474 28.41909589567337 -57.38460979207994
-58.49749857805621 31.333018886809715 -56.51743462296098
-61.078696074609844 30.933098418659476 -56.82390999206881
-60.07833206352454 29.44111389340806 -57.15952778471719
-58.43125714629838 30.143208974642302 -56.844263183392535
-60.75312365430457 20.10280587666608 -55.373803932111
-58.297242814297604 22.03729818810194 -56.01676103843748
-58.100651370209846 18.31376302853705 -54.54733970369763
-55.57814926578075 20.50457897308255 -55.30081694624055
-55.84025526620094 24.058899022361334 -56.38964639838003
-53.049837854528526 22.799419389919503 -55.80357827406421
-60.80549521811308 23.655872493083493 -56.69197603694571
-58.36848854544937 25.40356317903387 -56.926145091253375
-63.24749508511282 21.96148657458164 -56.1675873369468
-53.58364672292659 26.130898106982578 -56.48260030853163
-50.71080494602541 25.139159965545677 -56.016732826323945
-51.728965234735945 28.215308494451552 -56.2743645572075
-48.74647547871988 27.470338458592547 -55.89230190725856
-56.15392114181457 27.173121262642454 -56.88971920088671
-54.39896517387907 28.96905165666554 -56.59444708288524
-60.582285681437895 26.84214202425334 -57.297617368571196
-58.378617621719954 28.231287467811036 -57.14848838321864
-56.73935409097862 29.65252990026931 -56.79281866720506
-65.5235927539199 23.90600173744761 -56.77970356980652
-63.045753762213934 25.381903340325742 -57.18990685293566
-67.43091909985138 14.610317032513182 -52.10192178646501
-64.9306058805045 12.295607511083562 -51.12526084522533
-65.23481360129115 16.458726002936785 -53.340628605351704
-62.69688146747055 14.286037895159827 -52.40078809024296
-69.87461984859485 16.972441560127056 -53.032399230007066
-67.68978048578072 18.678706822672584 -54.24657790315171
-63.046486031405585 18.257968777585035 -54.45723684123299
-60.45724440827709 16.256739739345505 -53.56121528536043
-65.51980051525727 20.31457624855789 -55.323203930999
-70.00373669878904 20.93008769770938 -54.983378286941914
-67.81733826232436 22.430005785242603 -56.01116156044867
-72.20878365240888 19.342107487288775 -53.80273784367539
-49.527235688496845 13.249577591547819 -52.54820660836693
-46.587865172567504 16.221710449568945 -53.53085954435348
-46.440316829536336 11.627962695918914 -51.93043788896146
-43.36806346529768 14.832953116503525 -52.97460428590207
-43.63450201954215 19.348966303918957 -54.27738128954574
-40.28507322224145 18.199798760016566 -53.78366364628255
-49.712723388174176 17.616100936703546 -54.09580884635176
-46.90870361423258 20.476505407647842 -54.77754940958827
-52.50083316108464 14.896972584197822 -53.17750295915918
-40.866408387946194 22.495160536822098 -54.6945063019534
-37.382086233275956 21.57923472352005 -54.25164241270592
-38.44184677305274 25.558330852489345 -54.68168083457744
-34.81080982426048 24.859848008465825 -54.265106593547316
-44.28871960929733 23.364565985526433 -55.14281473009486
-42.01983689941389 26.192226414133447 -55.10528337428205
-50.061940843747365 21.616154618168483 -55.27955908299175
-47.59244213407144 24.231721129448903 -55.5808706135455
-45.48208510544121 26.81311716861935 -55.510341447100146
-55.35614961250289 16.582319273295727 -53.8321409186603
-52.71548559575791 19.037691738065885 -54.67604476648135
-57.22228727155154 5.817564910671638 -48.47870547945812
-54.46342258061905 3.7230849909196686 -47.63127674781377
-54.77920690252138 8.14109895422349 -49.99269389048825
-51.931275863702574 6.1669479139020895 -49.23063889337591
-59.863785504718706 7.924955315935588 -49.340202267659755
-57.504128523996094 10.140939669373761 -50.76516781647458
-52.248683274234025 10.57269597180725 -51.36156379947288
-49.28822523723024 8.754826193992033 -50.677938578074006
-55.08604360926906 12.422109818259448 -52.05666339509423
-60.131933232738874 12.184780059187553 -51.557813220685574
-57.81411432329561 14.31455229879082 -52.77802047904316
-62.420335948539076 10.075549715470766 -50.216417804206735
-36.83920701373795 6.760410926655615 -50.1890690387963
-33.509833425321006 10.466100572816181 -51.43036239026686
-33.70001258423348 5.088124588330735 -49.60372943658767
-30.289003890868454 8.87715946592128 -50.890042638125024
-30.121422527952323 14.323583818352693 -52.43527804832347
-26.782344173941606 12.821812679457441 -51.9272453097937
-36.778983934744836 11.975300062777187 -51.92847809157797
-33.49617882027048 15.708111242255189 -52.876461386864094
-40.03265548075091 8.396933564098788 -50.74932621303048
-26.840757345161883 18.200461796990492 -53.04849496423676
-23.357393681315003 16.799117196974382 -52.552014089492204
-23.84615198674948 21.978422474286937 -53.12280804837206
-20.21762932518012 20.691902684080986 -52.61206693259391
-30.35131072661468 19.452568746626298 -53.45318980043377
-27.50377400290456 23.090614136259745 -53.520011159648504
-36.89123802252591 16.994288203612076 -53.31466566205304
-33.86930776150486 20.573036023770126 -53.8397734551798
-31.16200516688543 24.04517087742924 -53.88336885224689
-43.25044465332276 10.015418189482887 -51.32443004489649
-40.07741282436188 13.425070028892925 -52.435549813123764
-45.5773242882714 -2.563269468772871 -45.26674744300772
-42.60562893031244 -4.573299885765461 -44.497025544462716
-42.81554954427167 0.3206087517128984 -47.08526841851676
-39.78580485347142 -1.564153828724883 -46.388608280777405
-48.580332717430736 -0.49505742535773023 -46.024073907017325
-45.88406825219302 2.243226954610096 -47.77147629770096
-39.92755043322572 3.3888998524530947 -48.744777089102826
-36.84459301930312 1.6197320310179388 -48.10790649845494
-43.059578818610554 5.163998948749501 -49.36519890065057
-48.94315610788504 4.19719178594055 -48.48296049829487
-46.20001304837735 6.952734154533127 -50.00539170763038
-51.562164610907175 1.6105760975243326 -46.807458916644435
-24.700701609838998 -0.203509645021971 -47.544862379781556
-21.036536414110856 3.60273648195659 -48.7745153594669
-17.23512051406203 7.6192970704247465 -49.63864982775814
-24.040730771812104 5.396017958739837 -49.56671265297839
-20.30534389063902 9.420185284030357 -50.529476789643105
-27.631044888673575 1.560257327747186 -48.29125275107299
-13.514640528717013 11.743418918656655 -50.042735960660295
-10.102105681343602 15.86743343692282 -49.8804043698936
-16.636606758558333 13.521029637728127 -51.04752044849577
-13.270656765666184 17.584647406632886 -50.985898008863195
-23.499101629804024 11.168713101246034 -51.29465634665542
-19.934914992646267 15.219744465491475 -51.888577796052076
-16.663513899555685 19.2071455947906 -51.903416531378376
-30.631484204581614 3.3395050704749867 -48.97491084055596
-27.129744556920777 7.16979977777144 -50.2716273211522
-34.20506472229162 -10.152988162663107 -41.90228341053844
-31.176475914436985 -6.9845802365898475 -44.05337166843597
-36.901296034422344 -8.407148515050942 -42.831944344237414
-33.957360332396405 -5.253520502289981 -44.89023632481965
-28.046480379189475 -3.705672219205539 -45.9571418716513
-30.903190300998578 -1.9673432702211895 -46.727613341879966
-36.82944123026002 -3.43440949799532 -45.66406189462926
-33.83624966216406 -0.17871674213310662 -47.44077130710019
-39.70634452051323 -6.534222430863515 -43.692877009872994
5.867746703845182 19.029854571761724 -36.40765691443074
5.289164944834197 21.114446942292428 -38.2078539118237
3.980571110670528 22.892559992302765 -40.11190106610183
3.736402593946826 17.21224574852165 -40.90960385379418
2.4241138656997085 19.009245590089023 -42.75419513427803
4.352694755099258 15.216609544234881 -39.08159752638907
2.0194349303353016 24.450352612248984 -41.99015059926825
-0.5053457364336464 25.88625430107936 -43.73795599733837
0.48731147295097466 20.655743875337482 -44.52583882084619
-1.990306252925226 22.21420337271199 -46.15792668150621
0.1387941796291825 14.839334694775888 -44.5412358114893
-1.8209169376564205 16.564653847041026 -46.214445966514226
-4.284248034569652 18.24222932755326 -47.74612771607961
2.234802642413179 11.175922635355207 -40.95992627243014
1.513262655493052 13.04540138438252 -42.76806882513034
1.8908606769993037 8.311443272509019 -31.21198369758907
3.4859701781272925 11.046472578705442 -32.282107054145
4.808675498438736 13.856228274108185 -33.49469188780365
2.364338694909755 8.281695305074978 -34.318321502590734
3.5094365128639637 10.639477487009854 -35.79412065883338
0.9762351815282231 6.032809571090523 -32.97526882277263
5.658806595128246 16.57092445404781 -34.85782846016004
4.227313332346645 12.992794704242215 -37.38378642089465
1.7528110871850595 7.288826354464192 -37.52541806954094
2.265883471551626 9.234358186224439 -39.20979047476862
-0.26112405704164265 3.655467852880827 -34.45746013796962
0.8540229142033016 5.412201998688538 -35.93272720426514
-7.130082771944274 36.80379101611591 -27.901477496393614
-9.444323356527422 37.948668107568444 -22.596713570576487
-10.565191477755604 37.94688387642702 -29.91776872911353
-12.808394399652771 39.09627314918044 -24.794150373511343
-5.153715518740851 35.151415077880124 -33.09780200266561
-8.602372748936636 36.321110210588 -34.918880409554475
-14.23712377416026 38.856382411332724 -31.75938602317407
-16.384641230134434 39.997856395686476 -26.852639941999726
-18.035156282675935 39.509275335101385 -33.413906841463586
-20.059941404349978 40.64327034955797 -28.757700540186423
-12.302098669085753 37.29084986156531 -36.55209603775605
-16.16217472520193 38.009899766499814 -37.98207229698888
-7.173278323351485 34.2093083643517 -39.51041951452098
-10.864364872352311 35.26275255608234 -40.96061273600089
-14.737548506372866 36.09095726174899 -42.20920954713367
-10.156666161920759 32.83288051539188 -44.81476173625455
-14.021311219228938 33.78148267943941 -45.90962181942476
-6.48571907666118 31.689031271213338 -43.52120584406803
-3.7357691835964784 33.002806778213376 -37.8792770666012
-3.0738795084797825 30.424886052745208 -42.05068354143438
-21.91409792829997 41.57510191771413 -24.421639567496655
-18.390769820213848 40.90381324237387 -22.28512854951218
-14.966081112096514 39.96150291286653 -20.028226408626143
-20.32540825288367 41.61161647447407 -18.060872704020536
-17.07550446729405 40.619124812635185 -15.63841665010216
-23.688385363644638 42.31065158316685 -20.38856329434719
-11.736671525889472 38.76135781925398 -17.66091771085534
-14.01248776385167 39.35253791258031 -13.117466449941164
-19.20621734934713 41.08062985561809 -11.586900305892044
-16.313881608094807 39.76914348483103 -8.932458360923283
-18.695330212843505 40.062022680382135 -5.040898816209901
-21.430221906752102 41.36831984162988 -7.800338659259494
-25.481455786882606 42.818943996566205 -16.618511358081903
-22.279423467449615 42.105822245361445 -14.1409107771085
-24.337391784607906 42.386929537092676 -10.453618857299093
-27.38103382526464 43.08851324128306 -13.045840057803844
-34.526530310748 41.250562482875864 2.8325363731758753
-31.65791805074821 41.97400320588178 -0.2577235624555357
-36.946904851413684 41.645127565097035 -0.058479232091234234
-34.24085954842994 42.45198035325673 -3.0767062916756838
-29.00997981484673 42.36195934545575 -3.5074780857786654
-31.74833973063028 42.93144745957029 -6.257423656305539
-29.162538343247128 41.25102226686572 2.553488363814442
-26.383137513310558 41.51681620137644 -0.7389445609860488
-32.169080744466164 40.6457037822511 5.688643241295778
-26.57421491265506 42.48462590559533 -6.90725794606142
-29.46470720458506 43.13387639583792 -9.585296081631634
-23.813052913862386 41.533367907519946 -4.187753664208477
-23.893182822919815 40.41801296339072 2.121415039375316
-21.209846080204816 40.307975156070505 -1.3642216754297378
-29.888745582198457 39.84073372642668 8.584260773592126
-26.776582533006792 40.29906596095231 5.434488929716465
-30.502878454907627 43.44818290024202 -15.600179306756722
-32.44080562677165 43.454602526386566 -12.26703188137716
-34.56473835626895 43.20162772011991 -9.050878653531175
-35.44060745027169 43.53491996825889 -14.890196729534587
-37.41193172855338 43.2591250887179 -11.819451093613571
-33.63471886713242 43.55228287719172 -18.0606481734874
-36.88742997252947 42.66854719897709 -5.973982048130025
-39.41784026868234 41.82118099248236 -3.0550613633771504
-39.56835760165971 42.705615037812144 -8.87452406567999
-41.927181447061095 41.85183280557675 -6.0752303108134695
-40.26183242572769 43.16635953801853 -14.496135551149024
-42.267208533220206 42.61978913046986 -11.702883936924906
-44.46903675856155 41.78626793616436 -9.036860820464508
-44.97734240498493 42.459278212983634 -14.385976780414548
-47.04001645190476 41.66469062551555 -11.856568892261501
-43.10416470377645 42.980511386705686 -17.02114157995696
-36.74093823997382 43.47258028869117 -20.38250818117161
-38.42857922885327 43.44341721250878 -17.397530047641578
-41.393572381488354 43.24466623256385 -19.746173795756594
-39.81647373477285 43.27834472073597 -22.54149561035044
-23.681058250109956 41.05432692351732 -30.491932196021434
-25.40561439136795 41.981013740434946 -26.412967600291896
-27.059520510805168 42.70748342021097 -22.603666320756748
-28.830645018372238 42.18616837309363 -28.24360270606568
-30.389951617321522 42.87343410113224 -24.671951769974626
-27.22045726031263 41.294340859752324 -32.06200595413813
-28.732475546836184 43.20156692039688 -19.019788277234184
-31.970238705946443 43.33302134293838 -21.29737798324561
-33.67219508661781 42.87159612372875 -26.580317930206515
-35.17025991173338 43.28325341264283 -23.42116456692878
-38.342547813576786 43.11882600874974 -25.385074636354815
-36.93609836402957 42.75921578705084 -28.339136861651845
-30.697427553673588 41.40853940938273 -33.48970965740686
-32.19912407532879 42.24433845542503 -29.91835241557656
-35.55996841481466 42.19676816852752 -31.46102097294674
-34.17366982307948 41.42235899393375 -34.80792308185124
-52.1451506787084 40.58185965067885 -40.49062962682717
-52.80950697153026 41.154809932930775 -37.81751863844662
-48.671679751864595 40.88020226558456 -39.50099386024455
-49.4595290564474 41.487153981073924 -36.750561901555464
-53.42844898902774 41.51589481377025 -35.32223917430261
-50.22266765471819 41.86890265509765 -34.18888047571665
-56.042394182554965 40.76056192776428 -38.73741251930536
-56.53074126268324 41.11730753674285 -36.285105678456354
-55.48564155743095 40.21238598176479 -41.35393181382286
-54.059862500124176 41.70591181973179 -32.96878419003789
-51.01695682564593 42.07142568651294 -31.771671932046036
-57.00605037693909 41.311811197980525 -33.969655247084575
-59.53664322969431 40.712995709790036 -37.059146764833834
-59.85824079202751 40.924481091910515 -34.75212054901382
-58.72298809386768 39.81152261355777 -42.07547530307855
-59.17550367514794 40.34713851137663 -39.493848772618605
-42.86844279442521 43.03798438944001 -24.531944474633157
-44.33389538553286 43.005067974115335 -21.908955007726618
-45.93404176340775 42.761461899796636 -19.34596828279484
-47.25093607957603 42.73330602950685 -23.876984712288476
-48.73549926401822 42.51016237305343 -21.45772959597054
-45.9097142314319 42.76795405061669 -26.350572449698063
-47.693683332336064 42.27589599171308 -16.85627994193089
-49.633576560338405 41.53050483331334 -14.451967020881666
-50.380023678404065 42.06446499291616 -19.100338168934798
-52.19582938711468 41.37790392908398 -16.812952315585232
-51.47503869731825 42.223250850427576 -23.350411691580845
-52.986215159591175 41.820207067495666 -21.112672853088963
-54.66299392384351 41.20256097237501 -18.93759576251077
-48.93094389001039 42.468980617909985 -27.995172274839113
-50.12669998481786 42.42883488587683 -25.645548239384695
-37.73060737498365 41.356505492503956 -36.05623476635666
-38.979459110041326 42.081124290660846 -32.90728829241592
-40.22728827078772 42.58913837288116 -29.974949651084845
-42.46102643474334 41.927497923810556 -34.27167563339435
-43.5564180405837 42.38772864526237 -31.496129754356723
-41.36486775525017 41.24473048376467 -37.2553787649892
-41.511634970524554 42.90365395992562 -27.201557264094262
-44.69217725078068 42.65955487068729 -28.87304040903151
-46.905673244814956 42.154322733700205 -32.90485864022788
-47.873934139608856 42.38676976431372 -30.399626491424552
-45.03939890845753 41.09359621737902 -38.41026770113438
-45.977151127323125 41.73763302822543 -35.55802177449322
-42.0168968092208 6.297644949989684 30.31351168156777
-42.20922808396228 6.140094996963024 28.50831466657937
-39.81801114961357 5.102054635257344 28.61349985193243
-39.77658839099803 4.993527962116374 26.73313387866488
-42.2919868202657 5.644479960223091 26.749627359332248
-39.6311102505002 4.538947983821408 24.894063996867754
-44.358599396482695 8.066354233481512 30.143259644225406
-44.749751826126094 7.611623871050767 28.370244526956576
-43.88481168859192 8.191709594829847 31.94568228662552
-42.31482683557427 4.93159770731617 25.02342731027677
-39.425983346838066 3.8627216434965472 23.084515658893128
-45.138958150751 6.905815839243212 26.589827088392383
-46.59639236991031 10.327154732902429 29.602104542819095
-47.558484608519514 9.574593450174469 27.605844872591046
-48.762201271792726 13.166353272689461 28.070653714099873
-47.30982115867354 13.787991947907548 30.294285919759147
-45.04585570654841 10.719243930230832 33.33030866238194
-45.813683840947974 10.702907031581757 31.47738684496306
-46.16534063733805 13.98233175336704 32.305719736169685
-45.12683941416573 13.818235765080875 34.25576483445374
-39.75560481840826 3.3168067873928933 37.96826426394757
-40.51040366329818 4.403604575006959 36.017270109852404
-38.59751024126913 1.7547798521672833 36.44569841374576
-39.07471347974865 2.955825543629703 34.47371001023027
-41.149460008173264 5.3307100475548 34.085220709831894
-39.4477857186025 3.984808641638842 32.50411544343011
-41.51626446396165 6.486984858867457 37.676823834363745
-42.448980465613836 7.3134315188070085 35.72792123784418
-40.45604884478519 5.516713617595436 39.656170986989686
-41.656062500178855 5.994676817828703 32.17956602902827
-39.700279332231766 4.732944707183514 30.545363796431275
-43.2414822882695 7.910246141460595 33.81362143420837
-43.07461208873914 9.804452349628587 37.231773480857136
-44.12892736554166 10.393690488283891 35.25579241929937
-43.99207746111889 13.36266080163487 36.28742527700002
-42.75697567998665 12.680251896391965 38.373874669741255
-40.55031284180114 8.098918199708184 41.298242222853375
-41.88102722892359 9.018687599249663 39.24621864974515
-41.399786994764995 11.81820145620601 40.50076977367888
-39.903463719252265 10.816251611106292 42.6695279165362
-33.35457403947043 5.555552357777002 23.508994207578336
-32.98757522094409 5.873277521186186 20.85138658281102
-32.461913552603654 5.926963095013888 18.221515897032575
-35.1870843910254 5.0532961850227425 22.929442830549704
-34.75768751271979 4.958047203908391 20.609654276761372
-35.488081909354015 4.87368313979064 25.265822806601665
-31.798895503615245 5.766665044417852 15.626551994178403
-34.22579547196839 4.663226833853916 18.30722058988325
-37.13017438051986 4.399582821071279 22.84948928075368
-36.74797447151631 3.897695862496099 20.832873988963318
-37.639872597648036 4.674051069522593 26.950248271776044
-37.439669912389554 4.6939305808233005 24.886356046627604
-33.5215317329704 1.6836703367908825 33.81407606073693
-33.604193150396576 2.9394229848015696 31.35649803675481
-33.61636760918555 4.028919813228931 28.806538174020872
-35.56306881087135 2.3958746975491962 32.206332390874394
-35.64274766612315 3.4786237602335817 29.932620525525255
-35.401393702316 1.1442531905095392 34.42882289825374
-33.544321247069895 4.914262838426107 26.17653892274406
-35.62556211792149 4.323979446946309 27.611063184320738
-37.599077734149155 3.4139309938893865 31.14116301648275
-37.682716965218404 4.218647840253206 29.044190635002174
-37.119723662857346 1.0970808806729835 35.28525962522581
-37.40615015084987 2.341850844250733 33.22325513316274
-43.767671484495494 17.413253214599532 34.53580773564886
-45.025341441753994 17.828825926996974 32.45365225136037
-46.39865679441306 17.977549934065685 30.32576718266433
-42.75264820233301 21.87745485883702 32.04756953638953
-44.30255670732265 22.40696108311144 29.795325749090846
-41.3170160585411 21.159236560645244 34.289849359422604
-47.99115645986288 17.86663082471732 28.005645334686147
-49.67049918512567 18.15898827673235 25.49151218926874
-45.93632489612414 22.84191653173703 27.413047134621547
-47.5663228741793 23.44259124241469 24.815739100612795
-41.431451780247535 26.63413384686921 28.80367843424286
-43.21080698283809 27.335437586498784 26.301609706846882
-44.94735123315974 28.018118134166713 23.6156946106839
-39.95065392233484 31.123790017554654 24.709882958521863
-41.8368257774011 31.79530128878544 21.919729147187944
-38.034986042556504 30.309831269749647 27.385644451203415
-38.15026753318333 24.753014913725064 33.64297700497165
-39.70863727991348 25.805882034292797 31.218522613477003
-36.2096548995635 29.253567539869675 30.00853528869478
-34.61262591058041 27.88026527657797 32.648022542878415
-38.4131369244671 13.41814694106764 43.54121765565408
-39.89054816176837 14.695207128998328 41.22198327951245
-41.2406224688564 15.803245116195285 38.94558937756944
-37.6007611862592 17.445258036637625 41.485328703031854
-38.81063837155181 18.90577623086175 39.03964251601828
-36.28956501783028 15.77576119903475 43.96856350372211
-42.514942935627765 16.719229887432846 36.71046776668712
-40.018655511861645 20.149009804190868 36.63223256169368
-35.78209088525051 21.740297321378378 38.749373230309715
-36.860853811547095 23.37124240701214 36.165194939744666
-33.38836961282691 26.11916356778905 35.36691474704909
-32.475685633325796 24.085417287369545 38.13101225840797
-33.74509565755462 17.764384791172407 44.006488435513226
-34.793342115132816 19.873161447961532 41.363879233003246
-31.74201956716574 21.80796052496762 40.90894498989049
-30.99857730059621 19.27521352287535 43.70195536872338
-24.09086435052818 32.606347035680606 27.773500666675524
-23.313318808080044 30.11186977659609 31.218240735771097
-23.029942752527734 27.234579708751482 34.63964906143552
-26.560588647084135 29.417058039973202 32.883579518030864
-26.0420592244455 26.755602294660292 36.05115864524138
-27.51509477514065 31.734288013009284 29.703789795879047
-23.100124494947657 24.08387593303938 38.01210823501891
-23.24967606981286 20.697999229418016 41.347443937582526
-25.824438232542988 23.834773150778165 39.181577451520724
-25.667742460391963 20.668427246732318 42.29097065349085
-29.209384152125747 25.732220587512312 37.225096514441034
-28.727421892751302 23.102526811022113 40.165090829394195
-28.276991099051024 20.21920776321009 43.10292017438694
-31.045578128692114 30.187019287273305 31.33542400730949
-29.937490376945 28.112524057268388 34.27284090830556
-31.146511003430582 38.1013300181906 14.56769427009642
-29.066910211909832 37.17682568212054 17.705894635871577
-27.12143425775445 36.0290698308396 20.972779990922955
-32.70394151888783 35.93503377876172 20.342722719864195
-30.73841670724385 34.90807576323986 23.421796913125508
-34.74695618111351 36.73275128945048 17.314905982310943
-25.417667144980232 34.5435339993713 24.341993913570427
-28.96316076570094 33.53866179196593 26.544815292515388
-34.420829082444804 33.03791518695071 25.5772359674575
-32.593709124469086 31.807781341609186 28.445487786142383
-38.366964754542266 34.662472865735474 19.790020745012242
-36.38515045105592 33.95416048278951 22.700120777933464
-24.407372960360917 -15.00075580148298 -22.984079831603943
-24.286544667942284 -13.868401502379026 -20.877358073860634
-24.08051437667095 -12.463471487570674 -18.86068589754565
-23.55589036185469 -13.445667349526182 -21.581952504739355
-23.45392047935724 -12.13981781413873 -19.688217489976473
-23.523147727276772 -14.455186428356699 -23.55490517803758
-23.75091072112137 -10.830814380171505 -16.901132128697295
-23.260228930962395 -9.003551124973198 -14.959038299894164
-23.186004783473244 -10.589692648226531 -17.851225292339308
-22.725765567562416 -8.83652810876389 -16.04138519532093
-22.841737909006962 -11.812021614552492 -20.506654411314138
-22.63757762629708 -10.345173725886756 -18.793435261962237
-22.21096735080462 -8.664831877334068 -17.117033866244014
-22.10877006177147 -10.09227659107943 -19.729605586615303
-21.720248394569712 -8.483000657441597 -18.187830206122477
-22.2467692000877 -11.475523383159338 -21.31799022334975
-22.65619193889652 -13.900810959947126 -24.114396742606463
-22.839947019543082 -13.016778761240094 -22.27621320780568
-22.14153951133494 -12.577325020038346 -22.96246819084311
-21.80976174198141 -13.333072730784702 -24.66526604955922
-24.39961197586168 -16.29549765814351 -29.729300320678494
-24.502760983689694 -16.243942453453563 -27.468363460152098
-22.365116124313246 -15.159030600932084 -29.8408774488825
-23.053626862430086 -15.355118530857288 -27.72841941080149
-24.494122825580458 -15.802765944528062 -25.20042195661708
-23.39964824125684 -15.106226477760824 -25.617994955220063
-21.726300785408952 -14.48519162375194 -27.960007179010674
-22.326741242418397 -14.39778062351319 -26.023093280372123
-21.279845937151883 -13.672050720889528 -26.419137388782836
-20.477132281020054 -13.611190514368074 -28.176305850019613
-20.73878428877246 -14.141538702730937 -29.880618895335342
-19.330308231569678 -13.171117030727704 -29.889037727999874
-50.459205960345976 30.292240262782308 -55.75299298190191
-47.31695732298811 29.7601681880344 -55.40026559463987
-49.71597309453042 32.30347151001399 -54.83988827927788
-46.39389058610177 31.954551344157473 -54.46682017881368
-53.327584379193446 30.812727807177172 -56.056496021737175
-52.81373112067751 32.634471980607266 -55.17577614351384
-49.43249218866325 34.19668286838735 -53.46883452420893
-45.94231752940994 34.005304403198714 -53.03306170016731
-49.53972716489287 35.91992056590994 -51.58025481452111
-45.92652746227399 35.865043343403414 -51.04786688272971
-52.72091052784743 34.36910218246962 -53.8618113823417
-52.96215681744625 35.95189579755345 -52.05485149009713
-55.77260451181086 32.85883005121825 -55.47606183179947
-55.90331348685427 34.45481688662101 -54.21880993326811
-56.27856776315171 35.921359827535284 -52.47295673514117
-55.95884553185583 31.22707442529698 -56.28616393415844
-36.49243182693137 28.462024728508503 -54.198965582001364
-32.706408341283456 27.951717568939593 -53.78535299391268
-35.065092178504365 31.159640714037522 -53.18336249044823
-31.141836833814263 30.807346484740687 -52.75184237123483
-40.23712534422045 28.897286562929118 -54.62291553321971
-38.96328468064126 31.432394973156136 -53.629216622706394
-34.20805620786699 33.60935904513403 -51.57650021237001
-30.19162470971496 33.38535663243117 -51.098654880792694
-33.96839311476835 35.76810757958829 -49.315246114034494
-29.92751623469646 35.64152271221601 -48.751776264668166
-38.21946251318005 33.75455583460421 -52.06994404753644
-38.027117648129696 35.820929655292886 -49.89253108931057
-42.771702986847814 31.680852299703204 -54.06457914231112
-42.163901787051024 33.87213688039791 -52.564313142601996
-42.04627538637021 35.84237771057788 -50.479063043247926
-43.87580744166238 29.31294623106767 -55.0284339213813
-21.322786977767294 25.552199960136164 -52.596551442357274
-17.566198066475124 24.399625293032585 -52.03739046580042
-19.41617379718626 28.86450489609991 -51.412484460940384
-15.56102970757978 27.85733470943027 -50.76883252318436
-25.11783068267563 26.51656604627418 -53.02499264145311
-23.318972598730152 29.677748522045487 -51.911176388594356
-18.256700474130497 31.86676572466139 -49.50409072273269
-14.337429522325241 31.00840999555965 -48.74503740564872
-17.965917127320424 34.49703375291579 -46.80562436704945
-22.225439577150542 32.53035639226819 -50.108003009965515
-21.948341252692774 35.02100432469995 -47.5413148763661
-27.2305880427114 30.319248037972624 -52.33801409161708
-26.205412550842098 33.02989216693957 -50.62076117649403
-25.933965684405404 35.39487252820814 -48.17252677911374
-28.91575369530013 27.310518959112464 -53.40218897250912
-7.190093130250372 19.91135851857567 -49.09620174109453
-4.945441976993451 23.75507951472095 -47.587328685675324
-10.416991622528446 21.523928078223914 -50.27855974522579
-8.240618914265765 25.244356451011182 -48.84464511679028
-3.522903112613139 27.299924705005516 -45.26370609937676
-6.884573594522826 28.665655952467304 -46.61270122902473
-11.801384320795634 26.631781605847955 -49.91390825182394
-10.511296689484054 29.924792807355896 -47.78122550624967
-13.897909039860865 23.03692798568669 -51.26746245936
-19.16610087962875 7.437702473689561 -2.575714045922595
-17.093633329815656 9.900209679388693 -2.4514130018362756
-14.320001184483631 12.493414515751157 -2.7616183728440937
-15.64542690955965 9.515669480100327 -5.336692842205167
-13.494198700226784 11.579401447740892 -5.591563402281581
-17.32113734914114 7.467127563798422 -5.445734271918219
-11.578434828409868 14.90195523487488 -3.3453434497510317
-11.14676131507214 13.588636528389927 -6.206629948953674
-12.698887161819766 10.583759734234105 -8.379713115205965
-10.748959917182514 12.19555505802387 -9.043941720160388
-10.423646183875734 10.75082859228405 -12.035567572407386
-11.955605174084987 9.54349037200332 -11.290692129575183
-15.85095998162609 7.179095325523465 -8.0878787445921
-14.425480476147873 8.917715042196887 -8.074064950987049
-13.349482241099503 8.219237922969949 -10.859786211149387
-14.596139938858837 6.747254304888207 -10.716516808513157
-67.66776507822479 33.80948444032774 -9.421769585236037
-69.26060675550812 34.41814613883034 -12.197245467078394
-65.79960478192899 35.03466829984248 -10.04695454708032
-67.42942266785523 35.55495184982754 -12.683013432114292
-66.04820145219212 33.11076375135942 -6.521134174155302
-64.11894032392263 34.465897725989684 -7.2762291781388
-63.98645158106929 36.198813390236104 -10.806049541797766
-65.6696887127718 36.6222964071973 -13.307596007175695
-62.1708010838214 37.30689053993777 -11.819276347871941
-62.22724362567538 35.75976658765002 -8.158751980918382
-60.30821955672176 37.0007940815379 -9.286985266258986
-62.37716762189168 33.82163826827095 -4.358180321012748
-60.39765583886401 35.289518617780736 -5.339955916186071
-58.36333934378595 36.694613034495056 -6.562518320090839
-58.51351933012821 34.753955057332014 -2.338071447186705
-56.36786313311716 36.36416119984282 -3.6269002666224823
-60.57520542408254 33.058639853156265 -1.2948616928508563
-64.37505340314897 32.28332139329901 -3.5011275302093505
-62.63376010254085 31.275752589532985 -0.3824798538333757
-67.276452258489 37.03123597201082 -15.703248356712706
-69.02302929682507 36.03912727228475 -15.21376731328428
-68.77011849195668 37.403073971625375 -18.025446189374215
-70.53583151762058 36.46862396371001 -17.654695036425334
-70.85862505534053 34.963025411013916 -14.8611363870248
-72.4084150433827 35.43630327064383 -17.411379320363302
-71.91985590395144 36.84567726968175 -20.026968557462798
-73.84933976755829 35.85316240781887 -19.854820476184027
-75.11165132807432 36.2496469584254 -22.194534652449597
-73.12209706237024 37.19720381886707 -22.34862384753043
-70.11338301352758 37.73297552406144 -20.30976405489192
-71.26558977489306 38.03946286180289 -22.58939576554461
-49.97179287784147 37.42065799257701 -49.118355789725925
-46.31436571377767 37.484571841412325 -48.464235411065
-50.6175337445781 38.7012844780097 -46.3208681033492
-46.977699671816175 38.86488873793062 -45.54333114127223
-53.451999926180555 37.31918625461684 -49.697458128363586
-54.09498484403336 38.48335282233288 -47.00726116572014
-51.376014558559476 39.75915006240675 -43.38660840662999
-47.80147798256031 40.00116120117596 -42.49575257932429
-54.802662722630984 39.44986037705119 -44.16988992173993
-57.4678561079228 38.22169386753882 -47.59211298663038
-58.125314317009845 39.10206685313018 -44.831731597161685
-56.82720869579149 37.1678119368037 -50.1969626247402
-34.389856106364384 37.58949792561782 -46.340882643077954
-30.413611481274973 37.526543285543795 -45.6446216372743
-35.27191985590139 39.1221042933211 -42.98970972975539
-31.41632674317126 39.110260664426946 -42.13262317283288
-38.40796185312676 37.585381844125926 -47.04707863232541
-39.19047545577155 39.074788894421864 -43.84627101909708
-36.438979117393316 40.37867381276634 -39.497038498470744
-32.73088846988397 40.40905487782473 -38.45352459656415
-40.223397598638996 40.29592148442219 -40.51969726311136
-43.12455826773931 38.98884718924035 -44.70618250126028
-44.04145243232671 40.174820452659866 -41.52711320108802
-42.41580159754196 37.54474912193008 -47.76400668699544
-54.24662265373416 23.28679186451844 16.31485587969697
-55.679651011752554 25.139799404889725 12.777191235754508
-52.013276153662126 27.087344904652955 15.375236301639623
-53.503836307977366 28.459887555068363 11.932511640041874
-52.832741281337306 21.405628835496383 19.736780966313912
-50.57889117625561 25.743312344002103 18.750072970302256
-49.61931121117655 30.603828459162628 14.218893832262934
-51.20542108127099 31.558702304466777 10.8740309423905
-46.960992692684925 33.73915293207704 12.722763171684106
-48.68242603633628 34.37044544140957 9.477665438615041
-48.0933100260637 29.676261642552223 17.501376766494
-45.28429592047734 33.09627157929847 15.89167105409335
-49.10900707259901 24.47247326880918 21.915988169449292
-46.558300769261315 28.808006081647466 20.6591929913477
-43.59639104542146 32.45016709444293 18.968026200821836
-51.298637267812516 19.519615223753465 22.770093243136863
-60.822763300263425 30.030959090715825 2.8072605858168074
-58.72790182910236 32.12513906025402 1.9042610303616985
-59.01538675235434 28.568339396925584 6.057335865129889
-56.896991532431336 31.02796744673746 5.192729408930715
-56.60499724510753 34.108701400999 0.8513688387088463
-54.36615895775113 35.974040233616435 -0.4680955980953431
-54.72284373960087 33.34846641096972 4.15377685507965
-52.39867488149279 35.50790350733466 2.8206820894100946
-55.140787893938594 29.791205387640993 8.53887490148845
-52.91255683844362 32.487204165526414 7.508610776933545
-50.49780293563527 34.9673564628309 6.157857934202046
-57.28203380660058 26.920588882053778 9.37158513453715
-29.106935381062822 40.35171528673894 -37.36219192811923
-27.636575264898198 39.00456538492921 -41.243826174019325
-25.48159692433542 40.199239274084455 -36.18387634701682
-23.855252739084747 38.80491257010255 -40.28586605913739
-26.50028531338442 37.35855774959745 -44.925477470256745
-22.59033276330149 37.08375996147889 -44.1465741710952
-20.02786821720087 38.491062409683735 -39.214258390920044
-18.66108697510495 36.67859709701975 -43.25864396231895
-21.794859285906178 39.933951362212596 -34.879857351926994
-77.52941641592443 37.314837453316564 -28.899974433112884
-75.4613961579754 38.14417594195852 -29.31455943393834
-76.90905167935978 37.02940778383132 -26.630411446669786
-74.84996597794974 37.88654802083589 -26.93469926143111
-73.49510488438786 38.87945151086782 -29.71039732391607
-72.91123257932095 38.646937669280554 -27.25742968833555
-74.08444408840528 37.55593694353981 -24.63071231026682
-72.18297460304488 38.353471247064014 -24.89311250605314
-76.11758412780465 36.65739761083445 -24.42311614893204
-17.576332937968502 1.3542327222260115 -11.894716509850273
-18.421406778433933 1.4568729062877321 -9.878645532982077
-19.103839192118123 -0.607781033052951 -11.008623924809918
-18.45901562537205 -0.6673331334383645 -12.80228677508783
-19.280731523530708 1.575929757204091 -7.896289317038221
-19.772650685820693 -0.5275221688913038 -9.234201088626468
-17.730585969968892 3.4489875834086554 -9.002953892603792
-18.83046388846259 3.5954857402955955 -6.798527375479827
-16.67051402357466 3.2889046690496633 -11.239694764477314
-20.120613027359315 1.6847176328383622 -5.928724116370242
-20.439906859705506 -0.44575073148646127 -7.4694092931820855
-19.967264374024182 3.672304933696772 -4.5718586254489875
-18.277340067601955 5.526485793504916 -5.957291585188107
-19.88355669590835 5.4740978242954865 -3.3688433621518925
-15.691341082360605 5.096819287362668 -10.845871729127898
-16.912782237903688 5.357403439367837 -8.402465212330297
-22.5580140425893 -7.006485316366374 -13.00463954819759
-21.778666791116873 -4.874035149664234 -11.06190018335304
-22.040059038268378 -6.9115806507702375 -14.23606364847472
-21.252071102507607 -4.849243931085192 -12.459997303724895
-21.034884459286534 -2.6610442179232 -9.193110034343906
-20.4641502807398 -2.697766429805327 -10.770240994460613
-20.74497547468264 -4.814274618785673 -13.855725822578558
-19.905048339161205 -2.7258013884081764 -12.350087396227106
-19.375762069704965 -2.7323105431813532 -13.937565145418715
-20.26920436785383 -4.760705187334026 -15.2518739802553
-21.543737330221102 -6.808968873454747 -15.462312896844196
-21.07618119203277 -6.6923870998154165 -16.685432469277025
-45.86409956821162 36.79254910178622 7.6149466183900545
-47.8239862133516 37.160742386783475 4.360462112327471
-49.853555854973344 37.46303653364585 1.072277134732884
-45.00597470385553 39.05407821228035 2.1828572987905193
-47.184346624357396 39.19706636175513 -1.0334160273312865
-42.88439700346247 38.824642511301825 5.360255039566983
-51.94437022119172 37.701562559822925 -2.1692530431988533
-54.07524521051385 37.88778699055844 -5.2725419773163
-49.41740563878114 39.27532634308138 -4.2021255840216245
-51.693853649611164 39.31205980949544 -7.2292444374119595
-44.50355802162159 40.672858253693285 -3.437483412309021
-46.888419647933205 40.6547871182313 -6.512248086975716
-49.31350722973488 40.59325246420462 -9.445214231928183
-39.87094592698067 40.444589596335945 2.7797882976007973
-42.164219685186765 40.61555582127701 -0.3112237086843479
-40.26522624700697 35.292530038943625 16.833152220187934
-42.1209951193008 35.85469652328173 13.826740152002474
-36.766626065344056 37.42797968225807 14.345843032433306
-38.78391064668646 38.01125027616458 11.393778018560113
-43.974939806783205 36.35503488658391 10.760936693298792
-40.81710910469824 38.47699121731024 8.414127166241547
-35.422437408327916 39.59405551137471 8.660304739525381
-37.62496650507937 40.10374420221182 5.749367177555317
-33.26323211934686 38.920064587672954 11.577043940027043
-56.21554648614796 38.04756223200094 -8.13681275583226
-58.308322991131206 38.20550723329352 -10.773359431956692
-53.99239248154202 39.339072498930165 -10.015117333660038
-56.24888488989769 39.369038972390875 -12.565152858138386
-60.30616294752786 38.37659508781064 -13.20023815548813
-58.40213499730567 39.40844461687999 -14.892044139087169
-54.1836296033949 40.4515565809239 -14.603382372264104
-56.49779393399927 40.37249105769175 -16.831036677754977
-51.766497916375656 40.52519931478428 -12.143088355840037
-61.81282993423905 -17.10600160508625 19.674897139189774
-57.525607512720114 -19.489799382418255 19.597538081496886
-55.53472337188859 -16.837236030870386 20.580259512844332
-59.66044224138967 -13.176027209558347 21.14291339864509
-53.34227481462747 -21.733103376414014 18.856492447887373
-51.7002745796755 -19.52671781320151 19.623871034783715
-59.015235297273584 -22.636281325996315 18.179350361541925
-54.701308113941174 -24.264405159617706 17.72340007865166
-63.34794577883192 -20.75023860232231 18.05026795516177
-49.1593890074526 -23.70346547983914 17.858734058623146
-47.83520034522665 -21.904798931588942 18.46391729452277
-44.61610778523711 -25.666734300291225 16.57906183772308
-43.62564878681174 -24.28762851328165 17.046411580766293
-50.34114546598642 -25.69668090467651 16.955047858962967
-45.59074863097106 -27.119794616008054 15.901232841578619
-55.7574204269915 -26.848752248859952 16.203434828187696
-51.312757388937435 -27.76128445280827 15.68558386333761
-46.47058396595168 -28.614512244240334 14.923587956309447
-52.013021576204544 -29.785075826091468 13.99147861491064
-47.176240673744125 -30.12035394436184 13.561679594808652
-56.4673412037815 -29.331815380077618 14.23980149705105
-64.46802420794798 -24.22164094618647 16.11487083173855
-60.12377663634233 -25.71899885981963 16.42142788285235
-60.82683227811871 -28.603436420593567 14.237844919820434
-65.14939569963926 -27.41573863097685 13.770614563602832
-93.95928420367903 27.398509877065973 -37.52373725445525
-94.2430998456434 26.364252526443725 -39.41314189710819
-95.03693024935183 26.59957446375066 -37.230562710892684
-95.621245453336 25.64431787488383 -38.40226238861865
-94.60739323120102 24.828994215213438 -41.19747913220591
-96.17673354903499 24.058073291236838 -39.94356685923212
-92.34154255637584 27.076820676454055 -39.913069727236966
-92.55446965184449 25.539810101891483 -41.87113016004922
-92.15595791560064 28.178521086503125 -37.823905423071245
-94.78609608169731 22.836124923748223 -42.85119744413347
-96.47436827934553 21.990749232419535 -41.47419859016588
-94.68296776686549 20.504106177101146 -44.11683693193523
-96.44352768522955 19.58383270303501 -42.678337249803626
-92.65108812436375 23.618555026516347 -43.589791947641054
-92.51744502946963 21.38545816760754 -44.89218757209608
-90.04471424900896 25.999481270078807 -42.00802587356974
-90.10976811925642 24.180253960837803 -43.70315291437875
-89.98634514992051 22.071467456652474 -45.02133872050454
-87.28941339915603 24.3653027777388 -43.229038467791234
-87.20775133173595 22.400361584989394 -44.545821357436814
-87.2173191144186 26.07010616602529 -41.60713201668729
-89.76625213831667 28.60108897466404 -37.971149448748
-89.89972746691001 27.487095440209657 -40.060657298858885
-87.08510349809214 27.48818272158 -39.76959877224236
-86.97426290745936 28.590731581480647 -37.79276536583798
-96.5348900759567 25.197302012851075 -36.729574327478645
-95.45910189913329 26.669649847257542 -35.77240622592477
-97.10106147742752 24.765203495260142 -34.593701221035374
-95.8307725905572 26.4995371769546 -33.73276917766281
-97.28685536214364 23.406362133273117 -38.07381748142508
-98.03271347320785 22.74866616195848 -35.76791366004355
-97.42144712430375 24.103602837942653 -32.18403629317898
-96.01289107733585 25.992072254979828 -31.442694583549404
-97.55172289062881 23.206439803057723 -29.600073900580167
-96.04884322020746 25.186038063419172 -28.96607982931882
-98.50345804579813 21.972675697822705 -33.19417853073503
-98.75032423665043 21.029370723306876 -30.481938627727175
-98.62862406715091 20.467227324935354 -36.99027266940839
-99.24731893356054 19.642864431612292 -34.2692962046319
-99.61848451220467 18.693418947803092 -31.448814971085717
-99.59216967969373 17.14723799315244 -35.20922440969165
-100.08423713859364 16.22418720336158 -32.3444274542134
-98.8367568239056 17.97519693206065 -38.00793140372927
-97.72927455981541 21.227668652047406 -39.45397384752874
-97.80700116083617 18.76632609187247 -40.56728461250042
-98.62747118570142 13.102681990069122 -20.54827176462803
-99.20010494098584 14.745779853846978 -23.187871127613853
-99.7897845180767 12.449035938168336 -24.170603311535782
-99.22177104434995 10.81919368256489 -21.614269680831775
-99.57367287367472 16.230031489328997 -25.8976099113951
-100.15202390009192 13.884656806143807 -26.82162893226169
-98.25035374050665 17.02857126889653 -22.24853487203618
-98.61514047889274 18.51972885374208 -24.98623086049832
-97.69401374409038 15.412330429713982 -19.554771791385328
-99.71933800237842 17.548789910436952 -28.65491477584979
-100.2611442918617 15.13859073377708 -29.548306712539684
-98.78188848566752 19.862910522910592 -27.73776686186534
-97.33809116608475 20.741799866027318 -24.20059373376094
-97.52200561779368 22.063529285683952 -26.925964521692933
-95.97094797175332 24.119372884108703 -26.35685381632206
-95.77199218170925 22.871700773533572 -23.663071082552808
-96.4468631750687 17.73457760911001 -18.730412925620858
-96.98524058178458 19.287012534552762 -21.456135232299687
-95.42418571982456 21.50003711263174 -20.9242465225277
-94.89460848563637 20.047735792590775 -18.181820554979527
-92.1658027095605 15.327702216055675 -10.146468578939464
-93.79261765452397 12.606096802794877 -10.846449627309175
-90.95071253709682 13.522467515116476 -7.4675409056088835
-92.62794821023768 10.647600828828821 -8.225111780974634
-95.08830509843308 9.90792466161386 -11.85807216322632
-93.96134874927718 7.797446334709724 -9.30642426764677
-94.82925040931548 14.423782207254824 -13.454831962569473
-96.09464145049891 11.871025163293803 -14.395545812675566
-93.24275935025473 16.997332060946075 -12.8143572466768
-96.06052944335747 7.277616552657735 -13.104273475900378
-94.96016289016968 5.024000603056517 -10.64580102520613
-96.7105456859223 4.757388573345556 -14.516550321986658
-95.63027019173241 2.378834023623799 -12.184342442371388
-97.04294455264083 9.374530285463425 -15.54869529196869
-97.6708071863753 6.965712832058615 -16.835629217910796
-96.96922808273955 13.700555311816512 -16.94983833438066
-97.9033737283259 11.315223464757814 -18.016626682736927
-98.51124313676152 8.989795895177158 -19.186091741672385
-94.1606475394985 18.560174436302624 -15.486398379843283
-95.72162525468485 16.1246272554305 -16.0737539583859
-88.89129381781073 -4.9473834194909685 -0.747900470012107
-90.74068908903378 -2.430777790523046 -3.1490253166511466
-91.43469106181419 -5.412536065493551 -5.01138296662858
-89.58695999423198 -8.012757489066505 -2.6911924152329854
-92.3470840097763 0.10834844051666473 -5.622748117502623
-93.03822648013346 -2.773566812327689 -7.389467522225563
-89.68435176360286 0.7171125549385159 -1.581184213870302
-91.30611010874586 3.146382057327399 -4.121569616704605
-87.82171143793026 -1.709038105994216 0.8773446418381858
-93.74075421140431 2.6131847718193293 -8.135217981531675
-94.4246136917937 -0.15498637502588714 -9.793118911349998
-92.71819947496505 5.524797513747835 -6.71061886207822
-89.9000978525874 6.281292853984184 -2.9270443744468597
-91.34674479728261 8.522928075889803 -5.568997166019588
-89.6135622815483 11.551528971271482 -4.765106690779149
-88.11389599900004 9.454906634304606 -2.082931178930653
-86.36254301417635 1.641322458292251 2.161893437464013
-88.24918544077416 3.971091937105271 -0.33960000252099076
-86.4179284216498 7.27187736484027 0.5423946213837161
-84.49937212272516 5.042816935804924 3.083624615684648
-77.35720387000583 -1.717722955393123 10.300068212993
-79.19141756982587 -5.271721167750964 9.26596977443205
-76.35516881535143 -7.637157069415853 11.708542946103114
-74.5760449233294 -4.036135753589958 12.734232187753202
-80.66511068189084 -8.807238219843756 7.864845586258248
-77.81003347125629 -11.24379794471988 10.284502848889453
-81.81248482102565 -2.9533890785894252 6.895554676351618
-83.29267807270662 -6.430039904608666 5.528264855941387
-79.94651992559898 0.5597858931730741 7.906040241138497
-81.75795453528876 -12.239643194202216 6.095735775322854
-78.89955144293677 -14.752466398778619 8.463408042662936
-82.45532392026192 -15.488454557821658 3.9620509280141976
-79.59100015448941 -18.067526854806424 6.251742242137462
-84.38190652471734 -9.79781732027854 3.806601569696844
-85.08049129048169 -12.986524970451908 1.7373685385677087
-85.68323812870446 -4.0772778929004 3.221721085048231
-86.76430143599092 -7.384274455031458 1.546779349191949
-87.4615645501715 -10.514692070291966 -0.4622922996695692
-82.33351114749038 2.80913373247126 5.517617791845201
-84.20877353670161 -0.6578923173960554 4.549126119016265
-76.48470020828897 -20.756309538012268 8.62584646173784
-75.80499154696754 -17.368053455489857 10.93597499290093
-74.72562548784907 -13.766820561316873 12.815371649759722
-72.38649290615251 -19.91055877529965 13.194930067916813
-71.31111328462937 -16.25307120493528 15.130330034068285
-73.05436122988114 -23.32629739766679 10.805740295508246
-73.30300477073915 -10.06950092438038 14.248370589693385
-71.60447370995225 -6.405597957307986 15.224139027868324
-69.89522467226507 -12.481729627860789 16.60566717577622
-68.28329204271543 -8.746755138428076 17.554741276910224
-67.49728201116314 -18.596744316995096 16.95770548062211
-66.01757467778563 -14.793321297195913 18.550179219421803
-64.47219896745841 -10.978033122190784 19.551768546756865
-69.26040443061042 -25.595608503118427 12.572283516036189
-68.59412958671409 -22.23529379579099 14.98118382673856
-74.30810657143529 -30.148944992550497 -15.126298618685244
-77.489644174255 -27.399099518416687 -16.798040870642787
-75.84616646002353 -27.234235700289457 -19.877652286978712
-72.63737832910877 -30.013020755581646 -18.266713096952273
-80.39725658890903 -24.63417595033235 -18.48219497120884
-78.77924496646894 -24.43346789109349 -21.48638334860445
-79.0117165290566 -27.12732543809444 -13.654952629687436
-81.8811276696219 -24.40440617009506 -15.404166047074114
-75.86978080198908 -29.84753289398207 -11.921430223202655
-83.04419447014979 -21.858034705977854 -20.12954718080138
-81.45520323699125 -21.620034354918957 -23.049137263751362
-85.4280869231563 -19.030744244149652 -21.68679135853082
-83.87915237725473 -18.759661237750002 -24.51248229704016
-84.48731514588177 -21.67254039112405 -17.12393807270287
-86.82484292072203 -18.88446435978378 -18.769996926504316
-83.17511884479809 -23.710622633656932 -12.299381969957063
-85.73438401473676 -21.025370470420352 -14.087299546310724
-88.0225899076068 -18.279565231126544 -15.822343484505431
-86.72894684417024 -19.872698416280926 -11.077912698903162
-88.96909979599543 -17.17034489237494 -12.906693398293534
-84.21874980918956 -22.51360538947064 -9.218151228899044
-77.25892969420136 -29.084834802939167 -8.685737286454247
-80.35262328409526 -26.391246311641282 -10.487371492246924
-81.44657467834767 -25.155941703225498 -7.337917322688434
-78.40658219965033 -27.82886125972544 -5.456760271659163
-59.62745069323852 -38.393520481992276 -8.64658760886837
-63.39952601406409 -37.16365579551212 -10.3205165797647
-61.678155557923965 -37.06714702138565 -13.440249164729623
-57.94679859671184 -38.30604107650232 -11.637705009916667
-67.16966044337134 -35.25834719681902 -11.926418678234729
-65.44236601262435 -35.14973588689179 -15.102054936695609
-65.01449432185011 -36.865685793433514 -7.058756382602572
-68.79720666014386 -34.9522690573971 -8.635127205756552
-61.19079408662261 -38.11116602401902 -5.497686908574681
-70.84120365804773 -32.86355095190857 -13.515477860295523
-69.13512551623847 -32.74383511438153 -16.694812244495324
-72.44586444901107 -32.55326243122307 -10.250325361536396
-70.26398794621683 -34.2074386150921 -5.264604620557923
-73.88570755762396 -31.79010340456108 -6.9327554000140035
-75.09051765237737 -30.54118424656465 -3.6013097256919933
-71.50270606984134 -32.98939419723194 -1.8563238912065412
-62.58499385010099 -37.43075257769408 -2.2304932329213276
-66.46737170893532 -36.14798141329378 -3.6944854833301974
-67.69541247674829 -34.97359102739987 -0.2719304960562849
-63.75338154362268 -36.314612624059386 1.1123610913248736
-54.32566291873066 -38.55129573978422 -9.577273897088986
-55.92103051531373 -38.643118496000426 -6.8290869045514935
-57.39015934276048 -38.393884848945085 -3.9224969492898163
-52.237057843960905 -38.1533461108272 -4.8398229841402856
-53.59227153225617 -37.95654166143367 -2.2819489413143477
-50.752109285882426 -38.042318394411275 -7.243592276674113
-58.6835311159161 -37.77339399996112 -0.8882538593364346
-59.7488673142311 -36.74557077690426 2.2402760805199766
-54.76930476784328 -37.421425030247434 0.4135299029449313
-55.71993195059641 -36.51565539309828 3.227950089635369
-49.75349852775928 -37.08014966869613 -0.5423056050443362
-50.79331181066648 -36.648606282131304 1.7511131862264464
-51.612758942234315 -35.89019898123395 4.189829260563924
-46.68619412405603 -35.69100502705165 3.129095610683135
-47.31642829313201 -35.08330004813494 5.16567593860799
-45.841137368838694 -36.018889363643375 1.2536763026755533
-47.18980432439466 -37.07913683977308 -4.686239735787762
-48.53718231628399 -37.21436003034404 -2.688236269134581
-44.81998926091809 -36.094701583043324 -0.47410711627176294
-43.66270459064478 -35.94252604671588 -2.06851000122603
-28.73015064890665 0.6884655216083945 4.711713471384539
-27.714039863697373 0.8237628417076854 5.929612579671257
-26.118456832009134 0.751304366156637 3.682910071224631
-27.187804396216414 0.5662777092769793 2.4503932677892326
-26.952841960946536 1.2014263157599667 7.046715399831814
-25.384744344060547 1.1786123394665784 4.8472507734487404
-29.531208277016788 0.4143394962181543 8.486932658058752
-28.63070786132602 0.7075845653968553 9.529992037753349
-30.569472709131176 0.37754359083540723 7.277537206722252
-26.36151857596895 1.7459160578502828 8.096038466485117
-24.877756341367594 1.7718564639564152 5.9668296210557905
-25.859256489859252 2.3808869664622736 9.1067564463433
-24.49236149112186 2.4556720855867717 7.059267083300899
-27.861186049940695 1.16562354065169 10.495595150164807
-27.15656983170115 1.7113627575463062 11.415233768278746
-30.19658543761792 -0.2372198418586463 12.0854991281361
-29.171689138692543 0.11010614926679627 12.92982788202255
-28.228601076405504 0.5444922727611987 13.743834498229656
-30.084238324424998 -1.3393428954974478 15.127171033993413
-28.925536917375275 -1.0093087738064228 15.818671600933675
-31.34742514756689 -1.590934808909405 14.43250123846828
-32.59523291564575 -0.30214336635718053 10.030933155308702
-31.39231317261261 -0.42006631339678224 11.19997663011529
-32.829449061142626 -1.6966496416611005 13.755837603775673
-34.832074177419344 -1.501925879857238 13.059981511163489
-20.756347195626972 -3.287100986493391 1.2928609842391001
-21.481973728570434 -1.5600974743268314 2.1319562624610633
-20.805926966906387 -0.88005733724281 3.4172054253291604
-19.823555032058472 -2.5761616925805964 2.61346431530316
-22.424533255972168 -0.03868586287333142 3.1105187456172168
-21.932678290569996 0.639337572570425 4.3423856248577835
-22.265061319269268 -2.1560572370842914 0.7944583967215264
-23.042769982132487 -0.6324104212617916 1.842212007949433
-21.765839311123163 -3.9107187926710676 -0.1019416993033504
-23.561775679494147 1.1243736444306096 4.345396146596425
-23.17194590636877 1.8116863061836699 5.511594252916085
-24.08421983556045 0.5244450972476788 3.1518137237521793
-23.901393134839886 -1.0564235442393426 0.5306441441720107
-24.854517486763026 0.0901841763698763 1.9203939789002087
-25.99305903720908 -0.09632538463244406 0.633865955892674
-25.121574542928542 -1.2188161989233235 -0.838420991543388
-22.93300119221804 -4.338460731696777 -1.5803520963371396
-23.257473230650863 -2.572315148681451 -0.6018799131331032
-24.57018137033429 -2.704455803415705 -2.0714724328489726
-24.34844272436789 -4.4512559634493085 -3.1587606852329664
-19.02285913964658 -4.285562806808211 1.8471992653505565
-20.275643505010038 -5.071396600706192 0.5108318174345778
-21.564709375992084 -5.764514103014067 -0.9268987808561753
-20.027134121448242 -6.8069018839389175 0.0006690015817607531
-21.60245895834469 -7.6090854912599895 -1.466910959868101
-18.45427856057849 -5.93633429706618 1.323086410585534
-22.94233694570726 -6.239502935702079 -2.479934252017383
-24.47063054160619 -6.359412253428172 -4.167682048503228
-23.213068700826945 -8.229260301711449 -3.1206850471784886
-24.864443844147377 -8.434541613675155 -4.9732358723437935
-21.83144448819308 -9.323739116549646 -1.4976816329115992
-23.67752478136114 -10.25980194183093 -3.3150381455770717
-25.45802076950919 -10.688108580994493 -5.439307578911175
-24.091935200151784 -11.840110005742423 -2.5155729872812795
-26.222420188549474 -13.480101871508934 -5.299855824477104
-22.158832818817984 -10.670719872111835 -0.722349734364681
-18.182745350302326 -7.440124566382839 1.2672089918965679
-20.011621516253403 -8.371807161156957 -0.0062894010421001845
-20.22912046400865 -9.637975886642145 0.7053326755844112
-18.27307849857063 -8.703884136554974 1.8958508396032245
-25.697658093266906 -12.736636672029555 5.021546890567684
-24.74398249941216 -12.164776403708583 5.5332932224523015
-26.427197838001778 -12.273171034798175 7.887537752361588
-25.557907942481666 -11.791085732899383 8.379803449988593
-23.53969242332074 -11.631121950127268 6.228434795817772
-24.478856012988278 -11.395739893426548 8.98860827853651
-24.318982093007 -12.410478948663739 2.635940598393696
-22.89936358620601 -11.661639841800374 3.542249588045281
-25.42659372393954 -13.168008941733614 2.003343473047411
-22.15650492332932 -11.130049981173798 7.02344663431993
-23.250240019732246 -11.058941386947525 9.65872433922146
-20.66290834082222 -10.653133688017059 7.844039943750544
-21.93135142883031 -10.750845716654828 10.341643795347718
-21.303595349192467 -10.954057210428031 4.5031573814358925
-19.593922444823818 -10.28450783964737 5.455970089905469
-22.48081872439869 -11.397887123294815 1.102258807384871
-20.66397160053041 -10.477261379958469 2.309846552519089
-18.773390106520637 -9.641279044474999 3.3883404531193415
-25.55243447016559 -13.492774809480276 -1.2280713555313492
-24.208021651911587 -12.437665722359876 -0.26997870470054286
-99.42604692303001 14.51210594056665 -35.806392777215414
-100.02704676360676 13.638701179789933 -33.00784349076797
-98.83815756258953 11.773721231490567 -36.06638200559062
-99.5370109337654 10.956518029636838 -33.40207853641476
-98.55151327762009 15.322601272347587 -38.557178784989276
-97.86286515557563 12.563534705212701 -38.68842674839219
-97.90560400827609 8.954814241832239 -35.9952295341335
-98.6931604455074 8.188299859397862 -33.48868308321049
-96.69323141940664 6.076620528388381 -35.596014018261094
-97.5667017288407 5.347888663130536 -33.225490919781045
-96.84762539182749 9.735170116027994 -38.456315216031115
-95.56778529476934 6.867609464911842 -37.91440649949048
-96.63092238806935 13.373030728018037 -41.131453479119855
-95.54341213771517 10.563419154520192 -40.76790995574914
-94.20845501671397 7.736609522411061 -40.10571332075784
-93.9922243028678 11.47871565360716 -42.79853303006567
-92.62079842819816 8.705130385250758 -42.07513462205197
-95.12643618349468 14.253749886147107 -43.22466715552726
-97.41174965118616 16.124742133742156 -41.09707918489978
-95.96793929468221 16.97739129575673 -43.22543482307541
-98.16368188722467 4.669851563566709 -30.86376117583491
-99.16742288866456 7.404114333793484 -31.018347702288725
-99.90157815272288 10.063681380447969 -30.800677762990116
-99.3576194592169 6.594246995915286 -28.651760532970172
-99.96367737086008 9.055562198817515 -28.285511730352688
-98.51077344108164 4.079236321099625 -28.6119758455726
-100.29270712922323 12.642033328217744 -30.28673580582371
-100.25385283199705 11.48965392698105 -27.64608386466059
-99.761209004649 7.891426598559797 -25.887788531984874
-99.94988075510955 10.145149252500161 -25.096610139912666
-99.43245871189384 8.573595404459624 -22.661534588452138
-99.33587628107456 6.470936348153003 -23.63929374288163
-98.63183923605202 3.6167987628112583 -26.57631323118905
-99.29539126692411 5.752950278590286 -26.46322772520211
-98.99791094209166 4.628172568058045 -24.493899527151857
-98.59963805765915 3.336951871281273 -25.091263999192915
-94.24789645038001 26.915835280625718 -28.758116205404633
-94.27137012168983 27.584151320474326 -31.187976014419885
-94.20026801541931 27.92961712780152 -33.46010897205411
-92.1736687413251 28.816617205480664 -31.22996383823208
-92.16672526887716 28.996029494184928 -33.5200683802056
-92.1300780567727 28.319897023805087 -28.820320337620675
-94.02431960583719 27.89572648256858 -35.55630072686164
-92.13167804768297 28.802223205097253 -35.70654991085108
-89.72930640151672 29.632363266593114 -33.65105112927049
-89.72641785835478 29.306055227258128 -35.843974420974135
-86.96008382240711 29.352993961794404 -35.750245283813804
-86.99573837885754 29.792353504773324 -33.62474954655577
-89.7050922168532 29.311288218312008 -28.991049449231177
-89.73370080056382 29.618829896047544 -31.37227220796482
-87.03901460635892 29.934733053199146 -31.408117473477418
-87.0529707510506 29.813209362654927 -29.096567845724767
-86.86699749472429 20.19834814066408 -45.453603322223834
-89.55487904853442 19.712733552261113 -45.82563200840534
-92.02404594755845 18.91078540922859 -45.59061803202569
-88.82488405865682 17.19810050647472 -46.163272762399245
-91.20968701084067 16.29002050564627 -45.766242029591645
-86.24838307322104 17.84445895425371 -45.96362623058397
-94.17317747383548 17.950167419656026 -44.724468321399755
-93.31888636827752 15.265289846958105 -44.778438789585
-90.10864768492483 13.609168766997167 -45.51423466056335
-92.17854118586233 12.527065236197432 -44.3979441911815
-90.79690410850874 9.801623333360187 -43.71080263233197
-88.75039526313878 10.946516241184568 -44.940118859344885
-85.33385376240038 15.423171668637439 -46.09361721193139
-87.80430268300998 14.61672541365827 -46.0930674552808
-86.50259059541587 12.054415544617722 -45.683519153556304
-84.11416990325388 13.02008624617589 -45.869355049687606
-94.13924430861665 25.983224947126207 -26.183103638106452
-92.01726000619333 27.565073638444755 -26.272655357819342
-93.9253172366428 24.868348469118768 -23.51078481373321
-91.80357969203885 26.628750383167308 -23.628900155697483
-89.61473371975343 28.759272294040706 -26.489788054372934
-87.00569226454148 29.463964527198836 -26.685852593183252
-89.42034977245042 28.02910538046106 -23.902478984066
-86.84829235828774 28.942886575008977 -24.203475403381162
-91.44754029571787 25.56828179483965 -20.922240988877498
-89.07716979146538 27.171630514036767 -21.255085412374736
-86.53251642469786 28.29335603689505 -21.66986209479384
-88.53693667133585 26.221959150726327 -18.568543694823358
-86.00954522046236 27.545209165475725 -19.099931784254345
-90.90350980836794 24.42475319035723 -18.1819897014845
-93.57100853999412 23.63166592825777 -20.779775267329352
-93.03405716688016 22.317593240132247 -18.027387436200627
-39.804954207981574 -25.11948535222942 -25.581242634398482
-41.60451712486686 -27.36279101896736 -24.784698484147423
-44.366696975808445 -25.578998613426172 -28.304622996589238
-42.26175792940118 -22.16339978157502 -29.710615191417542
-43.44561863882585 -29.975064797715557 -23.19748833981036
-46.37806997212918 -28.686617481707664 -26.53653610704566
-39.19486390661843 -28.70995408529126 -20.055589771354835
-40.79322781294634 -30.738028233536006 -18.826027485570783
-37.69765152064788 -26.925449501427234 -20.705826549016482
-45.33816208214326 -32.42669177574241 -21.256413876277083
-48.43730145879523 -31.504964125347634 -24.420334904385044
-47.238816420933524 -34.55946409159859 -19.10223254873531
-50.49049857994767 -33.90160458394075 -22.073012121008762
-42.46760153216751 -32.734403112152165 -17.241914684024568
-44.17873170355667 -34.52454333346608 -15.44574127342004
-38.23395232549518 -31.1736325890289 -13.667385410380914
-39.6978302456257 -32.69310606016915 -12.57167290412876
-41.218916921735364 -34.08325766197945 -11.27414572912676
-37.04169042004221 -32.590783339135605 -7.892852388154539
-38.397650198514896 -33.52944364209345 -7.088483298284656
-35.74043087200925 -31.591167196127987 -8.505592586962923
-35.621244262664476 -28.292613851979 -14.945827618067248
-36.863531058050334 -29.658756142736056 -14.486754278513864
-34.543064737656124 -30.58496048798696 -8.937569107757206
-33.499466325251575 -29.63002997267665 -9.194325030351528
-87.42933788172625 0.5046286190507072 -39.10152652619315
-85.51057677860864 1.8772374509489689 -40.81023153475485
-83.45042273781624 -0.830998604962288 -39.7624229372769
-85.42550787999383 -2.3292345045463287 -38.03942561154568
-83.40906254583932 3.330240624053612 -42.196663994468096
-81.30339309859973 0.7674034533711673 -41.16277092820225
-87.44030854190392 4.527225274696404 -41.8535471636414
-85.37297522204834 5.854776723664499 -43.210951814395074
-89.31658782183774 3.266908150990827 -40.16461376629531
-81.16361863787851 4.822740955724284 -43.16435266221242
-79.02931111257548 2.425315655305751 -42.14790915064096
-78.83846786960702 6.292339462673839 -43.612514551539284
-76.6982085607938 4.0792943500735355 -42.619813580832535
-83.14587625593175 7.200239083997777 -44.13912207851456
-80.81972770203792 8.493340414381855 -44.53911013685437
-87.16311663933276 8.37883406063818 -44.146786134746264
-84.93823899881353 9.596937582170588 -45.00351072673936
-82.59435809513204 10.722743706456155 -45.319523396197496
-91.05587140134317 5.9866722336068605 -41.17481381849834
-89.2109159399948 7.153798240623444 -42.83957194440062
-78.84722397367457 -11.177558758771655 -35.07933102064542
-76.63715255523357 -9.285462413528721 -36.8349379560713
-74.13327462896045 -12.062268923337662 -35.8612081039699
-76.42026501950164 -14.07373375494634 -34.07122036626489
-74.30693957439296 -7.196171873736111 -38.24748262229201
-71.73846807665147 -9.81902352971884 -37.28988113755394
-79.0219753538034 -6.462125017842708 -37.79909404830653
-76.75615973563913 -4.535826427032698 -39.20590526563037
-81.15064032329357 -8.226639403334179 -36.060572058287
-71.9259007157754 -4.9896227489697775 -39.23382158245799
-69.31988540091979 -7.440886483820664 -38.275926768807565
-69.58760389987351 -2.7771994614100057 -39.71449327928768
-66.98639656471059 -5.060644685937785 -38.74915837380267
-74.41156382419233 -2.5109101364683433 -40.19535202242351
-72.07222856039769 -0.478556132248544 -40.680117447394636
-79.08728525244754 -1.8692092340682858 -40.17386785582506
-76.77889296969035 -0.030025974863418015 -41.16454645354082
-74.44201418088511 1.8143055604195613 -41.64734096019416
-83.33932826279865 -5.260660487724611 -37.03848190708668
-81.29129855367904 -3.6291846101782403 -38.76892867512761
-68.17899168382394 -22.373664278461987 -30.692716654518406
-65.75064821914843 -20.03352007566982 -32.71198509742701
-62.54753619724379 -22.649054331449758 -31.51789100699407
-64.96647070617003 -25.097856925847047 -29.395264809230326
-63.227194479937666 -17.37493779714853 -34.29840277484534
-60.053529503407056 -19.852753566975565 -33.203752213461584
-68.72482004122934 -17.407009429291893 -33.815048992560165
-66.21919318652377 -14.885677597249897 -35.32729296839096
-71.1281704185046 -19.63710745030264 -31.888347465507955
-60.76074000766771 -14.541542454099806 -35.36624826597816
-57.65210824403483 -16.86885996230762 -34.35505430800668
-58.52751701640516 -11.724497367413997 -35.86189022603576
-55.53243509449418 -13.906966852940332 -34.9098581453957
-63.74076846188184 -12.200918184583434 -36.3449068952058
-61.444807304003525 -9.525478834346094 -36.81438988257395
-69.04941199882059 -12.373333474374155 -36.318450608500235
-66.59310723592563 -9.83824706312646 -37.3114575450871
-64.26883215333791 -7.306102558718366 -37.77708256523798
-73.86082966391952 -16.880189996901194 -33.009693255054614
-71.50732144560662 -14.758265790854818 -34.858106313197446
-54.04770091021263 -32.374529538588845 -24.391150086974026
-51.87331563459774 -29.838252337892474 -26.779030141479154
-49.70026401868435 -26.854477304543295 -28.865310314224804
-55.46997583976613 -27.701728440558394 -28.65421350750302
-53.190378123333666 -24.701472520320618 -30.614694652846225
-57.74933440323736 -30.281331090866654 -26.314956947048547
-47.62927082498425 -23.572267304183796 -30.528702922255363
-46.036219546476275 -20.195534256409392 -31.580340024068747
-51.06484044568407 -21.455097402084014 -32.06179348460251
-49.32020896221251 -18.196533090066538 -32.87878190281968
-56.67257756924852 -22.33714446708455 -32.02541158328848
-54.409794566969026 -19.20232205112112 -33.30381082384157
-52.471039049882 -16.086981189409077 -33.96013278774769
-61.438714553960224 -27.807135157470718 -27.965534661998024
-59.073213490500635 -25.263718194613528 -30.205638538056146
-27.826098563680283 -21.505243437875887 -8.517962655530612
-27.230932718510974 -20.386599864393908 -7.222390456510505
-27.58490324832684 -21.931987513440344 -6.471449397037617
-27.06403086052011 -20.766621750236315 -5.554166761641747
-26.83670073865363 -19.223502235210436 -5.786175815759689
-26.70268310699447 -19.6382014819218 -4.417052374835335
-27.447100862573873 -19.880301677102885 -8.949284626253322
-27.0103796319687 -18.683205812046552 -7.2271569175141845
-28.108228808997772 -20.94989896785598 -10.60599879618335
-26.60315506973338 -18.074628315976227 -4.142212388451627
-26.485092510498337 -18.56568836557099 -3.0261733966621955
-26.48280134249179 -16.997817181117192 -2.2340873742457372
-26.389911483575244 -17.566052552269678 -1.3541801048660371
-26.72246173978414 -17.438048257655506 -5.328305046125401
-26.532426990792075 -16.28182931168456 -3.153855530499298
-27.268622755365396 -17.91376386919196 -8.77583439545179
-26.845149205465738 -16.526527143553647 -6.632635074692116
-26.493429946902886 -15.281230725932495 -4.137854148974096
-27.20186745433837 -15.36324678873689 -8.295632219937165
-27.715611490872273 -16.85177296226619 -10.513151864613336
-28.474431517423653 -20.175237296729133 -12.664309018189599
-27.767594292011854 -19.151213374951535 -10.730838152056146
-28.247523539091986 -18.105623896222507 -12.554922525564061
-28.96835127184835 -19.08406201013338 -14.607464685632674
-31.718941743176487 -25.020610046104487 -13.015399356498834
-30.685029500041548 -24.268467548505285 -12.009084730325316
-30.64447941111726 -26.355011176971516 -8.663060730409892
-29.873507236134476 -25.361611031883644 -8.27524129456437
-29.63710483132396 -23.43681601236562 -10.91471002488694
-29.06173490956582 -24.268535198691954 -7.799462548232306
-31.464412319974826 -23.13737239473581 -15.743381376684894
-30.21446522082383 -22.52264632374301 -14.048707217012765
-32.7185393018 -23.69781813397583 -17.330154884073874
-28.656029538441217 -22.51873948458056 -9.748931508872353
-28.275120802920256 -23.112559302772844 -7.208934284780023
-29.06275116530261 -21.81123417910818 -12.318058106370536
-30.786716149842682 -21.476002589619323 -16.886414981783396
-29.516838818203283 -20.918656294589827 -14.743151174546135
-30.047624126662527 -19.741060201894616 -16.843310766179354
-31.375044265062705 -20.18230315722881 -19.148755395177837
-33.59304976111956 -22.32159592061806 -20.93329835216189
-32.177172880988756 -21.92501346096478 -18.9880741767758
-32.84760728489717 -20.487593216895714 -21.39328666510561
-34.375530067593516 -20.71743073904368 -23.454393190534503
-47.5153303615433 -1.9398516558443668 16.886857521910553
-48.15815642172492 -4.126479686128734 18.60797957017197
-45.109528350769594 -4.116272883317467 17.98038081949095
-44.63861960298427 -2.1211878200156518 16.264725211634868
-48.734401392635995 -6.402836218744386 19.943395944146847
-45.58563131420358 -6.214461379763985 19.318447780621536
-51.36423769958631 -3.939722986820966 19.085021765518277
-52.03807436676014 -6.439519335644893 20.401438125239267
-50.5581506750789 -1.5444615898441905 17.37862081984526
-48.97336307024535 -8.740607977936428 20.79960375524023
-45.83865309846 -8.382459570355921 20.2039324599287
-48.617823209858656 -11.10353475776107 21.093793325658492
-45.648755703622626 -10.58364552903663 20.56504442317261
-52.29718455440122 -9.045483510871481 21.22815838815521
-51.76823931522839 -11.679236794667226 21.455040109870946
-55.42612065962752 -6.187333688082246 20.551096559622593
-55.861394594032966 -9.222847742215704 21.367922446202
-55.232273459765615 -12.31848528292092 21.553232383942404
-59.54013146574543 -8.798674295316856 20.95167665979429
-58.776338412735704 -5.416872672023099 20.210014860070483
-53.61486671432089 -0.8318681420285474 17.610356457485672
-54.59508718290963 -3.418943434833837 19.2725953255285
-57.70864241543749 -2.433134469860012 19.022313558396817
-56.52417578599549 0.29780124963815596 17.439889472378415
-42.73526653282056 -10.117683268421844 19.967733211916705
-42.84766277551452 -8.048345563879145 19.562417154736753
-42.66283276513731 -6.0099507603385485 18.659555079183352
-39.98892206144596 -7.774363435008905 18.916775254183094
-39.95672898942422 -5.809423018816512 18.025708370819437
-39.85445206727393 -9.751505338767137 19.298144564487217
-42.34755522314869 -4.0418144262082585 17.324677491494523
-42.07326678234186 -2.186660255193985 15.620278298808598
-39.80751651667863 -3.9031948138800168 16.66059674184939
-39.70294958329693 -2.127214747725913 14.913460247259776
-37.45829133532575 -5.620417940937981 17.468786108415127
-37.42559282708488 -3.694531323277979 16.006215663318812
-37.411953621266875 -1.933603380790153 14.10719149431891
-35.27245098880573 -3.4978149163891774 15.625163244892944
-35.23682934399157 -5.44174411620867 17.127846089580093
-36.98628492768792 -9.521077547269048 18.547589385995128
-37.25283240827397 -7.5833280863335375 18.30156714251191
-34.81314281675847 -7.400344785638086 17.85372220833455
-33.87216975459223 -9.483478776750259 17.604296358605698
-33.42541895967826 -3.384799961240202 15.781948649136442
-31.8332698284178 -3.2661224572080236 16.240064680341035
-33.362942815418606 -5.26167071316762 17.146270131180543
-31.74890318620487 -5.071955727527116 17.40200492451201
-30.443090081781293 -3.0588870532567225 16.771095380790346
-29.14888284434818 -2.801290373416528 17.324369982954497
-30.306195990875405 -4.874107682500298 17.77731411828786
-28.94447865754572 -4.666098814832633 18.19673414519582
-31.201957756081693 -6.834591604858122 17.821883071301457
-29.739811640038916 -6.625398507415999 18.076413772849833
-28.36323867870243 -6.450894077155364 18.39143395726799
-28.802393588827645 -8.168072593935545 17.616725003527876
-27.44866217666388 -8.014584067588778 17.88426575184953
-30.231586798437384 -8.3861905201164 17.407608532077433
-32.84418836461315 -7.125184480766881 17.72043515475449
-31.821078215424276 -8.745684578679036 17.34680195012711
-31.350438166469086 -10.541970266060751 15.610842770931095
-30.220576028626265 -9.910660427966311 15.885671466159083
-28.85895663262451 -9.564244753655407 16.08762590760196
-28.420454414084922 -10.745466249965242 13.679956802906812
-27.30054684380321 -10.427468906515928 14.082179757271826
-29.33662948151674 -11.258511262604127 13.262390614434365
-27.537832439124255 -9.358588901425431 16.367647072848165
-26.231854841524626 -9.216393850932349 16.671000504484667
-26.090554609009477 -10.222770945356379 14.495409286704355
-24.828840189481465 -10.066817919021721 14.898302798143742
-25.78453840087341 -11.02152141087776 11.650384799458331
-24.609955499031454 -10.777975716771536 12.195453709264754
-23.35634327524749 -10.571246481179859 12.733989691529471
-27.664706141146887 -11.813418537275197 10.648871058462314
-26.822202349012425 -11.350439196972031 11.124415582890817
-47.42391951046684 -13.446328495201342 20.770836057581256
-44.7968579051407 -12.778742802111283 20.345687477491342
-45.63688198944868 -15.780431611713308 20.012303878008936
-43.463188280254926 -14.986884566161285 19.693426109711954
-50.11042574258546 -14.243039733486329 21.014532060591655
-47.746546251788764 -16.7290063416315 20.14168686642524
-43.419198830227174 -18.172857235059553 18.95716906995053
-41.77550857985838 -17.265543727523106 18.736547280993967
-40.84621485915872 -20.730657014511962 17.679465933247066
-39.81876147836387 -19.68769533458893 17.57617065781045
-44.96992629648486 -19.204878792979045 18.9954899130048
-41.78865938489954 -21.834151444329922 17.612401590438797
-49.800408130865385 -17.918843933128272 20.032479743993914
-46.43909083403758 -20.42659738822964 18.83632435298317
-42.698536501492654 -23.014393935166428 17.395511109711475
-52.93522691835573 -15.233751247330694 21.000577476634223
-38.6524683564028 -18.692204966609058 17.279803178450315
-40.028536725255044 -16.42168144679778 18.34911418269785
-41.21928346664953 -14.268080885307766 19.23460223313264
-38.20091367990396 -15.675427320167582 17.731980527334404
-38.9375050762954 -13.666220528057826 18.568787078482632
-37.34254833120759 -17.769877338275926 16.743846070297742
-42.15182935183632 -12.182630169959838 19.816019456460488
-39.49316818346843 -11.705228380647503 19.137493196709784
-36.64821904806569 -13.214905929304424 17.628984079816355
-36.82607553000504 -11.384485734194547 18.26403359876739
-34.28234805094083 -11.323655854480448 16.990946606375257
-34.40781665558412 -12.95667508933585 16.308506625038234
-35.882969379456085 -16.946884031564476 15.92096064970653
-36.31249614713415 -15.05653055142179 16.821635412303692
-34.37819540453327 -14.587978230780278 15.555295812827394
-34.2666937563535 -16.246992073812642 14.765468838952131
-32.488536911565625 -15.684497167662112 13.23985856326365
-32.4091730114338 -14.281252977059722 13.87799612344947
-32.26018430729804 -12.920176293272291 14.50774099737558
-30.541765830922945 -14.13000478044107 11.878218627199365
-30.301923205613203 -13.038483846039004 12.337904738473767
-30.71927207619216 -15.282998957028274 11.42471588322766
-31.96935801216838 -11.608701548566705 15.11797287197907
-29.932204258932437 -12.051543151839759 12.806354090500863
-28.647058565433888 -13.243601403406796 9.933808474064111
-28.25144054607274 -12.458519273222809 10.257168783828986
-27.022346275365358 -12.86876986068408 7.569561717824242
-27.412169952006597 -13.549369647151899 7.388658408986098
-29.122977028910068 -15.05856983294495 9.408580935006889
-28.91590325709335 -14.125246319201137 9.658424764679687
-27.664948136946066 -14.286798682413444 7.301699885602932
-27.84958580148119 -15.052678386207845 7.262978906732836
-87.50826732565055 14.555948010986945 -4.356180021315423
-88.92089492468763 16.368164817155158 -7.104782721452643
-85.14104633089616 17.435941631173886 -4.356298551508643
-86.63094787899945 19.08509931639088 -7.139993644909748
-85.9339617511331 12.612840651038935 -1.6335388405877618
-83.4891884895525 15.650257190850288 -1.5988820307860276
-82.60992995330957 20.068759445712352 -4.797971746725372
-84.16203059278197 21.547944593745356 -7.592911900186963
-80.00989824416696 22.297420122843757 -5.723521046634279
-81.59933909060122 23.59720235161091 -8.487429582157555
-80.89407947602876 18.4441943997978 -2.0192182211295098
-78.25727484757176 20.8400993238103 -2.948352114988523
-81.66823379205057 13.738249838366826 1.1062463195600045
-79.0238887211301 16.669096210665447 0.7164823502106432
-76.36419871599264 19.207018629698393 -0.19776140872414769
-77.01462581857095 14.74137544790474 3.3884691735503027
-74.36069475076613 17.38504474474338 2.495277738054419
-79.67833795708572 11.71190469866345 3.741736928773549
-84.17631032587339 10.564600213380764 1.0329881954826317
-82.21979860628629 8.438089616016676 3.622011245032885
-92.2790452586068 20.969803904732608 -15.2961225472637
-90.12844846307283 23.23540422688954 -15.439130527167741
-91.32563262141117 19.54843880570287 -12.571328120554712
-89.1427513485186 21.965003372617147 -12.68601659281283
-87.7539537322844 25.209529284545265 -15.862520412436812
-85.23185352507322 26.721573893846816 -16.505921625982452
-86.74934516027226 24.10532516538297 -13.131983127787223
-84.2235602954775 25.799310119427883 -13.877918592814725
-87.96985732383294 20.588208334823914 -9.919085489971103
-85.54606315583509 22.889407719827506 -10.374375127629687
-83.00718899894049 24.76157427231257 -11.20666831299172
-90.1990695475897 18.023349140888865 -9.842670801301754
-69.69905063239582 -2.913789691913556 15.71809464553921
-72.51343155702631 -0.5524397428097833 13.349793881056177
-67.68135458733781 0.36799369871678544 15.689442971936982
-70.28800276959164 2.7466837006865483 13.482969074272821
-66.62362563324484 -5.207320436016176 17.88833156091984
-64.92162466838921 -1.9028578040530544 17.6378684587393
-65.64295500598448 3.4155486198813976 15.106249686476364
-68.01599763569423 5.804784965904296 13.065015387748089
-63.68063196306237 6.208984992484085 13.949572465865318
-65.8227082807965 8.570967280760367 12.043673020883512
-63.17698476252948 1.1420691803233498 16.850141899129298
-61.47501597228724 3.9539532236193144 15.540233192073147
-61.94920437400589 -3.910107619184222 19.19305317281478
-60.55217158033473 -0.8604060119456056 18.187203827158264
-59.11790965184221 1.938250540713809 16.729187767623486
-63.18493245999468 -7.314035991944959 19.711965392300495
-80.05196168373257 6.260212621347996 6.116422503729675
-77.52150562358055 9.581941530435905 6.293178215606297
-77.69972991576313 4.035437066841149 8.554298024710219
-75.22479812796014 7.368410944030263 8.770423234084381
-74.88496024254975 12.657747704465384 5.9791345517415095
-72.28101585019165 15.361532330768206 5.100352781574946
-72.660513580098 10.454789318320785 8.472158802194397
-70.14904313349562 13.189169287935295 7.583404871093244
-72.80806393807623 5.085701080488782 11.171046119296387
-70.3636066926194 8.161442158187606 10.843713576240305
-67.98794810789968 10.912016702640752 9.90945754892302
-75.18293853124844 1.7647076409052629 10.961799772828162
-97.03020113146562 2.3914752450728525 -16.033525326547636
-95.96980716639396 -0.08438929228516678 -13.869899955958186
-97.06264168724378 0.2675519728406215 -17.67849110219161
-96.01021684005958 -2.2878672868069136 -15.705111352148082
-97.9616698128904 4.677049962541833 -18.185138677916765
-97.97276914282952 2.6089311604051217 -19.623750315990254
-96.84739045725058 -1.518271939476759 -19.471616003512295
-95.77812928789336 -4.147092123676584 -17.69081681046269
-96.42215751120108 -2.8636019980906724 -21.429239878626362
-95.29817710618109 -5.572386518952483 -19.82482071069362
-97.75587358520937 0.8720455451893531 -21.174695463487144
-97.38112184624742 -0.3912926489087112 -22.907915703575732
-98.73496610231477 4.694385242943966 -21.58147924234137
-98.47932539956065 2.962223048623727 -22.790294404690705
-98.1355440539157 1.7775066866457574 -24.192614383664456
-98.76567348901088 6.745213481825789 -20.376710721843214
-91.78340783302582 -8.169681218915319 -7.13933484346443
-89.92660241969513 -10.846489527711302 -4.930750492287915
-91.8042992533307 -10.625688182695662 -9.490015307618792
-89.927832954013 -13.370025384097888 -7.412891552653421
-93.39126944434486 -5.440215327447969 -9.385586375154677
-93.42615653049062 -7.817276402811073 -11.580737753123447
-91.51164146844248 -12.702931813668176 -12.023084198320028
-89.60564354337495 -15.505115922809505 -10.087490817472055
-90.91319660126813 -14.319837735588965 -14.699403517250445
-93.15720316697315 -9.827283946734433 -13.946228024761796
-92.5949111116845 -11.388838840732713 -16.45273181775222
-94.81660196195241 -5.012306871666373 -13.661547610788817
-94.56755267749483 -6.948334535192315 -15.841506335830601
-94.04316432462477 -8.446052377843532 -18.163134019758935
-94.77535419754606 -2.7215567268049643 -11.64027230126255
-82.74887378831662 -18.47518255627983 1.473948472139626
-79.85815696857216 -21.09627516984617 3.6653268247690862
-82.66323487847305 -21.12827822101163 -1.2881625901531024
-79.73126518478912 -23.774399728580303 0.7958453438994121
-85.39294852846339 -15.927702040048327 -0.6690262693874764
-85.34094799143489 -18.545526288957607 -3.3408896290960146
-82.22249991273246 -23.37824434962784 -4.248720828265523
-79.23877273944221 -26.038884619371697 -2.2709973454543704
-84.94423064525071 -20.76577323571711 -6.211494308328759
-87.7653139852704 -15.981981237870226 -5.374176473049503
-87.40819189087817 -18.16373524924729 -8.155147002854708
-87.78897689443465 -13.40671248847101 -2.7902483010774106
-69.4569416420628 -28.577285325207036 9.709206967367573
-65.37504892050912 -30.242450099783806 10.952134672083933
-69.232660147424 -31.155932402391752 6.531670448696675
-65.18986568422616 -32.687229757419125 7.812382894556325
-73.25612316727673 -26.381931850653345 7.987445388355724
-73.03800039931104 -29.03874030545748 4.864297349616659
-68.63158527707724 -33.29974937528262 3.168794386331546
-64.63560928845735 -34.72306064457867 4.493628673431416
-72.44048465787023 -31.254656677249134 1.5501438983827223
-76.53844147786265 -26.507930416461804 2.9082971099111607
-75.98565726986621 -28.76496092771697 -0.29299901246630744
-76.71649405780926 -23.82070482465133 5.914333937504493
-60.53188571901519 -35.27643148129615 5.43463920339085
-60.99648591953406 -33.40452871548229 8.587173765875864
-56.39443520822747 -35.20899358213818 6.145113098281923
-56.763638198323946 -33.54650033444773 9.047679339352646
-61.106564939830456 -31.170567045907795 11.572443874463792
-56.79668386797714 -31.574537228369113 11.799117852250394
-52.4320795307498 -33.34864938632706 9.368207761828492
-52.38625151685093 -31.666995764695997 11.830017530436374
-47.62602135390198 -31.607885120967552 11.739186790466357
-47.79745511787935 -32.982187564841176 9.620680693580999
-52.166138341480405 -34.774072561739466 6.77190774367014
-47.69017235160037 -34.162390049384285 7.376380351669662
-93.1468426122067 -3.469259810898623 -30.48687344574689
-91.97313763684113 -2.7732597073379583 -32.79804525740127
-90.19448326380673 -5.832640221812415 -31.656606652854897
-91.48230452033718 -6.52505157432549 -29.29446143046477
-90.64127070890231 -1.8524364566846918 -35.0366225566897
-88.77218646602276 -4.870536757784492 -33.93190638403721
-93.68124886085256 0.23022500535354185 -33.90068297482427
-92.42657536958319 1.102596278383103 -36.12252493831203
-94.74627879442582 -0.4701686521926125 -31.614949591999245
-89.13285009198958 -0.7478862040993395 -37.15589349861733
-87.19073928441435 -3.687944279910834 -36.07647421370055
-90.97420145311405 2.12143251434824 -38.23044318831798
-94.08301140272447 4.002647662804964 -37.108442022333335
-92.67735953014925 4.938992096360685 -39.23556968575507
-96.23670778131034 2.4676249865382944 -32.56475642242599
-95.27164579200023 3.177033681833141 -34.86550063983497
-86.04263023379869 -15.790833066127924 -25.816649992188964
-84.45033496235956 -15.126282496013335 -28.39917068666009
-82.22561457549313 -18.11347035024074 -27.189499529282276
-82.73241273289023 -14.11738585771646 -30.822374423754752
-80.44398974301807 -17.106274188927603 -29.69388855541565
-86.48965100077228 -12.06098300034194 -29.512374204544237
-84.86088680339338 -11.057243483116151 -31.87484187337592
-87.995979251252 -12.738740307964902 -27.013569329489624
-80.8711061445942 -12.792973221143923 -33.06040378139356
-78.51533988542076 -15.75530169547904 -31.99941212423758
-83.08835302061532 -9.767238905198615 -34.07032412980518
-86.86146456255945 -7.959539827533854 -32.89587030845685
-85.18706427057091 -6.715867239613659 -35.06344316165085
-89.78981067444222 -9.635236792080432 -28.15526552087466
-88.38775681311077 -8.948585182372042 -30.580597319829177
-74.14193787351664 -26.66302488852113 -22.862044338024578
-70.92017845413044 -29.465408120852793 -21.31765603193954
-72.32608861729837 -25.66817990101894 -25.69571207221193
-69.10213012367686 -28.476344454295607 -24.224700553269013
-77.08307319650201 -23.837765144186765 -24.37587041023789
-75.26697972836317 -22.840304131125507 -27.104306197565016
-70.35353563344789 -24.2419469365383 -28.326199269232987
-67.13362507673868 -27.027094638394043 -26.936880342587887
-73.29410178535711 -21.441151736044745 -29.626565219171244
-77.96291362989655 -19.996892631521085 -28.444376787437434
-76.00150034941811 -18.6227538370697 -30.851535839007614
-79.77210012218916 -20.998709663332143 -25.832018303572433
-59.90241758820912 -36.598290317833246 -16.389470551858825
-56.19742562469741 -37.87193063315907 -14.441471344505507
-58.05111249184272 -35.69308511107272 -19.18692970174932
-54.37422315076807 -37.026837526723384 -17.092968469919168
-63.671861080815546 -34.648695812033196 -18.137099207677533
-61.82173741309297 -33.69934659140462 -21.02399925705559
-56.10483656727235 -34.301440183620684 -21.851941694949613
-52.47247082682373 -35.71923033436634 -19.628395191296526
-59.85765311333786 -32.25799353196242 -23.756130691080653
-65.55345513325288 -31.241144091050955 -22.690517516144155
-63.58430330821399 -29.7818744416849 -25.438252850970535
-67.38881869948035 -32.21778122150403 -19.76493121476903
-49.10045564816646 -36.18979859193138 -16.87321877647354
-50.90770396724712 -37.37149284512874 -14.563544572375502
-45.881144725105145 -35.91836929939149 -13.561056806344475
-47.55604781106131 -36.95167344363938 -11.579988512656975
-52.651999350882534 -38.14447784684094 -12.14372054887624
-49.1856490796067 -37.651040177733435 -9.482348933388536
-44.26986837876278 -36.076951061436496 -8.253806857950355
-45.758352073908554 -36.70010320379336 -6.539788493270975
-42.41165061673161 -35.583857039435415 -3.545618138758023
-41.099824960553875 -35.046122966105365 -4.888017552216001
-42.74929415168396 -35.20685949159371 -9.832208801471111
-39.75494900185374 -34.354106416169884 -6.076862723529161
-26.32160840523391 -13.352462097546752 4.778216205753041
-26.072209985353346 -13.90515800375071 1.8644658993890446
-26.697417351591792 -13.999367890920105 4.74352070398205
-26.3934647058504 -14.608062897646898 2.050150359543024
-26.187493858480114 -14.48325680412199 -1.1922090060666877
-26.383567096778165 -15.357297962138453 -0.6323360928150916
-26.53231679514363 -15.263829214187943 2.381667643930042
-26.427090990748805 -16.053286134800462 -0.01650669110723313
-26.395175045181123 -16.65714866526333 0.6216129871157414
-26.580209341634387 -15.89424185020211 2.783879757144522
-26.90708618993746 -14.666061287050512 4.849782978691139
-27.033652793863265 -15.341485424468168 5.027119352560873
-34.95093734569629 -22.71240924330564 -22.621532404150425
-35.87543597528475 -20.93628442120834 -25.238167821257335
-36.38871550238305 -23.19088279421214 -24.037210460577594
-37.51728024294842 -21.1920248516289 -26.809122754497103
-33.89194409673364 -24.23540109676627 -18.7306052913374
-35.068602901474684 -24.865493732839223 -19.83813896765466
-38.035798444516914 -23.856989532722636 -25.178128333527802
-39.46161110063166 -21.540695609162192 -28.2344693007564
-36.32934310758094 -25.701210315647327 -20.565293560419338
-33.5845174851664 -26.40283563464095 -14.583595216883847
-34.54949065220437 -27.236949911219384 -14.956552238241297
-32.66493441980917 -28.78880280918638 -9.275920178601492
-31.961753831031025 -28.003291714244888 -9.197254977379885
-32.6628317744646 -25.696938545170234 -13.906386690407746
-31.31396571108827 -27.213140877101797 -8.98253402760373
-92.66015322079478 -6.896067932551687 -26.88449133113835
-94.18169216450913 -3.896056057061105 -28.145103248417062
-95.63000272610475 -0.9689645097502955 -29.309680188054752
-95.0772350568478 -3.9841484991054417 -25.82106020288413
-96.35165445573007 -1.1849064328702794 -27.046393560591284
-93.70690557461056 -6.8954078187247045 -24.471876872813198
-96.97200430353621 1.8843305999571438 -30.25570282832025
-97.50332664828625 1.495656181750465 -28.027615192593906
-96.92422151805619 -1.0354759188397489 -24.88954296701605
-97.85118541592686 1.3730704263182356 -25.97361567728191
-94.59663751946034 -6.471500498328177 -22.102431155170084
-95.82794768017939 -3.663214895701122 -23.564646544728802
-87.53069815290678 -16.083617921214916 -23.097261666179413
-89.40201395746058 -13.05031998026422 -24.404762795232397
-88.86937818760376 -15.963755059985775 -20.298414950303943
-90.66687599848423 -12.956434460114172 -21.738921743211773
-91.09235954074205 -9.970358085401122 -25.6526798979752
-92.26113757557295 -9.912520265118154 -23.120654486646988
-91.74709722751439 -12.4167946150288 -19.06966870387184
-93.25909273013471 -9.41917995288639 -20.607268518433422
-90.01382290379745 -15.39060904208937 -17.478791414618275
-64.5893041813176 22.899619564479917 -8.529435930800643
-65.96743696948505 22.64382396822575 -5.848424190708853
-62.80938070151316 21.53475821502337 -6.386118057623871
-64.17550691275648 21.147050817620432 -3.5375626816758707
-61.06684859497696 20.004624657294247 -4.353440692948091
-62.41559350319846 19.473967257134593 -1.3673083777435606
-61.6649574168328 21.617859413505656 -9.29298861275608
-59.914801190985415 20.20455100627832 -7.413635286487504
-63.456756157098496 22.881368499522925 -11.248552285325683
-59.37883596227493 18.365234054346217 -2.4502352972758112
-60.702241675736346 17.69136782661566 0.6481395622850799
-57.75984755174477 16.668114386105362 -0.6865190146116206
-59.04703555105713 15.861403391999813 2.5060438022341143
-58.22611763674884 18.684123673839697 -5.636421983689184
-56.61751136093373 17.09421620144585 -3.982218966208028
-58.93037032177233 20.09116691967854 -10.468067542846969
-57.2277918765593 18.665367983720625 -8.8244657312835
-55.613653337509 17.16007415714474 -7.287679004546321
-56.38454827315547 18.307574131766785 -11.9300766866321
-54.755444625634574 16.873098910709018 -10.507938863279294
-58.10510984496113 19.657640407512286 -13.440225511149826
-62.5146038185894 22.607254211246698 -13.952892380795584
-60.70050950066984 21.414757839513985 -12.18786368064878
-59.89444109955856 20.914805575584428 -15.00433966749176
-61.72707508242546 22.064437532924412 -16.59026675462718
-54.4930781556106 13.8586890954833 -22.3982169564125
-52.541424491456056 10.899217885653803 -23.364899178576966
-54.21758075821854 12.22784295934648 -24.40524537323134
-52.812606763580106 12.561554439343507 -21.30223773394617
-53.97645175105747 10.450289793071052 -26.168021814188965
-52.30047879308793 9.070040344656759 -25.174284507558454
-55.928714084917495 13.512521433325125 -25.42880960175404
-55.681611990846186 11.786409088545833 -27.150105299280828
-56.2175186621495 15.109559603578848 -23.482068353948673
-53.76947699434311 8.528033297448703 -27.71807788855497
-52.07904292418648 7.084816097406349 -26.758473732184303
-53.596296730345216 6.461747399601938 -29.091272466631576
-51.868037717512294 4.951639721548654 -28.149520468897897
-55.484659732569526 9.928926757114533 -28.676084010748017
-55.3463322223282 7.937350563569067 -30.04127263333469
-57.42935776943878 13.092082206319008 -28.132225494094328
-57.24630159843482 11.29741172384912 -29.639423602185246
-57.14418598701938 9.382198807858117 -30.99965389103095
-59.07064961728203 12.646232696334563 -30.6183258023326
-59.009473680016846 10.804440339517326 -31.970683015897322
-59.22988828902931 14.382279512332346 -29.12835251548122
-57.98105297081944 16.329886855072296 -24.561895449738795
-57.679388101197354 14.76876876187863 -26.44807041706362
-59.47122243192762 16.01165384881884 -27.477144548986455
-59.7771651417663 17.533307169075464 -25.646922042406892
-61.08163081985861 21.25415733194181 -19.081480641009968
-59.246143439677404 20.118665337675882 -17.656230685655977
-57.449560356542875 18.90368836622103 -16.24007368326521
-58.73186986266887 19.053375755053743 -20.143351146887728
-56.94036101155512 17.85765322843494 -18.85968334043212
-60.55718449090972 20.197228146989037 -21.43044179233807
-55.71642124550273 17.611964815100084 -14.858312018562575
-54.0683186028715 16.24059567208822 -13.538615542722852
-55.2025615995699 16.604046979002 -17.593782368718912
-53.53712575613272 15.281949228278801 -16.361443102266236
-56.54300251701549 16.573308760559378 -21.281915263379442
-54.80903421181994 15.333612258325072 -20.11595722411432
-53.13212117469748 14.038176885137137 -18.957078585153948
-60.130951284244794 18.940508297916637 -23.62505600227556
-58.32168597677422 17.771940078427445 -22.452141071075726
-59.06017702071348 8.859157583709102 -33.21554750557881
-57.13504773650786 7.345476589206131 -32.24884710162558
-55.27222503592619 5.810453563142427 -31.286287004906544
-57.281384412130535 5.247419810706515 -33.39179433298844
-55.32671485479648 3.612942731216358 -32.41977622364919
-59.284746928512746 6.865177265473668 -34.35869162297921
-53.45447313344785 4.253232440477525 -30.329991985077818
-51.65660815240733 2.6786665474508515 -29.386577080383937
-53.40893679507191 1.9691302671067306 -31.45097817058632
-51.509102219138825 0.32949314993805867 -30.497424895228168
-55.5700277589816 1.4060439390491692 -33.463280971663764
-53.52128959693571 -0.3268884181125482 -32.482914075146006
-51.48710401407465 -2.0351677373257075 -31.519295358862973
-53.851702781237925 -2.5751410505180146 -33.4600820332148
-51.65078526164554 -4.358118059018029 -32.4940888556207
-56.06205461004193 -0.7537412573684357 -34.4447126938133
-59.744057176642215 4.8713862184532735 -35.41620463020775
-57.64326956846915 3.143569950232073 -34.44550894566365
-58.28028373945278 1.0837420931918713 -35.433077891876046
-60.50024827545977 2.9194424408332673 -36.4088878151098
-45.375279531220535 1.395169093500888 -23.03930471728414
-46.66862901920866 0.48975467743167633 -25.416581040259818
-47.02677515792009 2.691422978532734 -23.91947724574722
-44.97654227097023 -0.7558274657445087 -24.54499103498627
-48.39159034772658 1.8994286483749647 -26.308540339090644
-48.69959447046819 4.110516740750551 -24.843054008747252
-47.353271907174225 4.767963997216128 -22.194988107105434
-48.985436615201195 6.186689982231675 -23.15800158223738
-45.73827581948239 3.4269967233156473 -21.302914506767443
-50.128785254803894 3.4091467322245865 -27.220768768841708
-50.385789489812645 5.594411048368935 -25.795123649176873
-50.6347077575443 7.63571832156835 -24.16156166421732
-49.27029545431586 8.096966146425157 -21.246757580587097
-50.89204745010126 9.513468261468898 -22.298900637558404
-51.178104297343474 11.203121684847687 -20.189014147980167
-49.58364247540848 9.802355138733066 -19.103317604002996
-46.08961921516706 5.3030754246775125 -19.35305412562765
-47.67201613939747 6.681482286615594 -20.25073131884564
-48.01855004555499 8.382951130500718 -18.09191155202952
-46.46783344680093 6.973774740379153 -17.201610204187258
-46.92617148354483 8.379451820823164 -14.85041451530324
-48.44178249271714 9.813683649934195 -15.715750692121729
-49.96570499457198 11.254621767922155 -16.716285840909308
-48.963749440724015 10.945031313633608 -13.103914435161665
-50.44551420422597 12.42103855653296 -14.084310524165694
-47.47957739745093 9.487712891569009 -12.272090361555769
-51.52267854417116 12.67132786640662 -17.81049443634256
-51.95983158154026 13.877678365889517 -15.181044821240663
-51.04821140278223 13.273375817120048 -11.201085629991113
-52.524120250283545 14.781625345579943 -12.310936834639238
-53.23670395080139 15.355611170043174 -9.209403841241402
-51.784901446550165 13.797684057063263 -8.061155186510225
-48.135365935159264 10.276741701660136 -9.437021418302125
-49.600327898711 11.756702740366661 -10.23473265156048
-50.35165582987651 12.243703227784884 -7.089263717296108
-48.88499078547276 10.741261789943756 -6.318906112025785
-49.70740118055798 10.888408179745623 -2.897496913604024
-51.20529980388099 12.414116748617603 -3.6537833966616287
-52.65263236363304 13.995000739201219 -4.663448898880301
-52.136906136358064 12.225448320850353 -0.08952742444419304
-53.62650768415422 13.831421719422893 -1.1523547581168643
-50.576549302961375 10.67859358363076 0.661070060291349
-54.10457624579252 15.590254414835677 -5.887613270634849
-55.10135641772677 15.465355341289571 -2.4689245989348714
-54.69763157693693 13.2690544212332 2.3367503866011723
-56.2182082411505 14.95907142388513 0.9331303978787795
-57.45560492966784 14.041259615968094 4.209275164308911
-55.864292224914614 12.265148845889911 5.675602437894856
-51.4834031651677 10.057604515545046 4.193891050557161
-53.13881256353384 11.627002474532716 3.449835241677376
-54.20794162216691 10.564492513473613 6.817893634907729
-52.423638679497465 8.966404514063509 7.544699481185485
-49.459413626123265 -6.0803506530549125 -31.561350514416763
-49.45505389355662 -3.696133752239821 -30.58765320156448
-49.60304269491757 -1.2876196930090655 -29.573348669659413
-47.452343463395145 -5.23949464663979 -29.672205163324644
-47.71142626145344 -2.8121007200913466 -28.66954392558058
-47.31408749645937 -7.6680041157946 -30.63786872799552
-49.84742019451379 1.0974803828207575 -28.466714744663143
-48.04273934534255 -0.4206289419457655 -27.56708072397694
-45.857833339020694 -4.177703027501252 -27.775469407699354
-46.26075232781326 -1.8072185636192575 -26.682725996041725
-44.5242241070904 -2.998926926374082 -25.805443399805284
-44.06919672327023 -5.323830701610348 -26.87963694320451
-45.25002018045906 -9.054000390105314 -29.706746593418963
-45.508391397842715 -6.600763133080931 -28.758903778853167
-43.65213973859765 -7.719744320260832 -27.83581074290105
-43.299801389303305 -10.173449363181314 -28.754758975930642
-63.8478840289993 10.982550807381848 10.371928210618586
-65.84269700929195 13.243963886386188 8.309375859098553
-62.071337523808864 13.01218196946662 8.150385609530826
-63.9167004930632 15.148934546378571 6.151456529137327
-67.86136144953045 15.448992303490781 6.0425068005923785
-65.80172322978419 17.237538282566522 3.9544374157093545
-60.47602082316098 14.640897723804768 5.48883028744362
-62.20575085010887 16.62656405394412 3.555033394333699
-63.98482484239966 18.567729983300115 1.440818881106494
-67.71010492293476 19.21602202586362 1.5758517366500728
-65.80155061951633 20.398755199703682 -0.8471979421026783
-67.64086023824696 22.04862344003965 -3.291525331064388
-69.62499346019437 21.01715963239841 -0.9588118286559292
-69.88239245966638 17.544807761335168 3.5998711319062116
-71.88470041585283 19.473935325995846 1.0140876623401773
-53.3819624028156 7.348848112947648 10.554302433795273
-55.33079705485855 8.981024607491213 9.861718637354999
-57.113602864410765 10.77026684321518 8.726611672014386
-56.51671977582906 6.958321575392379 12.548775068541593
-58.456974859107326 8.844972213986573 11.42941062730694
-54.37496095286761 5.298542503413032 13.210892536753883
-58.80373933560732 12.672386532484095 7.239815158966378
-60.27992282339041 10.886694982302178 9.935371647779254
-59.90614815903809 6.548810654977242 13.71849305902258
-61.89948130153951 8.71734949929215 12.200603179445597
-55.41800550244204 2.9123000894588795 15.505097893476663
-57.77606041365255 4.578919428868181 14.845180078065699
-52.059403760359395 -6.5838178893855455 -33.46456377249687
-49.668544554999094 -8.3929380569885 -32.550165421615816
-47.337719075830734 -10.06106522261408 -31.636926947421763
-50.17789931983753 -10.757139459800886 -33.39441334983471
-47.60993385553443 -12.543400215993046 -32.47509293237836
-52.792130656204314 -8.84063341155315 -34.29283346450421
-45.11070603394154 -11.511965254627015 -30.703097505305827
-43.02787263390886 -12.66808727304248 -29.729167650607337
-45.122212460374804 -14.120702471224977 -31.499551131226568
-42.80221784837941 -15.344641849627935 -30.462926536912672
-48.21781309925916 -15.234174422237508 -32.95073004702856
-45.31653786206005 -17.022141081655647 -31.843358149384017
-42.588827932847686 -18.343041563780428 -30.659715272617714
-53.9275188702284 -11.249773737695218 -34.82963889430858
-51.08326286810067 -13.29053012048416 -33.92534885647233
-61.61788156840166 1.046637831430145 -37.35517134173646
-59.25397122960488 -0.885477488611881 -36.3757697524856
-56.86346861009979 -2.81234763245266 -35.39034648187658
-60.57521096329782 -2.8786825205974655 -37.1660686693118
-58.00933951531571 -4.891831317350949 -36.18803848909318
-63.085950779365376 -0.8539167329046713 -38.14740498523707
-54.46132078925394 -4.7181600076787635 -34.41578241531793
-55.408347463157455 -6.883186226964217 -35.22780588662164
-59.531308191230394 -7.102872455544269 -36.71064350681487
-56.74970141903073 -9.18859922552408 -35.76063250176592
-64.88790629803789 -2.8718176711073387 -38.65923567870425
-62.25092679787126 -4.996545549073458 -37.6799001461753
-61.600109243895616 18.72799139559564 -26.744188150597676
-61.30643643408404 17.252028413338383 -28.52811202450607
-61.09228089214679 15.669210648803444 -30.15112046374736
-63.18951918170467 18.481766120847848 -29.59358452990976
-63.01457452525757 16.94569482833492 -31.193364546584068
-63.4591840456128 19.905361621465918 -27.847465757522507
-60.9723765421188 13.98710008693209 -31.622615209203474
-60.95842166590608 12.212864675084383 -32.95951058394166
-62.94176410643661 15.313069725038922 -32.64679945082363
-62.975138900237425 13.59951381773972 -33.96371065398688
-65.00015854208242 18.191854829484196 -32.23716566420167
-64.97604679705927 16.604480882303 -33.67416745375244
-65.05043058575681 14.944309724482979 -34.97015270112212
-67.07757871426391 17.829213519844842 -34.67737296968614
-67.1817026855387 16.214805406135714 -35.95521692494429
-67.05727127404789 19.37649748093507 -33.25467340723231
-65.3670686324354 21.047278808458355 -28.942457554284676
-65.13004712595311 19.68126909799658 -30.656606753485224
-67.14001477263629 20.821324032313772 -31.691557748397177
-67.33833325369086 22.12893106076615 -30.007526818599747
-63.57695279669136 23.092694158446676 -18.166436775544884
-62.93115049578178 22.304899648667508 -20.49044195974543
-62.395986650612414 21.290045914106404 -22.705636636780035
-64.79541380221094 23.2724671149778 -21.87735732832031
-64.25601869932238 22.328133757236053 -23.9661493617209
-65.43573909557982 24.00726457469183 -19.716296501589007
-61.9576812159995 20.084145173973287 -24.79707413809481
-63.81218108337339 21.19563706846539 -25.96435089433702
-66.14664457590108 23.305323630256957 -25.20349073143805
-65.70747383831123 22.261309437813964 -27.116240284418218
-67.65774512420394 23.26421409466063 -28.235701645159303
-68.08043189542609 24.21637698137553 -26.403037676820542
-67.2996088504747 24.824070286423307 -21.220020772062586
-66.67854194898678 24.161432901642105 -23.231456974454883
-68.5887648508733 24.98032282410918 -24.536431561952305
-69.17130080575507 25.564948662829885 -22.653721555066998
-67.78217993841642 23.902237179745285 -8.270590185237669
-66.39578197936302 24.049816466245282 -10.753562273456087
-65.27401724400144 23.95820613614382 -13.249358477314656
-68.18875570842265 25.002753897231614 -12.962276480915481
-67.08733217842446 24.8638680978713 -15.227115337337253
-69.57039524041959 24.939888304172335 -10.691475051917607
-64.35062694653988 23.643704724614732 -15.731012829196647
-66.18928372452666 24.536395051361975 -17.48319936931006
-68.87467608486641 25.628884953054154 -17.1192227375656
-68.01769554471441 25.31026597433653 -19.17077212180416
-69.82974403053169 25.996511894466856 -20.755248598825702
-70.62105817044359 26.289996717813885 -18.87006789720414
-71.2966040027023 25.791867427622556 -13.00730527181074
-69.93941013319768 25.79260674691071 -15.068478807659671
-71.62419647167194 26.459051133040326 -17.000512486006688
-72.93204408232828 26.49961059865744 -15.134809657057113
-67.34748733482192 14.567900487288869 -37.09567385772416
-65.21353948731439 13.23639935171431 -36.13843996211302
-63.11563517454004 11.820930185551374 -35.16304259741548
-65.54444890687468 11.527116564547256 -37.20984564702255
-63.43379524630201 10.02456687918303 -36.265342193045456
-67.66644291904578 12.936416538268553 -38.138953587596006
-61.06021234761323 10.35464414200426 -34.186315512761986
-61.34221414305234 8.46263642582951 -35.31453375845815
-64.00225413218658 8.249178413790382 -37.295882852374746
-61.870022875028475 6.579804237013397 -36.3633816420263
-62.711564191064106 4.7403966658337975 -37.35459440580051
-64.89862122610324 6.523569249778485 -38.280188745981825
-68.23576921879575 11.358621772446138 -39.12525358424308
-66.12694547438821 9.853496025869337 -38.21729305013904
-67.05002052215758 8.2417504999386 -39.19170735167191
-69.15916075510054 9.86183056153411 -40.091395022352984
-69.49153008810718 23.44696571742559 -5.858532764098225
-71.29898608478115 24.61058480785776 -8.441810374756294
-71.53092006403261 22.56945323295866 -3.6117137218232953
-73.37436987373263 23.88885083719228 -6.298835680483475
-73.02327175590324 25.57195570801073 -10.939674914743588
-74.63255176073856 26.371553593325807 -13.269477716846573
-75.11232912298495 25.001238539188822 -8.937353898078408
-76.71208236575234 25.941448493470688 -11.455658090197621
-75.72724758479896 22.652516008768924 -4.413542786623582
-77.48132285226959 23.93701116427634 -7.14364726307808
-79.07958123190643 25.051665285889467 -9.812520496458664
-73.84860738293334 21.171384404294898 -1.6753866915217435
-74.41643222361783 5.623902133702579 -42.49547497321829
-72.18872184055704 3.5438907346096435 -41.54217292161588
-72.32760097278714 7.07513695307886 -41.92148047324565
-70.14495734412188 5.16639918929048 -40.991627605172965
-69.85806373148489 1.4201348002308025 -40.58659002943382
-67.8758459944442 3.1920516437783797 -40.05483613392572
-70.54713313990456 8.465212865778629 -41.0671951135396
-68.40910287661097 6.710131306070478 -40.15797942996179
-66.20478528390258 4.869470125553675 -39.23895581296631
-65.5216829574449 1.177439157182783 -39.1078452409552
-63.938670009429345 2.972927456801435 -38.306534469532245
-67.4245994263149 -0.7254912953662949 -39.626062993501975
-77.80497825221195 28.34249861511004 -22.102065081554112
-78.05068168416834 28.25630715896457 -20.908282385856385
-76.24319932846598 27.966566024183173 -21.319341658511817
-77.10469177712957 27.99910449156238 -19.97963184080727
-74.75254057628898 27.535887269808917 -20.14513961121069
-75.83788827714827 27.597262300876707 -18.62800489582727
-75.71688155682499 27.91470442671032 -22.881420343180377
-73.99962838286562 27.416760855830507 -21.773584687459486
-77.53900258156604 28.386932842363347 -23.70288537267686
-73.22052803641141 27.035339589537383 -18.698510080637327
-74.44535482056595 27.09784931662891 -17.010191572870017
-72.31575866441315 26.879631174246644 -20.428580934030283
-73.44360090744551 27.21632140756232 -23.473845034482665
-71.62721086260905 26.62568343703736 -22.19740878055614
-71.0612115134932 26.2547133200536 -23.99034807687274
-72.98682208765902 26.909229288747202 -25.208678058360732
-77.30560000405784 28.344833303318655 -25.43781936883283
-75.31992487787824 27.78447591209005 -24.561311366374696
-74.97523083745784 27.546163262467033 -26.290361714506396
-77.06510924743316 28.18365268316246 -27.22146146637711
-76.40434359950814 18.603639042717287 -40.8974939295322
-76.4234888668009 20.19726888218082 -39.79795219118507
-74.02758112637778 17.789527428718152 -39.866726359432306
-73.9788018525181 19.347833082889238 -38.75995247120416
-71.62895127408196 18.416520333632693 -37.81362442527588
-71.73452133522504 16.85289788447135 -38.92640370769772
-74.10701327607087 16.295690685340436 -40.826532865872736
-71.93839917724517 15.338827524916836 -39.930205681523425
-76.32947793964651 17.06481937654697 -41.80323550526254
-69.36728104708904 17.37479750961535 -36.89346139647002
-69.51320825696895 15.778490696422763 -38.01636938385391
-69.79364005574452 14.21507672073039 -39.04240807227692
-72.35948509053325 13.928461474214338 -40.86235041044118
-70.32255979075371 12.72766484894869 -40.01729691938514
-71.2200245738377 11.34903999400541 -40.98290756398092
-73.16678071383068 12.676210973173085 -41.791534912123005
-76.25771653826484 15.668497597643313 -42.480390822039595
-74.3152673925381 14.941068631595295 -41.64217172706357
-74.93057523677396 13.827438604298248 -42.45323365541223
-76.23147738591966 14.65737458388535 -42.8832655803247
-69.38682321527975 23.12694010077374 -31.018558218102037
-69.23060608783729 21.871858028762 -32.67047358564301
-69.19270528327881 20.465763260642618 -34.21574615994966
-71.41682466279012 22.83029615324087 -33.61984971806356
-71.42478283521525 21.456400986528063 -35.14940874549184
-71.5238803465085 24.040621304995355 -31.99659788739602
-69.2489758349291 18.951798972237363 -35.62696620036969
-71.51017563088678 19.96777094021785 -36.552599213316206
-73.7627600023563 22.36339946878094 -36.09788176375587
-73.87162063639363 20.889885149779918 -37.4987926874263
-76.33779617245447 21.754253196432938 -38.53132586461395
-76.21352834478863 23.226692856223067 -37.1226812150045
-73.75976597154387 24.889089966611312 -32.97168806177281
-73.70871282472793 23.713560766470586 -34.57729030912052
-76.11716475320088 24.562781608249306 -35.59629976415364
-76.11143300715818 25.713169608004392 -33.98629516241549
-76.77992207528752 27.85691934408019 -28.960396842934475
-74.61085531799773 27.15848331163159 -27.98890861602552
-72.54158113248728 26.462313748712223 -26.925581375078107
-74.2595981720831 26.599886358937407 -29.668752387470292
-72.12792367275681 25.848680484691272 -28.633479128107467
-76.49443558422384 27.34823867083775 -30.665673254850645
-70.54039895800463 25.74313565254864 -25.772040408907653
-70.07240485302881 25.06153718794263 -27.546635897012077
-71.77558844131165 25.04581423835742 -30.32847421938847
-69.67821787289009 24.191428502943218 -29.302652984755422
-76.25501352095903 26.638918308349606 -32.341526505241944
-73.96067178229674 25.848847293342224 -31.331886900833258
-80.49438989431147 26.02745897264418 -12.376788221923965
-78.14069500657477 26.745557210953883 -13.800632022995552
-81.71433370134363 26.876753254998203 -14.85519996795431
-79.38509927958239 27.429099053510733 -16.006721914314745
-76.09297830158852 27.04652823397711 -15.370773967742364
-77.39417006402871 27.609811245195687 -17.26343738412313
-80.42206909081342 28.00500115049007 -18.111291547056954
-78.51639064810121 28.067596811466128 -18.96662951618805
-79.29519572100703 28.42299185649305 -20.622409655633636
-81.18564718595036 28.486100775453412 -20.18141689619819
-82.72013049762836 27.612985999551043 -17.272776027489506
-83.48477490705856 28.25253241476457 -19.656058135416043
-78.61781766942774 26.569784236019505 -35.0951749523008
-78.67159899633499 25.43982222182075 -36.74704972475068
-78.79736185885768 24.10851414836726 -38.30582090024948
-81.34769627732275 26.29267424869364 -37.92195121601284
-81.48400558506874 24.952322957871672 -39.54712680714166
-81.26656557836988 27.406720780960203 -36.18827266446029
-78.92474943819941 22.618292158982637 -39.73840361140944
-78.97961466759854 21.01110150866063 -41.01470515189121
-81.60092415522489 23.419139014570003 -41.02596749178013
-81.61958446364997 21.723932575365094 -42.31685068819329
-84.29986158395631 25.658670605210563 -40.71168592943056
-84.39538902087246 24.053272316226398 -42.25729483775662
-84.36808670274924 22.234382860212527 -43.563783815242665
-84.07198924738903 28.13056630198523 -37.13968654202644
-84.16674880846644 27.026900509972016 -38.98852536125796
-79.56568330637543 28.684362604053845 -22.364806323981696
-79.54831254788499 28.848422261425622 -24.186103434436912
-81.60856976307846 28.88762828654843 -22.278497992507752
-81.78608213569517 29.192520192054786 -24.388972508208024
-79.46039098219777 28.910633083288634 -26.08295578493256
-79.30806017116862 28.83750900556246 -27.992072810166533
-81.81438534892168 29.380440642643933 -26.49884358964437
-81.73605646041571 29.416492890158793 -28.5763313026818
-84.2528254065472 29.27983288351991 -24.380649637058802
-84.35780818359835 29.619166447631976 -26.69458069364116
-84.34533866655138 29.794689638285405 -28.951421529105378
-83.97901913893129 28.815243050388126 -22.02946217041517
-77.53710729490713 14.483878425325564 -43.696375006622254
-76.23548532484088 13.055391420406602 -43.403910471470176
-74.53507735158468 11.631014905068787 -42.782074904836705
-78.06342640593296 12.398369080247603 -44.32872907249267
-76.35338536306425 10.654927389900442 -43.687865162218145
-79.45246389920177 14.183581125152768 -44.66697359614717
-72.61334725045924 10.104583158411602 -41.97393139889991
-74.41825031110794 8.893267276341689 -42.853967812378635
-78.49693742424994 9.628830266052423 -44.33437316488556
-76.53703880844112 7.6379650554861716 -43.45845106311462
-81.6973182574566 13.71472031241309 -45.46142981125023
-80.23721391238925 11.64059696388596 -45.033048744869994
-78.88712426215803 19.323644455831786 -42.097133055807035
-78.6473563670009 17.633055606823365 -42.94582865633106
-81.45505138178738 19.89149546143684 -43.365430849795956
-81.06951705915615 17.98371514287311 -44.13612043065023
-78.26829419737172 16.01544936405921 -43.51177869538549
-80.42942478976674 16.063960805388195 -44.58735054199691
-83.6199908440309 18.081645005393266 -45.212241324220486
-82.82054486964476 15.887932820374507 -45.518613266643335
-84.12335960467993 20.22081846644419 -44.55476205106453
-79.09863535338724 28.582463250382396 -29.843914599824462
-78.88087441641385 28.130425366921756 -31.644340180318974
-81.59471134117702 29.254787077801566 -30.58409474124273
-81.4374735248649 28.877510805259668 -32.522774984904125
-78.70423380264084 27.464338706120348 -33.3949153187051
-81.31198633923306 28.266170366933444 -34.390803845923756
-84.16904364268203 29.482414845273563 -33.214770681706135
-84.08822332769441 28.94598270156421 -35.2188749422081
-84.26927702022803 29.757522273752553 -31.12507198984159
-38.86425375208923 -2.5092809612930624 -19.707042600377566
-40.11675508256279 -3.436287596934606 -21.951113339712137
-40.52816967245006 -1.626443191087209 -20.58343606897324
-38.48315730126917 -4.21100945642319 -21.025681813505667
-41.726309325937244 -2.649259527829861 -22.83153975352416
-42.15149487299642 -0.7152505945302092 -21.405737632969426
-40.911835085968036 0.06770195636033488 -19.006743673839093
-42.54246656525467 1.0974594650048382 -19.760556172182977
-39.22974038383466 -0.9046597385802844 -18.189857296179273
-43.33774823991945 -1.7791392515232105 -23.68941048211984
-43.75900248832514 0.2754012426616291 -22.212409031900215
-44.1434188493928 2.2098158324846806 -20.508161677659498
-42.92484967491145 2.779490821369871 -17.905615156012235
-44.5157839120512 3.999540927297115 -18.593109027006186
-44.91395473366206 5.607788180642701 -16.47746498553484
-43.33449257680225 4.31150376822008 -15.844779661286621
-39.60675635002335 0.605468383783892 -16.470028530941843
-41.29490115267468 1.6478761182418482 -17.222021078156942
-41.70989583418047 3.108671958030862 -15.226382749679162
-40.0241845369596 2.0184456008915346 -14.541305266604848
-36.79835697066982 -5.045024559618859 -20.030399792898738
-37.13425034491682 -3.416264774670279 -18.734816149615337
-37.47424835267017 -1.8472102985703418 -17.249218160265677
-35.37206547455841 -4.377662928590561 -17.59951196219091
-35.667751688075995 -2.7991358383599905 -16.133082541332357
-35.101352142756134 -5.968990173321856 -18.890036629969885
-37.84320476867893 -0.35095619889477014 -15.572578522226218
-38.26422415347672 1.0550675484231544 -13.70359578031929
-36.01132666924383 -1.2710740656205126 -14.495722122611651
-36.42191733093689 0.16452365874543495 -12.693169718145395
-33.82974161837541 -3.7962376886484237 -14.792631998834134
-34.11517608837219 -2.202106521331578 -13.205412111447
-34.48607179165154 -0.7054605720395998 -11.487318393733164
-32.155784390783865 -3.1843547654671593 -11.674353793463355
-32.4432795969815 -1.6024530774458365 -10.066332115570079
-31.977831390932103 -4.866353570717391 -13.188176634408265
-33.43043586401723 -7.0082789339155624 -17.53463893424753
-33.60992337100198 -5.419549924286862 -16.238524896223446
-31.879124373971194 -6.559517455949424 -14.599365556915577
-31.824773975780374 -8.180504859795274 -15.902757386755507
-42.85964318347227 -3.9378514895397956 -24.92451846168383
-41.242747549630835 -4.701632044068691 -24.03020351899277
-42.37252278649444 -6.193149216067004 -25.97010485747339
-40.74471477852633 -6.864567239560972 -25.04136103967052
-39.64949181227211 -5.368185044570469 -23.110880564399114
-38.05523269371759 -6.015586172084184 -22.15316305967564
-39.16286736482413 -7.4164674677633835 -24.085357466877387
-37.60479171359166 -7.927617549896863 -23.092154942301384
-40.26179712132521 -9.12944407156059 -25.91816190783538
-38.68017494149147 -9.574976361942502 -24.910454086901275
-37.14475037224261 -9.950796166477188 -23.85700358438678
-38.21144083338978 -11.835607712656625 -25.63577860283772
-36.67825173712699 -12.087162964490219 -24.47297550408706
-39.80873295829789 -11.485695980169725 -26.72860515543266
-41.91149749320563 -8.536745518771259 -26.890428243349955
-41.49585194221601 -10.95772242635647 -27.76434255367648
-31.776638495549108 -12.20474464452686 -18.966466060025734
-32.64044968684474 -12.862443125720713 -20.57918734028188
-32.92746860030077 -11.355822368257098 -20.294274212167142
-31.861717537284186 -13.111645836166623 -19.486574663269934
-33.8093978045732 -12.57101715356657 -21.92188222690248
-34.207970516971756 -10.785862119345014 -21.56429372095244
-33.087360738876185 -9.936331676108136 -19.619209231825586
-34.52917041823496 -9.127527176852984 -20.909821613413094
-31.74308912676689 -10.983177130817683 -18.14462500828105
-35.18415059578357 -12.322126259838534 -23.22857891723143
-35.63461818535715 -10.335249743058526 -22.74763196034683
-36.04796011463057 -8.47706747187727 -22.051275165066187
-34.822594792783015 -7.5366970024833355 -20.006988027749376
-36.43464339871941 -6.722579474524274 -21.142171481584526
-31.76853567995947 -9.647829373303932 -17.104279292876548
-33.25484793569859 -8.499981302062237 -18.681116425668744
-40.51795714475999 3.325959598426274 -12.389953899143492
-42.199674925417106 4.437482572433951 -13.007832128187172
-43.820016014337334 5.665425772365564 -13.571642184501373
-42.75468276247625 5.551002779153294 -10.57571393328213
-44.3814547638202 6.773905425280992 -11.078288490440483
-41.06880258363885 4.438376826717497 -10.038927442336856
-45.390824604254234 6.987859982934432 -14.16044985332713
-45.95425826033183 8.0918003805177 -11.620108163574152
-45.01551425375407 7.57898999549817 -8.352750044353497
-46.60600193309506 8.882451418977881 -8.831596682114478
-47.33171246782295 9.340254947717074 -5.77391241565517
-45.70501048383598 8.040258948612209 -5.386331276965483
-41.66287979475367 5.271188678566233 -7.503864025445764
-43.36692171672957 6.373061420287969 -7.933131364179671
-44.017239009018915 6.8434200514405035 -5.086369020854317
-42.28014562356046 5.752936743564312 -4.802658174279481
-38.76577092616396 2.34834023301761 -11.634248211807376
-39.31983321511838 3.448175839364312 -9.391165345044628
-36.922848850211125 1.4608382102993107 -10.725045035391576
-37.480243631367244 2.5527652468680913 -8.612517981526295
-39.90696623699407 4.277997780082897 -6.9934434852315395
-40.505911348135136 4.771128780044315 -4.4622134868706445
-38.07052100666437 3.37925601444633 -6.370329268131595
-38.67243967974114 3.8866966475465152 -4.014634794899446
-35.52216346670226 1.723323538818195 -7.6783256409777305
-36.12627500422765 2.5584521255812036 -5.598407860674772
-36.75934691584312 3.0857946112150194 -3.4066096890881683
-34.04967718690279 1.797147203616227 -4.639795141650829
-34.74976208370846 2.3518676098924045 -2.584004389710086
-33.41953766600632 0.9305604618387757 -6.561895686779423
-34.96725343501351 0.6199333034429613 -9.642094168837186
-32.876330352994835 -0.2158201735375288 -8.365324240132589
-46.26218179264267 4.993881900347698 7.211671481617392
-44.18467638384867 4.025017627834091 6.716198711110645
-45.83040739193743 5.982587791187152 4.2015456183330855
-43.88687096093998 4.928201961660864 3.8691848720052953
-45.292162634454826 6.621536788687141 1.0795324242874902
-43.44323719496574 5.53376087613826 0.9518394256356345
-47.77605831599446 7.211653306166262 4.450371158861258
-47.11880506087101 7.858665830738672 1.144455262503615
-48.37416086553661 6.160362990320264 7.607939079910994
-44.67586658018516 6.913332805067077 -2.050481578533171
-42.892526717900935 5.821125867679924 -1.9626109988059444
-46.42002475295187 8.130065180675846 -2.178535057884259
-48.89160475316117 9.217990561941424 1.0393660459226735
-48.10456215565608 9.458420915563302 -2.4327921799014236
-50.45291063963835 7.492052367217662 7.764479102014748
-49.67760647694619 8.578940282916614 4.488607943133919
-35.504705291883816 2.5679801368055823 -0.38656781339450363
-37.40113963948546 3.2694578764609736 -1.1144203303071087
-39.262384988822475 4.025515513583644 -1.5700668975148147
-38.00943226588688 3.178433630326853 1.1914828324771618
-39.7850907409377 3.8558047659085157 0.9212112935424257
-36.288788149633206 2.5348581122622176 1.8090491090188
-41.09079588813912 4.8668520409925495 -1.8274908864894526
-41.602443324471004 4.6258936123839725 0.8697077980031579
-40.18882301907055 3.424143776137885 3.4118830847929766
-41.98945703964791 4.092757146113234 3.582557010872682
-42.20508638695723 3.297431409381766 6.26272217168677
-40.38749755069619 2.757069601166135 5.875640528127131
-37.06638502004857 2.325874697668249 3.8588959648035126
-38.54013396051607 2.8678360884527683 3.421096893295595
-38.800579153577225 2.3493888669345924 5.57194315104791
-37.6566216195152 2.0833986416211374 5.358251624151256
-27.064570208224037 -10.139367111737142 -7.887044395851836
-27.595978434491787 -12.21099607430647 -8.918816900977676
-28.610024305779426 -9.042332850793088 -10.389820330807561
-28.922629730767287 -10.873917130413952 -11.615458333394727
-26.55963762958797 -7.996365198496154 -7.04922470143493
-28.315385954679517 -7.122022216905976 -9.212076036552197
-30.215129313172852 -7.808536911678391 -12.639858620725768
-30.32769404207146 -9.50103697803333 -13.93795980667691
-30.132596264955392 -6.027493546728172 -11.29475952029927
-28.1303079244757 -5.232259179379353 -7.96484538900957
-30.137412290417647 -4.248278977264474 -9.891165873547726
-30.28422072376143 -2.566446607323095 -8.425101072930294
-28.129971807706337 -3.451799621645543 -6.652830238811243
-26.21683341464971 -5.982283814393743 -6.02005727586859
-26.111899100251723 -4.120309127191154 -4.865107536985436
-44.29294130519445 2.845315892042961 9.426755090645965
-46.55215356095894 3.657451788526247 10.012966002785149
-48.885868751265825 4.683838539179582 10.490550268343528
-46.799733405720566 2.015792708673666 12.570779197883569
-49.38011171414025 2.852146397521914 13.081619720628593
-44.33471698489386 1.4035502836371632 11.946453057750913
-51.19748828728696 5.91534361229791 10.718408401417575
-51.94993084502401 3.937663918750369 13.342549277322252
-49.918024473176416 0.7468871437761371 15.37627796381751
-52.745126539389354 1.6543129760341178 15.636595877908242
-44.41668039045272 -0.26705803380061055 14.237321945562654
-47.09295906537123 0.12773050091949317 14.866426003828744
-37.10474341638474 1.563385649201424 6.633980418847705
-38.60014357094899 1.6344065301255304 7.645350502954185
-40.293808802571014 1.8787274765519915 8.292603223976801
-38.16605948556026 0.6987610444206607 9.73639715177116
-40.06251035213517 0.7729028605949215 10.629687480669386
-36.38216406167076 0.7733549703240642 8.438285221562204
-42.19963065068311 2.267453628826602 8.869034685379766
-42.10389913106673 0.998371221405224 11.332636957772035
-39.8274754722209 -0.5637828462188652 12.867267757880471
-42.028501047664605 -0.4960267814278083 13.600536211697307
-35.661129462284926 -0.21312172338795665 10.541110247118802
-37.712358629016975 -0.4768019174395498 11.951428201711364
-32.63482047731791 1.66558279901443 -1.4982818301560092
-33.57978599320742 1.8872290787330528 0.680701674329685
-34.6467254185469 1.8633199839496994 2.8937244816766876
-31.740294900338192 1.29794681039136 1.9737257032898448
-33.126447220909455 1.2266735741887953 4.284160107159181
-30.570572069505282 1.093844441214522 -0.22600939021860844
-35.802893817687064 1.697220769509557 4.964734851073681
-34.687924812791564 1.0001781629093567 6.5274872758272995
-31.76342158162646 0.6900811237045548 5.813905500138116
-33.65168482971556 0.2529090117798836 8.344617594748534
-28.710278415446826 0.704146946901397 1.1249272514828408
-30.094726696433124 0.8728526007867594 3.359827035209526
-30.633305357617775 -1.0839429907109335 -6.885835731892847
-31.15318037939822 0.14588795450542758 -5.244838763126284
-28.39464954462006 -1.8632412466628518 -5.275177493549253
-28.89850644018511 -0.5348925838877799 -3.7870639241180184
-31.8241418722955 1.075262540328618 -3.4623987896155084
-29.62549631934604 0.4690563626332789 -2.1263600111352257
-26.83403884148106 -1.0185417948102802 -2.2890008331406193
-27.629399281985503 0.05384848409085735 -0.7302258831883712
-26.324142116200914 -2.4376888378733588 -3.6404514360549376
-31.20560471537295 -14.287599554991814 -18.858147138351626
-30.732491322562584 -13.49629762013739 -17.60947695934542
-30.51601410287632 -12.351250576775133 -16.44952539145325
-29.788062163747604 -15.039193469487726 -16.123266097811847
-29.41611846544815 -13.886368299051552 -14.562541729217703
-30.40459943582443 -15.884585021487371 -17.793267820729234
-30.403668294526067 -11.017066709879627 -15.216676604035293
-29.157852463174812 -12.494280338101897 -13.032846046382168
-28.457178317696265 -15.442806371043407 -12.514219109554807
-28.03102429643849 -13.976609569176286 -10.573417115303666
-29.635578123159725 -17.566879271867847 -16.35192690311325
-28.940931729590925 -16.651270690239766 -14.399530769134065
-36.2044601446204 -14.336447320560394 -24.9721016398453
-34.68347995378662 -14.460896947374886 -23.49542148607296
-33.281443595405555 -14.540887253104698 -21.93494280005683
-34.11956486349763 -16.626170934579214 -23.40292458176008
-32.66385424556604 -16.562180912216302 -21.54229847545324
-35.67629843650717 -16.60085626100347 -25.13938776942342
-32.08839765505953 -14.559307976144451 -20.345483809253963
-31.3946922101089 -16.35202313683854 -19.636425715363096
-32.01279304526352 -18.497422508276035 -20.655870443593592
-30.693252146162333 -18.150696061304515 -18.475116824918302
-35.068423674246155 -18.769377960969724 -24.73204123583537
-33.49995401202213 -18.681626302507265 -22.776099215098952
-41.13452283213746 -13.441740589429353 -28.682617774973565
-39.3912896107518 -13.919393600135251 -27.551638003416485
-40.75347332891727 -16.047473281573346 -29.32838809443688
-38.92260438106584 -16.393477400196964 -28.076243058821508
-37.76070879782243 -14.18762817719783 -26.319955663106935
-37.253040550700796 -16.55191841551734 -26.689191762633428
-38.333223715442294 -18.864004990813815 -27.973666167980777
-36.63545197059197 -18.838240385811808 -26.445203904734214
-40.286392763669376 -18.831776195451507 -29.3784730978311
-11.905938028331956 41.514629871354764 -5.677736363685874
-14.740280990168724 43.0917624341464 -8.515329030002842
-17.30239405492558 43.31461882504165 -4.510227414861693
-14.629089951847655 41.75307985380355 -1.5771834972730376
-17.751463966240667 44.375440414899096 -11.208966969578078
-20.12913649525707 44.59838333998572 -7.28393291688263
-12.206538782746199 42.750383997493174 -12.853974551195162
-15.412146660133573 43.995085534263744 -15.434532806323471
-9.212006806221948 41.20577640155513 -10.134521459621732
-20.929486432125362 45.345536091289816 -13.815370770082989
-23.113219457995793 45.5691865578909 -9.971260448462022
-24.21915139173085 46.02490932078522 -16.36550787160609
-26.221385756849877 46.2338689610374 -12.622023616344926
-18.795122704705033 44.93739949111139 -17.91928122028451
-22.271499018979476 45.61605858520542 -20.325421038001785
-13.04730530966418 43.390151623472676 -20.054786936323914
-16.62779419104342 44.29822021769439 -22.379728988880398
-20.288127398121162 44.9696194695623 -24.596406404809716
-14.338731199261423 43.38998518090608 -27.263206136403408
-18.168181828934234 44.05265079056185 -29.248731646101525
-10.594746094158962 42.50304428708496 -25.130360750702213
-6.525234277817575 40.708261453426324 -15.013137997786364
-9.659765352382799 42.19675864353692 -17.610081038918278
-7.068712775533007 41.34348782745616 -22.836821438240012
-3.8391714371052714 39.906415650274106 -20.35729681850622
-12.017627364862486 38.49984097371809 -44.11246713420761
-7.98624934099772 37.691123137915476 -42.82310722711966
-7.119644769010743 34.7815712653321 -47.23420952908597
-11.147316545737944 35.68047685907678 -48.33363069212484
-4.11818079661402 36.69380156234161 -41.31030790649264
-3.2693444020384264 33.72004469386176 -45.90164726173322
-9.65811114224899 40.16598680953676 -37.87408459130335
-5.791219057828886 39.21807297960266 -36.1599491311957
-13.6735020153165 40.893580195076886 -39.372120007240405
-0.5074121501022943 35.53330918717969 -39.553759665547645
0.308458583044411 32.521211901577836 -44.30897637933086
2.7415367911801063 34.22877362586398 -37.50972846873541
3.4981793992202883 31.192929823110923 -42.40503565765056
-2.178932657420996 38.0570884620051 -34.21218112581211
1.090918712793944 36.712535400445994 -32.00156501466716
-8.038416336997955 41.17424128535294 -30.66775923755014
-4.445427006228004 40.014750598450775 -28.535488682636718
-1.179610559156959 38.61636127635787 -26.171898587851086
-15.832613436863692 42.75219798245972 -34.324904651073034
-11.876486895891196 42.078031521052736 -32.59165815376867
-68.9846755085996 40.598015841372494 -19.6149216349967
-67.12175060883253 41.28326269338058 -20.700286888635524
-70.14337009990473 40.85275096208674 -22.053725377654505
-68.23846898965405 41.476124787010335 -22.999056567166477
-65.26217202112925 41.891592955042654 -21.976791150812144
-66.33706818537453 42.00670705781197 -24.027370941704106
-65.75995371185081 41.10091210865376 -18.454074477919068
-63.869316780946505 41.82023185712044 -19.970280251951927
-67.62905840174062 40.32552346555823 -17.231027876515
-63.515645700835364 42.438906646502694 -23.322339291921224
-64.55460010777571 42.463378630641344 -24.97997434676088
-62.07326318881632 42.911696735579426 -24.82985215676557
-63.23279786605528 42.78243553030417 -25.64387487260748
-62.04551242776827 42.4940634799747 -21.692186243213968
-60.429571183234806 43.091285090309 -23.570798933266605
-62.220931217059615 41.76999273714802 -17.91948648129117
-60.287203968112884 42.58548936951284 -19.886421136523282
-58.511642578917524 43.30631743501027 -22.004867396497193
-58.28643494870645 42.705496975066616 -17.915391717435796
-56.35603222839952 43.548865296862964 -20.194045379292668
-60.35804670111271 41.739907456303804 -15.786267283517343
-66.10615030173481 40.02158631084904 -14.859539600810574
-64.18746786235593 40.91396091946031 -16.214045883799983
-62.43932578324405 40.730668566718506 -13.931928658925361
-64.44594176017799 39.701045025219514 -12.456559986416607
-61.147837320153485 43.27863520534763 -26.586138623922686
-63.053235077059796 42.981180924482125 -27.090385084113716
-60.537501627735686 43.559137081588766 -28.530134024983308
-62.82120379583604 43.21974017740725 -29.020812130443744
-59.19079259675114 43.55152063084548 -25.540731834903962
-58.238779218460536 43.88574479589603 -27.587968840067266
-60.020157122134044 43.784991186153576 -30.605579760356935
-62.57398728073331 43.440521802566195 -31.124924654930155
-59.55849123367298 43.95394952429105 -32.78980957025045
-62.31512580387091 43.61452182492685 -33.35987221735335
-57.46529686844796 44.12143080591605 -29.704960788382465
-56.801996488226045 44.283908081913445 -31.895746505860643
-55.85695197338676 44.22008727688511 -26.30316139182549
-54.86757971544427 44.461101313927756 -28.498022255513362
-54.00895067913113 44.61396515889064 -30.743083938770013
-52.17934983489895 44.81754064742518 -27.058748347269223
-51.13783218037892 44.958784194955065 -29.39714812072028
-53.35301269378117 44.571446064164874 -24.75633992611967
-57.05037610959374 43.8465788955657 -24.14247367411344
-54.72553976005781 44.16353041482152 -22.472353030935693
-72.36471466854482 41.69423516191429 -29.952756787774582
-70.09804035000319 42.24140676079629 -30.482332471929173
-72.77945861195599 41.90393979186152 -32.75664907369326
-70.3823512203627 42.43554732565583 -33.15057209116653
-67.68811991923079 42.69094597186446 -30.93435750564319
-67.81264842470527 42.876240611887475 -33.44230133865884
-69.67786905752394 41.98191441027541 -27.891385597117566
-67.4464981239468 42.448051302196184 -28.516647272676177
-71.80505323645556 41.4176256094653 -27.223550878358637
-65.15971961391276 43.08187977928011 -31.191044542241897
-65.10007666849708 43.2608701903734 -33.54430027865357
-65.14642466271948 42.85354729545252 -28.954259622704637
-67.03018854693478 42.204062604685596 -26.20951466897478
-65.02113078407355 42.622829862188574 -26.86935265071362
-71.07350832901739 41.128694208157086 -24.58861101196543
-69.0738526659302 41.71543770836407 -25.395020538615423
-9.698628621339124 -10.075973791125199 -37.09671080931053
-10.778084589054625 -10.371696788206705 -38.36762958408517
-7.79937681108065 -8.283689646343444 -39.73590177866542
-7.038507165155421 -8.303301174847086 -38.289268705410244
-11.960877672492124 -10.586732555087952 -39.71135919699646
-8.68552381945148 -8.190696664975526 -41.25566943071242
-13.694468328105868 -12.212096229722816 -36.635097875712965
-15.121677574849674 -12.728567916110986 -37.75043209923102
-12.365670815742744 -11.618084736278606 -35.58110308317392
-13.307583351900169 -10.6615797762499 -41.147829250811796
-9.780755017061887 -7.978125523718868 -42.858757765951744
-14.879318309566706 -10.531932787344125 -42.691770457371625
-11.170685513663507 -7.595385964557479 -44.54831963956572
-16.701919382188855 -13.113308648821214 -38.95062406935307
-18.43781652524387 -13.245520997026869 -40.30597591630412
-17.9557750015183 -14.570853764372673 -35.49830904951147
-19.790087157742303 -15.328313322199481 -36.398708721174586
-21.722229244738315 -15.787821961980802 -37.55378301883699
-22.109878948300576 -16.97304740444375 -33.65258846621208
-24.70959244633631 -18.285372634754115 -34.273468795812285
-20.19751042829333 -15.951090434302415 -33.08737404967781
-14.862322446899729 -12.948019410985836 -33.84424306495645
-16.343089287635973 -13.775979493360472 -34.651645458608535
-18.539425098467202 -14.9893596571213 -32.52602981689019
-17.02810139633435 -14.041472345102349 -31.974202111674636
-16.732387170953313 -10.133278927758516 -44.349050226179706
-12.936311059579204 -6.992230051695516 -46.31506299926948
-18.854082936909936 -9.430031615971249 -45.96253224816896
-15.0472797354139 -6.133169050462951 -47.99894981977402
-20.32836865546877 -13.006020124034949 -41.88814468281757
-22.40465950947718 -12.399402788691084 -43.49177328934388
-21.220140784768006 -8.411192987147459 -47.402886979817474
-17.457694575770894 -5.005515448098026 -49.47049476044358
-23.808845603603825 -7.0815640444593315 -48.58280978519685
-20.123151347889486 -3.609327458730735 -50.64903481688217
-24.68905315205128 -11.451711718102938 -44.930855941366445
-27.18280134016995 -10.166062548775537 -46.13555549932249
-25.617875339527412 -15.141167805581011 -40.91892295922218
-27.816722541466298 -14.255112360335248 -42.40694238091098
-30.23417848033156 -13.01402135611072 -43.639319661583876
-30.55194584118829 -16.909054469306387 -40.16125770979705
-32.946071392625235 -15.740898411004274 -41.41078709489038
-28.400611736469898 -17.69390899909301 -38.625612743364535
-23.624292793832186 -15.691866632745642 -39.1818034296444
-26.477137141972317 -18.14372177040064 -36.75292013905167
-32.79272031266582 -19.441836322351396 -38.524356453670244
-35.25260061757781 -18.396976998065174 -39.770576211305205
-34.494952170660966 -21.952299032815244 -37.10650112888308
-37.14570334321585 -21.135913116136777 -38.36452807939754
-30.601205005642008 -20.050329043564123 -36.98985408232994
-32.16119732735751 -22.25348793254394 -35.58372372430442
-35.64146480152986 -24.541544426119422 -35.539114406117044
-38.63200875203068 -24.117341660415278 -36.861500694722196
-35.884081485717154 -26.978817470189227 -33.27327434341398
-39.68694747238414 -27.889199014585536 -34.59136322365681
-33.06377367898326 -24.339780420150966 -33.99904711667271
-33.2330416615341 -26.24355033073385 -31.80106733587607
-30.140657967143923 -22.209951175777057 -33.751809467081415
-30.928453429849856 -23.939183256400092 -32.18778282119045
-31.087086992052193 -25.47485946110467 -30.050420032135047
-29.135097744407222 -23.332777805548933 -30.06995423404226
-29.307241562254156 -24.596555909329084 -27.996035882915944
-28.429590365488753 -21.88941238439946 -31.582207702579204
-28.66304555720763 -20.29368958357138 -35.11149918227555
-27.095765439534407 -20.272471415906306 -32.842901073807184
-73.35055860415558 41.5246179351027 -41.44835266972776
-70.67602847853932 42.04900525795799 -41.510400587528856
-73.3392238687119 40.99714926655442 -44.47362818620026
-70.54767058675037 41.54075121022825 -44.47031924265678
-67.74830495671792 42.53000554619067 -41.42529199314201
-67.4988242111983 42.033029807127996 -44.315124599403305
-70.68382196494318 42.363114879302415 -38.65097126010204
-67.86733026292292 42.8249340420333 -38.66673258000624
-73.26736908675792 41.84712603167805 -38.49781457988099
-64.61190621466584 42.98377203221362 -41.1715663718452
-64.24105099646216 42.49253557689191 -44.00108376171586
-61.36410848514402 43.41580338041782 -40.71901841010254
-60.87577158330593 42.926825988638136 -43.51326345473008
-64.85730472289679 43.25276949287869 -38.50587791576667
-61.7438881072202 43.657705740779825 -38.12016319974118
-67.88050485092946 42.93120218990441 -36.01285429205591
-65.00961914348945 43.331695672036034 -35.97299658479918
-62.049540012232455 43.70512006061299 -35.67926926977552
-73.07938476624335 41.965579239597325 -35.60316345243926
-70.58212988793336 42.48516056574463 -35.869205453464616
-79.374706254255 39.589212337332796 -31.365204229975273
-79.77749283774264 39.78667933960453 -34.37849949276356
-82.10975489341733 38.86960154181362 -33.825353985967475
-81.73956176324624 38.63972521530912 -30.77631373186491
-80.0495413963045 39.77311144640752 -37.434631260803876
-82.35547248476074 38.86994937896978 -36.91629571293983
-77.56741006001371 40.61231721725757 -34.85857713234407
-77.83870500929612 40.563891913599925 -37.87858050648544
-77.16737668125344 40.46354436323889 -31.88013270381782
-80.27226015465224 39.469568679701666 -40.52211178301908
-82.57184788943728 38.54929927909823 -40.03007089044017
-80.53797804060153 38.8226919158315 -43.641917849283956
-82.86862290894108 37.84148177027654 -43.160055501469536
-78.03883706354416 40.25805657021846 -40.93534264592084
-78.23496273071106 39.66120898215624 -44.03671939387498
-75.61502146184206 41.25181291319458 -38.236631988558294
-75.76782009760224 40.935927298048206 -41.25036051128815
-75.86818821230604 40.37872223198229 -44.32135297284404
-75.00683898250925 41.241791059662575 -32.3382230307706
-75.3721456882749 41.340673165603675 -35.26642723992717
-84.6403045892652 37.85734136288222 -33.201180985006616
-84.333046695206 37.62488263464957 -30.101558671150524
-87.36929434022524 36.73009141711653 -32.548624077465604
-87.13493093043691 36.49955252846121 -29.400325098866656
-84.84107317762391 37.83631728174855 -36.336121873752745
-87.52280087994113 36.68093606234648 -35.720412986995626
-90.19841037123378 35.44994865292621 -31.923909164532297
-90.02808348372027 35.204056493123254 -28.75029792191479
-92.99979485726851 34.0025422546833 -31.3930590521714
-92.88308713962398 33.70960498997358 -28.235617177779613
-90.31013861064379 35.38987578236449 -35.10435765224357
-93.06852495197879 33.967539692797494 -34.534762850079375
-87.66057698103545 36.26577101159483 -38.88362499757909
-90.40185075165357 34.9479801727238 -38.260334500773205
-93.1100616725256 33.53891729492067 -37.63699552611732
-90.5298159517549 34.06495723274442 -41.366392095718375
-93.15949671613372 32.662350118298484 -40.67854583709597
-87.8690273742358 35.42046698952096 -42.015675340725565
-85.02435860401454 37.46970948010922 -39.479244356709046
-85.29630789668367 36.68944191442855 -42.615123715758685
-86.14432411240823 29.553936015226675 -53.53554722182912
-86.49011107359932 31.868020123291338 -51.41100602276979
-83.82831984962974 31.188169236701096 -54.315152535218736
-84.12906988349114 33.37718539430428 -52.10556142194907
-86.27171537583213 33.84356801999543 -48.747853991749814
-83.88058508429773 35.22015733518749 -49.370454462090606
-88.7125667925538 30.308760637545287 -50.614966126857276
-88.61772982702567 32.39576987492594 -48.04204558345932
-88.27573331561062 27.878249172400068 -52.641004368669456
-85.78578393073029 35.46387374232567 -45.7579875606417
-83.37491409967505 36.71745213264844 -46.32922488499058
-88.25621375113347 34.114149303941346 -45.1198466842184
-90.95842289971992 30.927023155888755 -47.25740076683135
-90.7726858231348 32.71111009384887 -44.41580511915338
-93.27099207742168 31.306789413449295 -43.649039173047484
-93.3014002469993 29.498889881357837 -46.39843370137169
-90.34367397703478 26.218773453721855 -51.6542584789091
-90.88856453128994 28.754507706654977 -49.73099449915992
-93.08771605803834 27.271871113501017 -48.77110605009283
-92.45130946998185 24.64654278174806 -50.596343432024774
-1.9516567572597028 12.23833736693827 -50.68171253931383
-5.555739428691526 7.57081158142557 -51.381877949067785
-4.494216817956967 13.969693177721252 -52.31529989343658
-8.155558027550507 9.276112792549515 -52.85570808048161
-9.448840100147978 3.074224301202134 -51.417127953840684
-12.10617351789133 4.695466806838912 -52.7493184023464
-3.3667333785936355 5.938211053281383 -49.66985343589432
-7.149286427938076 1.6000510978622189 -49.814149200091364
0.12921911559915422 10.50497491172435 -48.83681481777397
-13.475604898685434 -1.1499087929905332 -50.78792101777831
-16.161034987799063 0.3560759671569751 -52.01675920867755
-11.0935852260622 -2.442105776955839 -49.26538041172135
-5.27401054252789 0.2893836814283497 -48.01752929887785
-9.073689383281625 -3.515005703239699 -47.526758587935774
-7.472072106306557 -4.371487749866671 -45.695523513792516
-3.882852517533248 -0.8457259491181703 -46.141024119321315
1.677540232289319 8.783349120643207 -46.86829996963143
-1.658370948611878 4.400579503826884 -47.79943800288221
-0.4928021442477122 2.982144187310558 -45.875374270852284
2.6284505661872717 7.097774235751661 -44.88127415577802
-4.979504446744345 -5.935767280818963 -40.57931271268887
-4.573439048754294 -6.251804693897641 -39.01339891310109
-2.3487168502441094 -3.343862132807987 -40.85120716994102
-2.3172397907295768 -3.9674715335414437 -39.215609448933414
-5.529073352155751 -5.542642421426745 -42.21436287586509
-2.5408767285637204 -2.634662592889806 -42.55269815393407
0.06642022886593191 -0.5394091926613043 -40.501924107649764
-0.28261472733208537 -1.507462212849418 -38.842993642554056
2.246453077800711 2.437216472614698 -39.49094854283299
1.5221416007205968 1.0646975020567937 -37.852279680919146
0.23595804206727622 0.5232399902485687 -42.22867152837071
2.7687333991162624 3.9101001396621404 -41.20678369421078
-3.011889625781632 -1.811514546916342 -44.317149825861684
0.09415682674926318 1.6932746609166602 -44.01982409361112
2.944254687641541 5.469099249681435 -43.000588326675356
-6.324761438211492 -5.034600646885815 -43.92065561736871
-73.24433463807912 40.29415229541476 -47.61487241678342
-75.95851083257807 39.59918426554068 -47.488034536869264
-78.50228335450632 38.77445235935904 -47.216681984707456
-75.96461693470981 38.55238219295902 -50.575878309034586
-78.71659244239795 37.58446300946861 -50.30149620106308
-73.04017245804783 39.35142417730233 -50.69553194552256
-80.95370987935111 37.81609890887623 -46.82304184845683
-81.3467978001074 36.46890171179441 -49.893582210193735
-78.7207550121632 36.05931875127356 -53.111221711352826
-81.50405052329212 34.78334441380414 -52.6742688630776
-81.18080734707208 32.730181562902395 -54.946441019870285
-78.33729347736998 34.13701170316726 -55.43124166015794
-72.68766847045887 38.08454882441055 -53.53359980278372
-75.79021885119393 37.174057149202746 -53.40453165284963
-75.32747476470222 35.371292799547334 -55.76253613181872
-72.14553370936338 36.38285402255222 -55.92025157169373
-60.2444334417922 42.151785505157726 -46.54705987404314
-63.711957861455915 41.764928839167155 -47.03473956211151
-67.09214566405635 41.34226464399945 -47.376093588063284
-63.09471370391644 40.77944033680852 -50.070958097577
-66.5745327154782 40.41322924878324 -50.41660004339705
-59.55761122498069 41.09068309945132 -49.60932681276864
-70.28676953258449 40.86302688261221 -47.57190389669485
-69.907093116254 39.9541273351605 -50.63238956724802
-65.98815959425525 39.18830795039645 -53.24936374848729
-69.41632764241027 38.734844013798636 -53.467669196073466
-68.82385411016003 37.101199319042856 -55.87183769995736
-65.37849089988015 37.58778234257433 -55.67128086364714
-58.89540793163383 39.743069989538995 -52.50119296629039
-62.4553669779079 39.5082110200353 -52.91804762306317
-61.860339437820784 37.90239426225363 -55.37154860195446
-58.33677971785912 38.09026439347099 -55.01159565235128
-71.3827423027783 34.13557596855891 -57.6312623272429
-74.4786141699625 33.049116219531754 -57.41966511838738
-77.39681968727554 31.750276446999266 -57.0232126270247
-73.26585431200496 30.391336384261827 -58.46269538215196
-75.99350532623023 29.05789452941917 -57.97335606242309
-70.3555293334491 31.544970994575014 -58.75505977990628
-80.14261207625385 30.27604833658455 -56.46484934569173
-82.69822300000259 28.6520869843962 -55.753139699244336
-78.55507383265557 27.556868838810196 -57.31611103316309
-80.96342720606593 25.890262752733307 -56.507934350475104
-74.208188499786 26.210521301208473 -58.368016202044494
-76.56867259246178 24.69654355946382 -57.59118439248684
-78.82794994208052 23.00629788944319 -56.67370416136598
-74.29966417445353 21.811339470574822 -57.37766183583654
-76.45178716017116 20.096390170959243 -56.35141185935875
-72.10006698369772 23.35054179951565 -58.28129170411301
-69.01000779118003 28.80880811021168 -59.37233732107032
-71.70064694606505 27.576179714491584 -58.974705317142174
-69.7793625028212 24.770399726585385 -59.01820454577129
-67.28275298216032 26.11165110458739 -59.53911291578361
-57.96613728736928 36.10262264030999 -56.90266145331115
-61.38167592661078 35.90520616769009 -57.2049231460882
-64.79698084702474 35.52696580057323 -57.46103675551659
-60.92922360845267 33.730782734951084 -58.48535053127481
-64.1218869865224 33.20850369177328 -58.70260494187307
-57.75279418447028 33.99357302099604 -58.22849172573422
-68.14822018430105 34.94829882310827 -57.62394093642586
-67.29054740611053 32.479601342676226 -58.81312241987104
-63.226286796840014 30.832572010237858 -59.468163558196
-66.1444088058522 29.895744331328334 -59.51873702417197
-64.59674404390984 27.384900251372517 -59.79544124613452
-61.90845017032588 28.58454781082337 -59.8230800603046
-57.665869611072445 31.97447366010966 -59.0337447173449
-60.41098618708349 31.59066507170909 -59.267638613451
-59.44197954190566 29.673069443243026 -59.64953412813651
-57.656194159839075 30.478940349920286 -59.382868680915834
-59.848587766930976 19.232209510335373 -57.98625404821526
-57.29064773736866 21.251909220180938 -58.667981171632654
-56.98785281120567 17.26877641236349 -57.18683712360052
-54.34492625155558 19.56615738736155 -58.01066037880845
-54.729144314057216 23.414680520544866 -59.09787128358308
-51.700352931379165 22.02703257201094 -58.588867616804734
-60.057600176744565 23.092288091709133 -59.26560141705284
-57.52179704045139 24.942120491602807 -59.54422634265402
-62.59140575783978 21.34283449648513 -58.73229941399971
-52.3669466591295 25.711815916417397 -59.241801871198334
-49.25237871907957 24.618211281180166 -58.85946695455092
-50.401038895938136 28.140046262834 -59.048132344206635
-47.18275638473362 27.319279597732926 -58.74237983123858
-55.19741368482863 26.89424696297926 -59.55819329061347
-53.32051002384006 28.991379955115598 -59.28765148147589
-59.961056525536655 26.642561106938796 -59.81872557335532
-57.63073244879779 28.16071693619026 -59.72125196290756
-55.85716112465882 29.824042539151264 -59.400302011704845
-65.10606236762523 23.628685632142496 -59.2894492634682
-62.53015256609384 25.12608762977722 -59.67800687295752
-68.83668152120501 11.886897492220918 -53.55796201620603
-66.63054179617976 13.760349291038397 -54.79051911930983
-64.00646249454681 11.2931370274514 -53.68949072774352
-66.28992060850918 9.348126761648063 -52.40109423701386
-64.46469430471966 15.54245464304708 -55.983013811879616
-61.766393574537354 13.188240248264075 -54.96159647861495
-69.26690922455236 16.338317010305502 -55.85260925038726
-67.1435830024862 18.018137629418195 -56.9639372959696
-71.41421967865782 14.528547101996617 -54.674012179142224
-62.23081580856469 17.339696596599133 -57.07031910616888
-59.45450028185298 15.151771547207117 -56.14909615166254
-64.94340626907878 19.662102098152427 -57.9451953917158
-69.71756386317966 20.619915316404043 -57.77209857374617
-67.49335905169478 22.135016460876606 -58.636039235479736
-73.96956784849715 17.268051937729933 -55.64301639304171
-71.84637640067454 19.023718806156726 -56.75592743559217
-48.265900671386156 11.96724441939607 -55.31242904666124
-45.170467304340065 15.043698762178362 -56.48776014469826
-45.20550616210018 10.289396079313628 -54.83557192778329
-41.96998622900598 13.591897899346925 -56.11291805868172
-42.0655818802986 18.33114659195229 -57.395513700099634
-38.71838543731325 17.123735762465543 -57.093948620255226
-48.29660632176352 16.499140672416242 -56.92914077252922
-45.3537049357945 19.52555670590812 -57.74455649289485
-51.23305062305796 13.667818073107085 -55.86297354419791
-39.14717868228201 21.73649162658114 -57.8998365692404
-35.63843184368029 20.775122402561696 -57.62851532602165
-36.572109542781625 25.19320299266009 -57.86740892485897
-32.88555112893829 24.459911321302087 -57.58955879391498
-42.60358923851043 22.67134149933588 -58.19468501100938
-40.20938387521532 25.886140152203794 -58.15490789299591
-48.571202724313345 20.744436403911156 -58.141764405492715
-45.984791078022376 23.61870587024816 -58.514171118289106
-43.764437673001396 26.581457618282673 -58.44749088743846
-54.130062200301026 15.424521497813153 -56.4857953496074
-51.35265988453418 17.99450222025405 -57.43602479359289
-58.81570345951386 2.3147995753559574 -49.30642768328471
-56.31055257433255 4.5200386744622865 -50.8163136126635
-56.16662432820789 0.11523886415642992 -48.37501218956409
-53.59317212606312 2.4076703153123296 -49.964390470506
-53.7928619233987 6.767330832634926 -52.39273913069331
-50.979693018764216 4.764997058264568 -51.658457465579055
-58.91244759309628 6.690496339417035 -51.72231110459848
-56.49289945037093 8.821589168241152 -53.18758519107806
-61.34551947092715 4.5759750775492 -50.29052185567115
-51.13829957647276 9.214786502400594 -53.921457420534416
-48.20789604782945 7.354834635114631 -53.31963233276453
-53.96146808291216 11.11489440968661 -54.59267559644029
-59.130878028850795 10.95440482128313 -54.04003827588816
-56.71735467325028 13.085128748322107 -55.33198237179104
-63.815181164151014 6.915308759348918 -51.320708398825985
-61.456404318677556 8.941726693906077 -52.67714095665258
-35.56838816920633 5.196165748096364 -53.67891418704207
-32.03231962095083 9.030299106778878 -55.15920438480439
-32.35359330100202 3.4667938584869864 -53.23219001310864
-28.719130247189767 7.406104695291124 -54.73317966086013
-28.40892038511353 13.15617710386317 -56.22551911538753
-24.965773966325095 11.654887015402164 -55.7938247699473
-35.359301449651504 10.592429171805348 -55.495379424069114
-31.862251593832845 14.552553127737868 -56.554505795599496
-38.801457864741295 6.904333509732611 -54.05833537029233
-24.878776111562747 17.4105723191205 -56.76099316390202
-21.28524715765017 16.04111960581419 -56.318670567585244
-21.635124145007644 21.647376385834367 -56.68830271928817
-17.891554184797656 20.41218133749824 -56.22735932195969
-28.485753055619057 18.637292637657023 -57.096696299063645
-25.403540233468227 22.71549835663452 -57.034263887881245
-35.30542657989061 15.869835236624898 -56.82556080005587
-32.077890423638024 19.75070181120369 -57.371432545596825
-29.159538926979838 23.644222362392835 -57.32092589528865
-42.02827866171835 8.602802100548766 -54.42386421967784
-38.681843886312954 12.111138129275119 -55.792371404757475
-47.39622333099075 -6.209782149522485 -45.88823177018213
-44.67955979046235 -3.7031060939993656 -47.742695201347374
-44.37092714795884 -8.247398443284872 -45.08076523576234
-41.64033296571359 -5.669601311827581 -47.026716232367875
-41.851456641315814 -1.0758351674907098 -49.794061600637846
-38.76959781501586 -2.965519055505555 -49.181608979723016
-47.718888975881384 -1.7050487391911116 -48.44169665128499
-44.94572885831225 0.840157157443236 -50.37864498997959
-50.404302063671935 -4.143376162496933 -46.67983368338615
-38.83242515780436 1.8465080196109946 -51.837238210938445
-35.69177447547677 0.03382633305976179 -51.32140532156691
-41.99188084106468 3.668026823947849 -52.30682362945549
-48.008048125460014 2.7890746289258983 -50.98649038928329
-45.13519329919134 5.505965034948122 -52.78389817730641
-53.34573309597332 -2.0355041311663524 -47.49855067498954
-50.70945132116909 0.3330336463306528 -49.171193469370664
-23.011904963950514 -1.944601998356489 -51.49283365188871
-19.10333761362076 2.075061994856865 -52.91474379362978
-15.068142568778425 6.459154139146642 -53.766137864912636
-22.21694462396683 3.8787422482271303 -53.62056161623306
-18.242623431452902 8.254422510340717 -54.57631825530873
-26.047375311475605 -0.15039247713432302 -52.153369352912804
-11.11368846387604 11.050825708651642 -54.02922600681028
-7.450290408477767 15.707001076125247 -53.651710522030356
-14.334130557582489 12.80812498185733 -54.97350548136442
-10.717782514796719 17.390541023876462 -54.73520267750524
-21.560201760078787 10.003815254986693 -55.24590710282114
-17.746320470154807 14.4879639448951 -55.73001451454371
-14.222514347654954 18.974308885386336 -55.58754701361606
-29.17266975860764 1.6716718123064531 -52.72530407930226
-25.436830578390456 5.6740997938947215 -54.22020236470951
-35.59975166696442 -14.147306277427658 -42.44292410401246
-32.88900225637025 -11.40400563476905 -44.62754640213743
-29.896512934754657 -8.549043997793781 -47.059887813129805
-35.70689319175179 -9.578039634187698 -45.486347639721174
-32.761503644316335 -6.749278794960503 -47.83337970530586
-38.42599025101611 -12.292188008479785 -43.36910002554411
-26.610417337061754 -5.44866824886364 -49.44812623577409
-29.554660525494747 -3.6580826743628236 -50.14415807349972
-35.729611189303576 -4.870390205898857 -48.5336203113625
-32.59173423281453 -1.813241646111818 -50.7607916978109
-41.36423641239103 -10.299196199585456 -44.24591424347035
-38.63619073510486 -7.645859656952753 -46.28081922770521
-92.70315770554441 33.148402953052376 -25.081239941308255
-89.7711646759246 34.72416150479668 -25.609332367236703
-86.76640400145006 36.074951607096175 -26.302766476358144
-89.3831034527854 34.06427174519342 -22.49452471473999
-86.24405661642827 35.51345854674695 -23.258649071351634
-92.4016653715618 32.37292353831382 -21.921720138913653
-83.84377617408799 37.23457266439975 -27.061431613046405
-81.16146994715746 38.27757624679884 -27.786886166841583
-83.1749120245336 36.74825759390881 -24.096943634837988
-80.39114394391265 37.85029852748208 -24.885408428276705
-85.54451258095361 34.84876458368722 -20.25987120825812
-82.32906903925155 36.20230530361552 -21.21013137780673
-79.44606044425683 37.396984292716574 -22.0838042116282
-81.30306655260722 35.61036760261395 -18.393179289914904
-78.33962845549183 36.92905397734689 -19.380967397645207
-84.64047734229231 34.098040697565224 -17.2913896584821
-91.91594352949278 31.418376723293846 -18.74235837686991
-88.81637081597385 33.25821582431218 -19.39111327307175
-88.01911222361575 32.32694567107449 -16.279673917271374
-91.18122931527986 30.309354331852937 -15.524776477397838
-50.782802073487666 43.9870812466358 -41.05158867984495
-51.62596021913925 44.50617296878985 -38.14746717444122
-47.283615374419234 44.251643946168315 -40.03406664045724
-48.2651777830009 44.80007126137997 -37.03983102208151
-52.422087824775325 44.7207323351071 -35.50376242423972
-49.21340902618804 45.0349841298513 -34.31597285476683
-54.90346080837208 44.18459129237204 -39.16441124808408
-55.555722607538854 44.39407451204771 -36.57031059577141
-54.18542336637834 43.68558396642641 -42.00317595029922
-53.20505724583834 44.72722744099232 -33.05690062939219
-50.16002559777558 45.057892943906204 -31.792153462005302
-56.17681002545655 44.399814025828576 -34.16572752589543
-58.65163676923285 44.04025476586447 -37.45988151804628
-59.11376389085169 44.06119992014908 -35.05921685794424
-57.53540256017332 43.33066524834315 -42.83754160106696
-58.137309996909 43.820511580519934 -40.03736138522657
-75.91159202290132 38.123385543101634 -20.11632367967643
-77.02358467147747 38.508202777991514 -22.77161071500805
-77.98147792652114 38.89286272261865 -25.535705145487135
-74.9237900556732 39.516907985299284 -23.35819055276057
-75.83919363474885 39.854955157568824 -26.10149127643735
-73.8496820852152 39.183467116592944 -20.72347597309104
-78.77116765710696 39.267235021539975 -28.40601849706059
-76.58959848407486 40.18549241268284 -28.948827040390267
-73.8230427092182 40.704574535375876 -26.644640968732503
-74.49414476207703 41.00317461886577 -29.452398347882088
-71.97497136196465 40.09374042656207 -21.330731811642412
-72.98622973062179 40.39578839498901 -23.935569396384004
-28.35615557095623 46.30977473986654 -8.982751639856493
-25.415262280750635 45.693826340539594 -6.271811376352654
-22.597858550925338 44.77349519032489 -3.5479165614467396
-27.90090883018133 45.65337100096954 -2.7048537444693723
-25.227732288369786 44.82307308796424 0.03626323298661163
-30.685562932246444 46.19300256785032 -5.458779702618078
-19.92787739330977 43.553479286313824 -0.7394021892932818
-17.40198883284034 42.074386092551954 2.243312802922408
-22.688321235312962 43.71213053850141 2.8544851581713107
-20.28696437469174 42.36067612094574 5.853493514924942
-28.082231069949238 44.66813285203743 3.504285880434495
-25.651058506032925 43.695700582368325 6.324312549266455
-23.347267538358363 42.499920934191934 9.316412180268424
-28.883312826564588 43.38958766841815 9.713702889838165
-26.650610150073202 42.36417604070286 12.687041307027792
-31.222588705156017 44.20802281721245 6.883882766619379
-33.2636575656953 45.82490541206158 -2.0539708734059596
-30.627764808293325 45.38180674806172 0.7453491056732409
-33.649417197050305 44.79114641704303 4.088819276793768
-36.13969159004173 45.12951082114009 1.226996009219629
-41.998948507395276 46.10825872269859 -24.493183088952918
-43.48144174624287 45.988913416662385 -21.700122417960372
-38.89254479919582 46.43034918725738 -22.492056823581567
-40.4952866684091 46.32410464349181 -19.504282237229944
-45.08851273701534 45.70259958344369 -18.942101569597728
-42.227939590822636 46.03401945303634 -16.5624100402713
-46.43930453325907 45.60538611381362 -23.677622166050366
-47.917612762878896 45.332488917325 -21.091500952634867
-45.08693763900944 45.7310717454888 -26.292892602636297
-46.89212183042251 45.18292583965639 -16.223086711058627
-44.163097307464554 45.497024993069154 -13.680475094278494
-48.96281469514325 44.37418796565483 -13.547575595471358
-46.37286296891807 44.658312060795495 -10.8702038245245
-49.59057835578143 44.84469574945371 -18.528701576254655
-51.524298172643576 44.0871684308457 -15.985837624336416
-50.687552581278226 44.94864386148335 -23.024187766478114
-52.219403164991974 44.50029788963939 -20.606725532047104
-54.00785441801868 43.80976091835495 -18.195268054509377
-48.145184989854805 45.33892006759829 -27.919498991116292
-49.35164478827134 45.20677184421591 -25.457206524161947
-36.302372657283236 44.998793715371384 -36.851414037183154
-37.75296754321135 45.66465253484087 -33.4154409433733
-32.687831719159284 45.1217540775686 -35.648016400650164
-34.28297318761275 45.84470881409863 -32.00494003601447
-39.16533209785239 46.011122647002956 -30.264172146630116
-35.82327211986554 46.248639118529674 -28.652428777789073
-41.25950275528688 45.3966997095629 -34.696837514378515
-42.526154542836125 45.69962129978576 -31.719870945631502
-39.96400264375768 44.775698630575036 -37.9542007343479
-40.57041352954468 46.13529706413868 -27.318297725587176
-37.34730476307324 46.42293029213952 -25.510498472523608
-43.79218845228595 45.78459572750771 -28.945636406457073
-45.890400643585174 45.36524003312093 -33.060389238166515
-47.001583787954296 45.41660759996939 -30.427679773401834
-43.64496979645803 44.51567175333077 -39.00483062149155
-44.781339291638105 45.099002366465335 -35.8944965562283
-29.403720795090432 46.5918403999957 -15.269414441557183
-31.384872165528215 46.61263255441506 -11.7400761434459
-33.55226677197253 46.4290267683691 -8.30817620811211
-34.43981693951064 46.6846939477098 -14.463738716621219
-36.45102985828679 46.44736217735292 -11.16660302647222
-32.595795576807234 46.717225742787086 -17.83915967274756
-35.96312474751257 45.98556254060975 -4.990462094945396
-38.66988760285433 45.21576433453482 -1.8003417991221944
-38.692375290095924 45.94881962990613 -7.970723049373058
-41.223827832432 45.12994391892268 -4.893192917731589
-39.347789647355384 46.30100081912899 -13.945950409869782
-41.42897918258964 45.770917861206996 -10.899167601073307
-43.79248559912325 44.928593459752875 -7.950815321448023
-35.76119663491882 46.65111753885464 -20.263455687507058
-37.481553758895195 46.57475809994621 -17.07447530341372
-21.913865630115737 44.542179728364026 -31.091905210226045
-23.888074091568175 45.44003985432648 -26.69880081183317
-25.734049703942667 46.05326505992414 -22.649680838882798
-27.404471936117144 45.741275343989685 -28.646945423894806
-29.14346754500302 46.29400685970911 -24.83516825336595
-25.559840932288274 44.88747718374674 -32.77545907934388
-27.5448528600934 46.42434168816586 -18.870426154847674
-30.851196510749528 46.60423917252932 -21.262577611253747
-32.497050371296915 46.354275901669915 -26.84216852996093
-34.11585574289828 46.59460674449799 -23.487041441368195
-29.131524755265712 45.08551027747242 -34.29313988992384
-30.85372011504654 45.876690786124655 -30.41764196138456
9.666033625894356 26.376998543096366 -28.296310861159363
9.464082193834017 23.32067039911513 -27.147434121567702
10.093731267575286 23.5529578231815 -33.115141031792774
9.827900086147737 20.707171057436156 -31.59157192138038
8.551436179744716 19.87462378162444 -26.56454212202282
8.8716122226026 17.53192114519235 -30.493012676199527
8.265507670495085 25.212430126314285 -22.32858311918946
7.464322101390211 21.525860904096863 -22.485503520624064
8.357867590048158 28.483246376072202 -22.89778307411516
7.070377151964937 16.194698327641557 -26.351294710931313
7.379123459848042 14.171710204149498 -29.669909978595648
5.217904942892568 12.483365466215215 -26.337860603552727
5.546549598411216 10.81563944794844 -29.007245242242195
6.087772219024971 17.621243654333565 -22.999896099695203
4.327437553562788 13.681699515626969 -23.709208244053894
5.757008133362271 22.440665569367304 -18.479350621764667
4.553833342477304 18.411403785103136 -19.787361106406774
2.9767130204397176 14.401325550098273 -21.188065887324022
2.602559164489147 18.52379371485019 -16.86171474820813
1.2744302493641908 14.629304107555305 -18.83017919280898
3.588625904839344 22.47127178586151 -14.87833636866193
6.352015352053481 29.907496437474464 -17.033720137730317
6.395937130264765 26.376166811954672 -17.300813888961123
4.062193082937085 26.40316938397719 -12.760372428717268
3.5922040004073406 30.620154292555018 -10.1743157987079
-14.996606849814404 40.43695666535048 5.505646051706728
-12.084450175291227 40.017285756974374 1.6039209941061339
-12.844308264385772 38.542577801539956 9.091517300896795
-9.814725725831252 38.00418877579312 5.0763710045107295
-18.0097429689223 40.858737017401815 9.150935296761508
-15.98134018709317 39.12917020031319 12.754350300211057
-11.126417973818683 36.28324047359164 13.020039923273224
-8.037101889373794 35.59512012824421 8.851639111059662
-10.264230349265095 33.59914510499435 17.417034500341995
-7.05270675188665 32.230912799521604 13.324842907014737
-14.357234281030381 37.085283239937326 16.650940510770678
-13.382950065898058 34.61436664312577 20.832049398936622
-19.22896922006347 39.584513367661074 16.16631344213088
-17.655364748093785 37.69541583030211 19.965123948529683
-16.61645510105858 35.36154036634288 23.934481074108028
-21.06685299093558 37.99869683569838 23.014784654334328
-19.969975373429644 35.76394830516724 26.75055732792288
-22.63542890441143 39.76687098659191 19.381340691382803
-21.16978008789114 41.15639178749359 12.604196245286614
-24.534425622093174 41.18832849962385 15.92191830128429
-4.359390826005277 32.719888747633306 6.682247472422997
-5.197930408012254 35.362706161758936 3.9299076865057785
-6.919101577423372 37.71275078255782 0.6004982664228619
-2.4804125727308683 35.188113266247264 -1.3966239628970492
-4.116340503402532 37.44111976009357 -4.25952876717404
-1.8441005248053592 32.66313099044066 1.1165829380938148
-9.239609365866407 39.737890889941006 -2.625941221479785
-6.4486524312712605 39.435971292424966 -7.2250067879405115
-1.357742713454273 36.985495918706285 -9.427361525248749
-3.6980765511211358 38.97904869175993 -12.229576271660552
-0.9903344297444927 38.23166086612725 -17.668282174516104
1.3387965223026637 36.249193186726174 -14.955827097361317
0.7158950180518535 32.08059662632072 -4.275055631290536
0.2602640809958252 34.67625959186924 -6.790572722331691
2.961997619362388 33.86735218514462 -12.417825284252734
9.52266442355133 25.961860386480446 -35.219277744351515
9.022138814267496 28.918833705172727 -30.205682802629912
7.615756477028141 31.171497951412405 -24.561288490942463
7.597322506207895 31.018739166304503 -32.57518588166274
6.096626440352659 33.37363990397704 -26.899062824456433
8.1788673031837 27.991158096917363 -37.63693932546716
5.525556648463295 32.76664225927929 -18.474720233325204
3.9347448120920445 35.09195662774099 -20.900115778449138
3.882915233791227 35.18566358751403 -29.476567668072015
1.6514812429910164 37.006193357321486 -23.54890055974077
6.142161411068329 29.708525134685328 -40.109627933043136
5.471209945651694 32.75678605623155 -35.102352751514346
9.392013862762933 19.953328724797853 -37.23954646618478
8.822225402044666 22.214680193883424 -39.404103696392326
7.503200520697298 24.18517902154355 -41.76143264206081
7.124054106977298 17.943152713974563 -42.73318455092446
5.779769178570849 19.855733797060005 -44.97275913588939
7.761744818164647 15.84288784423553 -40.590680256511995
5.515986491055107 25.913868168305875 -44.10700844072408
2.940942881384005 27.459087413084447 -46.25598401582219
3.8047727680694345 21.60380412031806 -47.15366787532517
1.274926084096706 23.223279115402022 -49.13433461395806
3.2455217961409764 15.227194754968828 -47.305253986413476
1.2397836715115174 16.986381842243343 -49.31354871722577
-1.2771924715074496 18.675516118555656 -51.119731227992474
5.437949193316445 11.473491535239761 -43.12957651986778
4.668106185359223 13.387875327460284 -45.203385399794094
5.212660718418967 8.693237381598307 -31.646577643316235
6.887825436787712 11.592623684316292 -32.77349283000928
8.26391356172142 14.536138663081122 -34.03258047904152
5.773472533872399 8.654442626785855 -35.51438523130538
6.925409577324815 11.116945910230239 -37.04733809802533
4.359620655699226 6.270157676353831 -34.09366282057887
9.153308485979352 17.364848898750758 -35.487872092928946
7.6423066667042665 13.545282220101873 -38.72084739433212
5.043834291719321 7.503744732153681 -39.45448503848861
5.5122586437961765 9.498038538471112 -41.22746544746532
3.1000000940960897 3.6888055928992722 -36.2097337213346
4.186981890587969 5.547698346804719 -37.785123441937095
-9.206243600080093 22.90163166372815 13.895926719274478
-10.065653517675585 20.73852993831805 9.98609774795307
-7.626874488848623 23.670682800752566 9.596764972124875
-11.400552782556584 20.204614059569877 13.97402899813172
-8.887981382737202 20.567617585749637 6.276066725406226
-6.206327793785631 23.66302566300845 5.558451556340531
-5.7115619565810265 26.693658446626415 9.01459377058826
-3.9805159998695228 26.782758073759418 4.512754000021287
-7.535243023546752 25.734490575221827 13.757100306548567
-7.949008426218397 19.84717549806443 2.8071921557426633
-5.071873301456819 22.983645705817814 1.7844939319247368
-7.2881675906466725 18.69311236899554 -0.4310188236552024
-4.325018723808173 21.707933357307727 -1.7001906775676492
-2.4971433766228834 26.13619412339644 0.295191205279678
-1.4979290733058837 24.7273864555568 -3.5139033373627564
-2.4332481656184908 29.82569339860634 3.060107995178199
-0.3761655593216977 29.204010815642334 -1.815288294873067
1.1116197684322386 27.652085667242616 -6.064469142131265
-6.647272561472938 28.728386765252377 13.569832202735274
-4.577165943734134 29.77518328994967 8.210587550907753
-15.415695986196134 12.28283126988901 33.74475056241829
-15.515346935924628 13.722218639427156 28.098287251178416
-14.00105703593528 15.63921236945297 28.505679543295557
-16.68263192522501 10.670837995204565 33.203945850337846
-14.159805172456633 16.527674279103575 23.02034801849557
-12.4034698931962 18.719759969521363 23.329038063215144
-12.866413241037536 17.573096285469898 29.082963593739418
-11.077133802612499 20.930823970963807 23.796252888861545
-14.492630909481866 13.938469695663706 34.41259402949084
-12.782419683401866 18.76018936776642 18.3135638706572
-10.804623013645843 21.20571700161583 18.471230653149085
-9.310388954939432 23.737122818923105 18.695855346119828
-10.394950289900791 23.10496344543776 24.51923572490165
-8.539570220334761 26.35022857526926 19.052265648376114
-8.88146473004055 28.688875767402138 20.10106720839627
-10.600851688736851 25.096683828594674 25.71470970872544
-14.051280063982569 15.605555155992974 35.24441489810615
-12.293202253657054 19.463095296954815 29.913433188074357
-12.455871169601052 21.252260781811053 31.066644166205812
-14.227648021254042 17.253890994458445 36.26493727946916
-10.673171197976572 30.379596243508015 22.410990368382866
-11.919993404648798 26.755782350546387 27.59241534818568
-13.33501033412059 31.565980377058015 25.274288396262385
-14.048127283551407 28.07782112550595 29.817931353261077
-13.515049082074247 22.886624658455734 32.59795788611421
-15.148241541301333 18.857726019905176 37.484429887912675
-15.281868933903096 24.298251022663994 34.3383511076934
-16.663865309037995 20.32527566229785 38.80795555626107
-16.68622079863375 29.078135176754728 32.07685796766759
-17.576915006714948 25.425433752288686 36.14343879292433
-18.642857876968414 21.56499808953386 40.16407604385916
-20.22452738946734 26.201109168620313 37.89286644706534
-20.960692098370007 22.478504454587487 41.49606410718528
-19.648588128146 29.70993740299334 34.2304303707173
-16.317514629061012 32.437462717050835 27.992756191482247
-19.519906772250856 32.94294988518038 30.50492979599697
-45.78190090325491 18.30983399149769 36.54497464724012
-46.949766860049586 18.626599303313096 34.77366229796152
-47.442178848038594 13.906660378621 36.054020221994584
-48.39446639724541 13.919141464033475 34.45726967658096
-48.18978265022601 18.725323729384023 32.96463436650634
-49.39971846175269 13.664731918709165 32.85067970805382
-44.12813459947812 23.609647421624285 34.48383828586977
-45.575570140716344 24.106444241757828 32.45478259909409
-42.78698312268613 22.910988251383415 36.46473217803574
-49.607680947562145 18.71315162333024 31.03298866064558
-50.65417714460581 13.181635320563839 31.182455682376332
-51.096258520466236 19.23941079361886 28.743881509416077
-52.694646177199516 12.3973555425759 29.227391682000388
-47.11039689992365 24.559640012438393 30.272748810354614
-48.66165876828048 25.260013749472545 27.790342229141817
-42.08572852009132 29.26199987374579 31.449715063278948
-43.83125524603005 29.978689273270508 29.057388493375647
-45.57630299087753 30.700302181407793 26.42844629426538
-40.002343328660224 34.51533187149765 27.29381575407953
-41.94877904586834 35.21592979183388 24.53682988314116
-38.08540580278827 33.64854827017813 29.90021867622924
-38.97530658495205 27.284025694522498 35.92330860775348
-40.43452941191835 28.4094184478384 33.706121846561075
-36.31831229676501 32.500150370734794 32.418380466990364
-34.83228725427809 30.97412170227049 34.914554643786865
-40.65693517050902 14.493497321765842 43.87994573127103
-42.042330071982626 15.703309272087534 42.02881867641526
-42.393568914753104 11.538067959485527 42.67523124395788
-43.8146217277626 12.344626124128741 41.00107745035248
-43.34128703286534 16.779086968781407 40.18794543107965
-45.136055795781786 13.048424186622645 39.3381680313739
-39.33780328351784 18.941678810837956 42.61306069762228
-40.44281298971754 20.50629022563895 40.54845635365012
-38.1749126901906 17.199651845625176 44.68606338473218
-44.58041103576726 17.668277939702993 38.35601284022281
-46.34891702178228 13.591063427599245 37.68613970215515
-41.570022101211215 21.848057494822168 38.49309134022032
-36.86577782860195 23.90195876607031 40.48447228748693
-37.80501054885937 25.745500223152728 38.18982490741402
-33.76513081728712 28.980434652920476 37.44890752674512
-33.04567777973841 26.660230549787467 39.99817724377248
-35.225326055850935 19.504312825921822 45.09309741755512
-36.051857213866 21.81017217403922 42.786238171097516
-32.54907237254855 24.083619151970165 42.541189121052
-32.09301301763945 21.27523379559893 45.08023511595851
-23.443139311085186 35.71194648823027 29.300758190210985
-22.83626832497376 33.00225577605622 32.74483888598015
-22.744218663599877 29.903740113049068 36.14296812611458
-26.297906726322697 32.463549799064104 34.68063056171809
-25.99615755614228 29.540769059383752 37.77747477051344
-27.06620293190198 35.01941090885287 31.54739102585088
-23.041663969401586 26.54102787033548 39.46881969554439
-23.481458161540285 22.957225765636696 42.74057013866356
-26.035525330764838 26.35961457183831 40.81599649546018
-26.192720686612983 22.950075411545523 43.81517526351547
-29.424840663015214 28.499784277741334 39.08166065621368
-29.206272466644275 25.569757530426084 41.86435641315722
-29.072141967774176 22.40623403562628 44.626402211809705
-30.86055428443202 33.499688207542725 33.43927910562433
-29.933780542528474 31.17297795516386 36.266598794822954
-30.275134640403103 41.80150483085109 16.01635297396057
-28.17312384321167 40.78862406193363 19.15744049442688
-26.25655339205039 39.50684169212263 22.448946271460787
-32.02450151035441 39.70135357739612 22.206870745710344
-30.07282693863961 38.55794732464971 25.2882537031187
-34.11570332944815 40.56562268732755 19.182960950735986
-24.636373273062116 37.84957037391434 25.848215152407956
-28.376180954627074 37.027021256934745 28.408265418400664
-34.042330120581454 36.68002263874799 27.808018292753175
-32.2809318475945 35.31271407227605 30.62618385523819
-38.05778397169003 38.436384081886686 22.067902995699573
-36.008546938066644 37.68498795644184 24.96163639637744
-43.43210785474718 4.978199360663877 31.195219665587334
-43.52807354033077 4.747948340824117 29.824924290860398
-40.67750950488584 3.6394239651539233 29.141248384000434
-40.54181242261607 3.509906728929749 27.72206289822543
-43.597759494947276 4.214284267916389 28.581983913975183
-40.425959710963895 3.0774534108681353 26.46753116746568
-46.18445992086572 6.926887749199586 31.785479371642545
-46.51675236740915 6.376481875283897 30.479619091932623
-45.803018232082756 7.175609369180614 33.17616474964403
-43.7314087361984 3.4438618689848197 27.495990910462123
-40.42536363035984 2.421872754447135 25.40897412610323
-44.01364564286904 2.503521738068075 26.594855083045466
-40.6312005160216 1.6212658614357571 24.57560291744318
-46.90884905582695 5.564825567657727 29.27765651245717
-47.40097593029603 4.471528772409764 28.23073161261763
-48.65168086446512 9.533953148745468 31.972200741001366
-49.49370569577941 8.798327781338534 30.561039426832075
-50.412510147109785 7.562002336979896 29.279994842383285
-47.296500892216 10.170559131036661 34.872134269196316
-47.976376369941164 9.998671865960592 33.40510174075871
-41.99987652337293 3.0494190986159246 37.3981778967798
-42.480704145782866 3.7874426119704143 35.78791850191527
-40.480701113614025 1.1365159138966483 35.757242465522665
-40.62441024527937 2.04258952301479 34.03294974159557
-42.890819534735165 4.412971920131361 34.20294852163164
-40.70946148687564 2.8217133827407532 32.334860529903715
-43.80042994334196 6.207816396243192 37.674237780937304
-44.5845975173047 6.734999278942701 36.13702135639824
-42.932204359558696 5.5809487007271725 39.23290864389288
-43.21317410250667 4.838228795953083 32.66406405900212
-40.729257541752915 3.3821815653043794 30.69260847013644
-45.26008557030335 7.084129213806268 34.632625867938486
-45.44430381714593 9.655031192290197 37.924194163140136
-46.44213948702101 10.029803134307008 36.38328118377988
-43.11390598459312 8.48809914294922 41.0615033883037
-44.327117253143655 9.118555965327728 39.484961749913204
-33.071235211110974 4.359288225390211 23.01904456165095
-32.66269867504 4.73333623116105 20.87918384682412
-30.74652227928238 5.466094114834503 20.976884068837716
-30.29912327973554 5.9042040735356744 18.519298869886853
-32.28657599818779 4.749394420238055 19.0661373044631
-29.872579789026478 5.932870141417739 16.46432484115684
-35.1264646298422 3.7612569840776326 23.252335714183943
-34.811431788493294 3.657609274957276 21.686932303582992
-35.486683281708125 3.54159783472716 25.077264443793283
-32.10080275398353 4.423485140454867 17.666293676884276
-29.64980651383281 5.584455337202521 14.900789862282013
-32.273327666595875 3.788522183403163 16.75469868466378
-29.820991168263927 4.907345755594637 13.906873547008418
-34.67203478467518 3.264665618162992 20.44817620168482
-34.84408502176445 2.6232416361779767 19.59701899552711
-37.50271974964765 2.993629412207129 24.17287448916864
-37.4184216483785 2.476755118063294 23.058490182755133
-37.59526490141293 1.778191751406816 22.237704564146537
-38.019660431589045 3.230617414878935 27.11262904024747
-37.7396297207297 3.265913446404886 25.53943135459299
-33.91170475999372 0.017909664045262952 32.865106695297484
-33.771003724075904 1.3993003509235213 30.395443389665004
-31.55363745000849 0.6459810357653257 32.41098972837148
-31.431401847983707 2.155942851833241 29.57875436999314
-33.591913555658536 2.6158165341041073 27.879766753737695
-31.26926890330884 3.489079823068975 26.64521396572332
-36.154206226322415 1.0141161531258769 31.374068860021755
-35.980545644087044 2.097146244128849 29.210255073385746
-36.285052963719075 -0.2206053626603044 33.53443206939452
-33.36766982574288 3.621539154235813 25.386686061673643
-31.054598121228768 4.617435894817696 23.726916772356187
-35.76237636667466 2.960487495951718 27.088591662506328
-38.37738255680813 2.1065083403029643 30.68060807551758
-38.22698501283179 2.8179086476880335 28.845020328851742
-38.52497860486428 0.09762840057140632 34.48229023796696
-38.476253821373234 1.1716035917016234 32.571729255122136
-23.9503923109225 9.356889314932575 15.949030705178288
-23.433011704231824 9.435104792374808 12.82207931833451
-21.55615495753242 11.019560347953568 14.919036053382142
-20.988200444383654 11.022770686254399 11.618980865557004
-22.99463748782331 8.92013379573375 10.069048718189874
-20.52185402186848 10.375701487408099 8.593652033063094
-25.75610484628076 8.135667903438655 14.409094269041633
-25.314396831397644 7.8424708917824475 11.937691986366811
-26.250256528205163 7.919201803252676 17.34944857562093
-22.76622333663094 7.926480723849055 7.6096254485778285
-20.248920232962796 9.196751858962307 5.676733251352752
-23.00171884888344 6.720449179950168 5.9232708067808
-20.207874238970653 7.229842183653264 2.259936867640084
-25.093117373992516 7.163054947307917 9.962083314062966
-25.278427752351305 6.246086015537242 8.655036093724082
-27.579206647775436 6.9054532491246645 14.071692146825988
-27.35075621302762 6.438264374698966 12.356253725453703
-27.520679721317652 5.682570949658878 11.255962184571068
-28.498550869201893 6.640488275306038 19.053548937695627
-28.024625268828327 7.001711045817545 16.32939920493037
-25.31913807903455 3.7108571797631322 31.871757884831855
-25.088172720717207 5.5657513095453615 27.827922491993945
-23.428400434111147 4.972665180839571 31.931822312833873
-23.078893453112936 6.987567362207092 27.540181884917573
-24.777057473156148 7.221631813436134 23.597486944325052
-22.625474207528946 8.79947291722477 22.98550200778636
-27.12814256792507 4.26947215710055 28.28363653376536
-26.911107596900198 5.803848678663266 24.45571140896138
-27.28472712471945 2.540572637448693 31.92822463157013
-24.40622616218427 8.561958192144978 19.56136797562856
-22.119557759974885 10.22790049144368 18.714878717529984
-26.632036857115345 7.081453262500437 20.732443941295273
-29.06074688115999 4.555822183995838 25.491812971954484
-28.83213763257112 5.769307903914287 22.14996149495332
-29.353811296945505 1.503444147948891 32.10506243840551
-29.230592457365553 3.1234292788592617 28.874398217119
-13.848432591041288 17.614756534761987 13.979897165161903
-12.75772809784203 17.930830213741054 10.21239911452706
-11.799208077078484 17.60785856738299 6.739394026857597
-15.552672929605443 15.330827174568775 10.449504583694587
-14.79834738105163 14.872811300331561 7.141746617292925
-16.418253221483305 15.185764186916373 14.050888968714748
-11.009718624516294 16.849533879291037 3.49617797246412
-10.3772357645956 15.811604149416567 0.44375410254878805
-14.172306428977047 14.028591747242368 4.027237231937722
-13.56137469080882 13.049105396187182 1.055194465545073
-17.753861059695776 12.41479556871934 7.680784923878899
-17.332232917023926 11.36460969141534 4.6028570065888035
-16.756837484324222 10.323411837607141 1.582455399079289
-19.01485472044898 12.971907506425529 14.322687533003931
-18.32991637357281 13.007488646790053 10.869229326560475
-18.165423486140757 9.133014290990491 32.74773584479669
-17.23840967505115 11.885701622955178 27.76579902913548
-16.134201938554796 14.414431023006347 22.764624084512842
-19.105067769071088 10.1451904494748 27.53907763270243
-18.242080336138695 12.405775633956546 22.628011952163508
-19.811661601641383 7.673147216131223 32.37905801237969
-14.996802712691977 16.4029452252526 18.157053806512188
-17.339575459408934 14.16964997942916 18.103807889401878
-20.42434294689102 10.528459283234856 22.67978123430658
-19.73633498064307 12.100899753250392 18.257320074715516
-21.578889690080796 6.289231147842501 32.1041995852516
-21.066967844551275 8.511798135152901 27.45266940975554
-0.6564386713939787 14.34444656304284 -16.680130389938608
0.4021389448659445 17.913127274091977 -14.337172396098396
1.1649907327640758 21.472426909088927 -11.956113051034954
-1.9408221997093862 16.75816016883332 -12.183329338788415
-1.42218125925418 19.771032800357716 -9.597673472540926
-2.7131871015402957 13.659427528338401 -14.764225535763657
1.5209795974430746 24.901531598361082 -9.328431031788877
-1.2126032570678404 22.521683179691692 -6.772073938355731
-4.073168900378002 17.692856638822892 -7.708913740176062
-4.0419042333775685 19.900654098163823 -4.852823432294669
-6.920068209832376 17.206162739877133 -3.444536082366742
-6.741818083594012 15.463071939768792 -6.261395468156651
-4.798968790084136 12.692376846629955 -13.12601895248908
-4.332295720282864 15.240462659809022 -10.393196186753908
-6.708707590030285 13.556922899630026 -8.99344063606754
-6.821711573460103 11.575979211891696 -11.821555993775101
-54.13165834782857 8.552361722250584 27.984492098105008
-51.311406813981534 5.5920565319599795 28.244491523559045
-48.02853759354114 3.0774493807833254 27.39283587934102
-52.22811779796324 3.2418996224284884 27.521617811526934
-48.76831795389983 1.431312055583671 26.81609192979869
-55.314141062041486 5.501516416591073 27.281316437509304
-44.526298728344074 1.4601042469853478 25.906549506410045
-41.13410642245924 0.7536129803157995 23.99591155218104
-45.20170185099923 0.24387933832003905 25.466772981456177
-41.82735753551547 -0.2589973782545729 23.686223078309833
-49.59436192242193 -0.4199952914238678 26.55209426846672
-45.971874749089665 -1.2164886895623144 25.3137528540339
-42.60457498644982 -1.4946437901680458 23.664073665195982
-46.76755097907608 -2.992751833441058 25.48567495753358
-43.35757351421536 -3.030333729417506 23.947447576171157
-50.47733588799607 -2.557572715820933 26.643196390369045
-56.499509634843236 2.6221792890363607 26.95832884152706
-53.19307833862049 0.8703057529233773 27.174803130808492
-54.222011439854505 -1.6721267362343795 27.220391553478976
-57.742743929505224 -0.29694326485455613 27.019530769589284
-23.151183316047394 -17.717091097785058 -30.89697861888308
-24.698778485856998 -18.82563919264003 -30.80909831701127
-23.419827908215698 -17.751312171631884 -28.21127168259774
-24.444462885870436 -18.6384069069527 -27.921853190852477
-21.557518192444537 -16.71529064336943 -30.670752661220046
-22.284861681157647 -16.920841958240842 -28.28077050944035
-23.423078665597995 -17.296463612071197 -25.673122599926078
-24.101961446767724 -17.996058679125692 -25.212455588132634
-23.295388734151878 -16.427155723084088 -23.256218716811404
-23.757413845050312 -16.985139339046743 -22.64297161983098
-22.621870424648417 -16.641479005543438 -25.953607221866168
-22.7203045499923 -15.920961292056013 -23.70079153117169
-21.12089826196798 -16.12470466826298 -28.239593141579817
-21.744946759934088 -16.013005578420064 -26.113534709973212
-22.073654000009903 -15.44715411116972 -24.032788006346223
-20.839170883800172 -15.392275641190583 -26.211862640422876
-21.397063834315148 -14.986121046533668 -24.306983781932086
-19.9560364401041 -15.335831668501939 -28.142637602041493
-20.090045315826295 -15.780813021580812 -30.384397323381425
-18.703163942166494 -14.865307828978414 -30.07059473417606
-27.57502174362973 -22.520819155566564 -27.625032274281207
-27.74020621302776 -23.542202616390508 -25.62698221022562
-26.258461397189663 -21.501316506335517 -24.943431991681305
-26.388442414364206 -22.335112008948748 -23.034729910943028
-27.02613721666212 -21.3597605802176 -29.063580209388128
-25.894296745854305 -20.578111738400807 -26.323643305342443
-25.178634202826096 -20.301199777737317 -22.137387181997283
-25.251396210578285 -21.014356019065204 -20.328227012962653
-24.335798433690165 -18.954182828164267 -19.318967331331404
-24.350223111481014 -19.61088783004648 -17.608002907286707
-24.968723778994658 -19.53813694370222 -23.507614334673733
-24.249395977513625 -18.280835414902842 -20.705994773469502
-25.280039656272823 -19.601612054447966 -27.303764362122674
-24.61358627860112 -18.756883616644746 -24.51069373030993
-24.065823353316897 -17.614515218444996 -21.802954629050692
-26.029690171507465 -20.081982065380306 -30.16157439616277
-23.191233095934187 -15.213383744153267 -20.932750175070208
-23.521557491685563 -15.681180795644218 -20.170713480724366
-23.033657914855283 -13.71349451705894 -18.71142206650028
-23.303307135534723 -14.130075824610614 -17.81509549888584
-22.746076417725675 -14.803635203451742 -21.53272832836974
-22.644891642874555 -13.36063758079254 -19.455026257530093
-22.762249597127305 -11.972117392325227 -16.58477469817241
-23.02588587667605 -12.36015430036246 -15.579253742430577
-22.316224301387713 -10.020830139106433 -14.535054208326645
-22.603857273388204 -10.38768422484653 -13.45755931096779
-22.379048737554882 -11.652321043275062 -17.457359917170358
-21.9161410767013 -9.72669866837362 -15.518140659889788
-22.179989386948318 -13.04754728721066 -20.096519045413537
-21.92081418137645 -11.37510828276888 -18.240788982461574
-21.448307078412693 -9.477564570125546 -16.437588919008896
-21.432327673483012 -11.115528062381149 -18.977861333214978
-20.957056800905665 -9.245904047027327 -17.323836094073382
-21.682402205666268 -12.751325733223842 -20.68511202318866
-22.227502616172618 -14.430295637885955 -22.024474302874758
-21.677134496369447 -14.072267265071725 -22.460402924118398
-23.760237211450924 -17.474438629415122 -16.578423350432306
-23.73484561852819 -18.130236411703777 -14.94731542801787
-23.358936722048036 -15.85598660702876 -13.88318247431922
-23.319616512738598 -16.55960249287194 -12.242012417288992
-23.761380728129776 -16.834703467182017 -17.993675483270906
-23.413028936402515 -15.214998530343363 -15.405052406788073
-23.033780757973172 -14.071737073509503 -11.184552464041216
-23.005835898778834 -14.870338722724433 -9.379168247001626
-22.645436788216045 -12.037373034933525 -8.906980647205854
-22.502176798668646 -12.85052184426529 -5.889049235312876
-23.113246886818775 -13.414127422353591 -12.958219425984314
-22.73948824213109 -11.408446476474888 -10.785757355282595
-23.41178168396719 -14.635662205982037 -16.714381582661755
-23.126316272548834 -12.843193049754271 -14.396725294005465
-22.73466841341882 -10.85523214277238 -12.25555791013505
-23.696504878571073 -16.22995274865798 -19.19093051351453
-40.50340801677672 -2.7259889056306283 22.164375841307944
-39.7519041227988 -1.234891196010531 21.723110400696825
-38.91342775540805 -0.02241659080566505 21.58169227436237
-37.28459969443751 -0.5858236383965014 19.506797817753082
-36.345166473556446 0.7172112727598058 19.17133232620345
-38.07970367757235 -2.1575509970800724 20.169973444771717
-38.14389842970679 0.9637091502932267 21.749649030441596
-35.46576043470307 1.7807477801547817 19.187251028355814
-33.97261748852762 1.7161640886908835 16.521966435374008
-32.971560469140144 2.88209582652829 16.398469185772164
-30.568668382859613 3.9440348862641557 13.555497031162469
-31.64860953874478 2.7379682301975943 13.744732537653686
-35.9362330389695 -1.39670267388904 18.013641981490988
-35.042450180069686 0.30324105897258635 17.061729715006116
-32.80401301491096 1.3328430030810665 14.390913421789781
-33.73273318365602 -0.3733020317930478 15.579619546371752
-28.25473172039044 4.703371130212706 10.843343114747091
-26.03006626848906 5.210592292723785 8.185235230471068
-29.296130281396447 3.583213761551733 10.977330524131144
-27.033444540002986 4.171450923276787 8.286976205971076
-23.896502227090256 5.506527844703441 5.469056617314793
-22.19182545094765 5.263321432716202 2.854669437950377
-24.990527660409345 4.424734886243198 5.696777606296031
-23.31646081927626 4.180624461355149 3.2652443517319494
-27.97794945553231 3.2592261775283915 8.717668480029047
-25.840813988292844 3.642689599659462 6.089297191684894
-24.06729524039492 3.4837826336798483 3.673772027165758
-26.33888378077737 3.2009764565710626 6.6045161002482375
-24.43650766824894 3.154097963303657 4.133897725738912
-28.58775606074403 2.6391526573015622 9.324676954604906
-30.382170237034305 2.4098882735618234 11.537443125284518
-31.043712505000077 1.515278289213217 12.25381364013856
-22.938982062524058 2.377796211969034 1.9788427915944498
-22.685684715665364 2.643376870112304 1.5171400254264304
-22.098430217718064 3.2187485882793605 1.0768780002175575
-21.671363288817876 1.23419677565591 -0.40690042454283093
-21.263984697025005 1.7036205401259865 -0.8932143262377612
-21.81282938808775 0.9991493697907798 0.10513833501633707
-21.181497758032936 4.079818415095926 0.539897251403832
-20.012014416486746 4.870162365916181 -0.5406757353629823
-20.629410308646776 2.3099418868432737 -1.5077169704971873
-19.819814233286092 2.8675131911072116 -2.486382985541744
-20.75706378711914 -0.178877699276402 -2.6951384033067765
-20.316193002388676 0.34204186129201586 -3.340585069085268
-19.740872294288366 0.8208961991738308 -4.2387747535164495
-20.31857118117882 -1.7982125046342938 -5.0694201416165985
-19.897440837916587 -1.322402619533304 -5.933019328174012
-20.615438168260617 -2.3149703602872345 -4.382404747608269
-21.0400443623761 -0.8391544325918008 -1.5452339502401062
-21.01574658855347 -0.6139665452014758 -2.1487472281874442
-20.736919793105102 -2.7475563122663793 -3.740315614000192
-20.629365164733432 -2.9731933386676843 -3.0116951483028647
-17.771788595931874 7.348253478252487 -1.5761051374424628
-15.65367135681484 9.69651502517836 -1.4490887437758087
-12.815670265251415 12.148056822449423 -1.8376779240241095
-14.30223021662939 9.20619618755798 -4.376992180192851
-11.982129633821508 11.241109379469377 -4.643373410677863
-16.111266538110918 7.20620357174323 -4.490827118577028
-9.865446057522318 14.627083078464656 -2.4635599822955685
-9.413872100235405 13.313753965250756 -5.250190326271459
-11.160023395746622 10.276353359122213 -7.417600955344492
-9.00965189878241 11.907097545041513 -8.01210162659588
-8.680125929040981 10.450772696078447 -10.895498746056484
-10.379051412693014 9.282837742230045 -10.29983791091921
-14.64707308434397 6.942704947528545 -7.202214630918267
-13.067681223862179 8.632918638211565 -7.16162974970784
-11.920073433645275 8.02798332772238 -9.98273062946432
-13.306334390028914 6.637065812573047 -9.896749805964724
-20.611765721474526 -5.227550214593505 -4.27205499613071
-20.87711445574362 -4.997859472274694 -5.152031334813726
-20.89886934174108 -4.574714176574378 -5.955233305063674
-21.335589649132384 -7.332083835518776 -6.400649412017643
-21.454818381856814 -6.891042834125398 -7.488086268641769
-20.937812240156052 -7.5778237740836625 -5.249487848274896
-20.729677433508567 -4.073649158263951 -6.77005594449191
-20.421813485455075 -3.609732540484503 -7.68807199382857
-21.37869584089921 -6.39699420969737 -8.508648729086477
-21.14927125841525 -5.942986398229756 -9.532220593820629
-22.129146247926865 -9.200381472192845 -9.036924418631497
-22.09918072737112 -8.684017913098664 -10.322004056910902
-21.925428509133262 -8.228615365287641 -11.456063910318445
-21.55175935268901 -10.013984958576144 -5.854707632023376
-22.006402629611326 -9.726434882264455 -7.489685338312068
-16.67686765876271 1.3852947632967818 -10.87746896528246
-17.502307043605736 1.3505178187143292 -8.947477188228705
-18.237394272271832 -0.7466663414540777 -10.06142083645914
-17.63763930648424 -0.6804041345677037 -11.707439223919991
-18.315294578284224 1.2838792375457562 -7.1405965703690875
-18.83624277323269 -0.8401849461131051 -8.504186813914869
-16.740526515942264 3.3225668770373207 -8.098452139961141
-17.82163595539716 3.302723260373548 -5.9940785475907745
-15.658263242553417 3.3066254468409433 -10.319817244137171
-19.070164225387376 1.1231721352906086 -5.539862765158409
-19.398158172111074 -1.0162287860593697 -7.103902120666191
-18.870607240524652 3.1785975368077946 -4.055747538100072
-17.18343389185342 5.25848212034635 -5.069057136450854
-18.63829997039927 5.216585007877117 -2.58472648776055
-14.54480004829043 5.061584394556197 -10.002634190245313
-15.8296892509143 5.180498418621668 -7.517101003012268
-21.61620217927878 -7.885047883414701 -12.55437165528508
-20.809915232076587 -5.619364358994802 -10.632415936301248
-21.21218916080892 -7.622257878546776 -13.624179059290304
-20.394045977160292 -5.390463453296207 -11.788088422805922
-20.02641432023919 -3.298143627144092 -8.80208324894945
-19.56737527319803 -3.099492731807027 -10.061679859588223
-19.93772756304557 -5.218615577454954 -12.980451317595733
-19.07487638202003 -2.9699175903282007 -11.419537342540329
-18.583401918997286 -2.8624021768081214 -12.830410996989926
-19.47774831189752 -5.065394830650975 -14.191733030578384
-20.7546482684164 -7.408656808366958 -14.67419678559662
-20.2841947563736 -7.212558892217071 -15.713555873267104
-65.91137061691015 6.330626439830307 21.74107834656981
-63.76422352850956 9.855073737175148 21.23246882950724
-68.25699644875651 8.853933392372225 19.234666462065785
-65.83979761345697 12.439529409538746 18.533309849370156
-61.6694834877491 13.450407574381316 20.75109494233282
-63.47373688665959 16.078148960780176 17.775250333334515
-61.62589029743715 7.260278105809622 23.721020308454897
-59.83390805865465 10.72898505543333 23.53455387368261
-63.464557712242886 3.8608644604347093 24.038643300654662
-59.59180294022295 17.185335276248164 20.247047407588344
-61.16561950790906 19.760548303883485 16.976080860836095
-57.49779776568321 21.104363345717953 19.658449061930728
-58.924833221278256 23.466515577822364 16.15567863809514
-58.01884858623958 14.414807952496643 23.396207581289023
-56.09464559275038 18.501214057762496 23.108855475834822
-57.78308553438823 8.037480773779762 25.834975154989305
-56.281543433544115 11.514470273128913 26.177427023441748
-54.588665827391935 15.679748337783238 26.323886516826917
-60.78387903513565 1.5997249083338614 25.87887107032013
-59.2586692737033 4.800480518472442 25.720080246370262
-68.57748232366067 27.658813443327766 4.596211253806232
-66.65975078778852 26.018546143082492 7.649882731756931
-64.02481224395116 29.032917170192597 6.1842388997430815
-65.84530170156928 30.433443413981855 2.9773323561868055
-64.75125905530587 24.16529582787181 10.715140725749803
-62.23077345628242 27.417816154228852 9.444276760456406
-69.52044174425636 22.722716796002693 9.21450680124727
-67.45333170668094 20.70904815092288 12.049419037487294
-71.57526499484507 24.545315270027483 6.353417624527059
-62.902890395499504 22.082967289462665 13.81186632864506
-60.51564037709312 25.566281363342444 12.760607843195894
-65.41996629740548 18.496084557494665 14.888610097872034
-70.22595350451046 17.149897082125605 13.284236244198873
-68.00968213065927 14.87342144961799 15.898371367316201
-70.62980195150305 11.280105605696926 16.7681589912968
-72.99599772926166 13.592325777335402 14.297895535982901
-74.62315792807696 21.217944458173413 7.950872455405648
-72.4430164102972 19.265330756841216 10.646958542075799
-75.32439665218247 15.778051139313334 11.781876886625273
-77.59022704137514 17.827151835316215 9.184034506985679
-83.80885048553576 23.16707877249818 0.6640976864722092
-80.67034860574753 26.160849023546835 -0.6688582505917038
-85.63525698916735 24.749275105690383 -2.432940438820882
-82.46355920102792 27.57394471640104 -3.7109421810305254
-77.32926036446383 28.99809210254579 -2.4695192032760342
-79.05772376512809 30.217194723057027 -5.443973286718237
-78.75471287727693 24.643895866912555 2.290352129520838
-75.4969981872426 27.66009391419644 0.49660451047473675
-81.84897501683987 21.499879252799914 3.6297998521355455
-74.0018082784404 31.52146345392225 -4.439690864102426
-75.65883843244703 32.54050975986431 -7.329597717575817
-71.04748232665929 33.65835273981624 -6.143332630010213
-72.65909486308604 34.500984914577934 -8.938249318389918
-72.2640555424183 30.38297506779453 -1.4756534759799353
-69.372229897695 32.71377485190979 -3.215299760826697
-73.57300000963998 26.18272334219322 3.4420184606771196
-70.45134818409011 29.103949883107493 1.5448229663553512
-67.63420338665219 31.648738098609314 -0.16646514231005438
-79.7701874291218 19.72642610537382 6.4675245936409445
-76.7327582863997 23.0027619915728 5.1639721015141085
-80.08886657451421 34.97715315241216 -15.63377872213253
-77.07884733134908 36.44381097397427 -16.769763391069922
-78.72381607328273 34.266239936484865 -12.89501336155018
-75.69489158826167 35.893420700890495 -14.196175348446754
-83.50077757677673 33.27448663413706 -14.335317334742482
-82.16845360999119 32.35735824279339 -11.380408294082876
-77.23938077018573 33.45604591439753 -10.138781185331887
-74.2143745445133 35.248220529261815 -11.604637634037996
-80.67836858972264 31.33795986211269 -8.417346370492627
-85.62962022650038 30.149838544952242 -9.981408334176006
-84.12624786764603 28.90672903974534 -6.828941375735989
-87.32130881957501 26.272316273598655 -5.656868437414389
-88.8347628765375 27.720512375387596 -8.945809280422854
-86.94125274682087 31.29228017996512 -13.13803802865264
-90.13738351228714 29.073174020793136 -12.24814178293496
-78.59930892505344 18.165117268739657 -55.23323734832635
-80.9843802329319 21.129704412228428 -55.63184832415608
-83.15895728586638 24.078253993071353 -55.552951468424666
-83.15226774494404 19.107492445499055 -54.4997390522991
-85.2792983217166 22.167085856765976 -54.48994152260546
-80.83064860018253 16.051962070617765 -54.04901098059105
-84.95191793520151 26.918631193839676 -54.88617344244774
-87.05334836339577 25.125064495446466 -53.90250539648738
-87.39718819830513 20.231545909072274 -53.34031481109806
-89.1132327676883 23.33482540122641 -52.82788113930792
-91.21781927857053 21.630646289518857 -51.68803429957475
-89.55522444556019 18.375841833769908 -52.13163541830474
-83.1328772290962 13.865666890654643 -52.79735619217503
-85.35908440102443 17.031440199434734 -53.28920820618293
-87.5958224880419 15.031794119760603 -52.027267426508224
-85.45596426289774 11.756412594521004 -51.50489982402218
-49.00808714516254 30.71518142251327 -58.47254122921387
-45.646840112811084 30.12899585282704 -58.1764102098544
-48.147044521170194 33.31488061312139 -57.42721633957099
-44.630465456009865 32.926681789136694 -57.08392447213221
-52.11266534435826 31.29505622719978 -58.7154107934657
-51.460646845034226 33.67920472646362 -57.73152584131469
-47.769970810582244 35.82351289109769 -55.84442987484815
-44.11458322843395 35.60080095276509 -55.413106737749814
-47.82738910310526 38.127202579605836 -53.66354756810899
-44.08031383942654 38.044573889264974 -53.11877913803791
-51.24247150348698 36.02091169282032 -56.238827114855674
-51.3999385740294 38.18769621160321 -54.169589161456734
-54.6288512417099 33.94253827866356 -57.98898248530708
-54.613168703272 36.130042027011235 -56.588234057198086
-54.875871953300944 38.1832071197458 -54.617637686578355
-54.948206132090625 31.79598329413996 -58.87607802766683
-34.477336284991864 28.645936315730737 -57.25195177368851
-30.60531497815483 28.10110714113075 -56.95268839230052
-32.93415697072914 31.97685195542995 -56.023058154691626
-28.89982986858292 31.585965664107498 -55.6925373785536
-38.30662152647444 29.134362483806385 -57.56183429041884
-36.93701110899426 32.29696230530335 -56.36994561577936
-32.01501861015912 35.086175067637555 -54.150329983163786
-27.87140823395547 34.82105472281864 -53.764060106944385
-31.790674481225896 37.88410302371413 -51.581816845035654
-27.618701922701934 37.720125255142925 -51.09909441692245
-36.14183499693385 35.26960562975638 -54.55119924266177
-35.96278618303748 37.95794640883107 -52.06677460103081
-40.86114155635355 32.598973542325304 -56.72864049188942
-40.202254540369374 35.42640396794012 -54.97643857339603
-40.086927049789985 37.996779505746844 -52.58012969210725
-42.052171234037786 29.614809850694854 -57.87346332545262
-18.875891600772768 25.74642352455223 -55.981024244503494
-14.995679814683731 24.64576290238863 -55.475174799829276
-16.781367321568652 29.62719740455923 -54.559634434398
-12.79281570875334 28.66041322920692 -53.96424860347392
-22.79473251445394 26.674581482297352 -56.355620015241996
-20.818326798572173 30.42575695334008 -55.00504396976589
-15.515526580511356 33.21114332648397 -52.3347628659684
-11.456060597065925 32.37104362566125 -51.6053376535575
-15.231944702062323 36.408518892375994 -49.23292763571743
-19.62408155885027 33.88987548068303 -52.901103061806204
-19.353411574576104 36.98144411946262 -49.96410746004333
-24.86358866512835 31.07423717640296 -55.36530695150264
-23.746846806112305 34.423987177137974 -53.360923831201134
-23.483266825178895 37.41744055473659 -50.572049106723455
-26.710763605850158 27.452680280946534 -56.66385306830172
-4.261020560510749 20.320348922871585 -52.60733061506875
-1.7658410957594401 24.75480661932229 -50.7644403525067
-7.5975720815443655 21.88790550579574 -53.816550410907276
-5.18750920011421 26.189132282480458 -52.09538462089517
-0.1734395719390216 28.876896509388075 -48.024616365978304
-3.6818241835887546 30.178961356642777 -49.480427539849764
-8.892315012317765 27.502526848249765 -53.15508219252799
-7.473758734317921 31.35303173282493 -50.66562514895455
-11.20256229169197 23.343515845899713 -54.766400981533884
-68.65047732025145 35.42058901020338 -7.252190609080349
-70.25516007800933 36.12000915412688 -9.964044428964556
-66.58535201336187 36.90728830329653 -8.072434506217261
-68.2140036945884 37.4775275921594 -10.709702161839575
-66.9854955604223 34.6520727802009 -4.391254589075775
-64.89225219716883 36.3075802726088 -5.290977162365029
-64.64716429084848 38.20367991064407 -8.896610586552523
-66.32823263601288 38.64561588982251 -11.45859600894317
-62.6813883523413 39.39440639122502 -9.980288188251889
-62.89141253434174 37.77101302311133 -6.200239083030649
-60.82637745219719 39.12767156379402 -7.3723328772797085
-63.141899808295285 35.673710828175174 -2.34291470090505
-61.0746879786483 37.34968158215249 -3.331347754140682
-58.902198597759586 38.907881004256794 -4.585866625562616
-59.22029310451723 36.92021891838066 -0.2650622015201456
-56.939941608633845 38.72057558140283 -1.5858474292607065
-61.35254358281419 34.98114900526817 0.7799057228152131
-65.263277466939 33.80294075281206 -1.3768690588960366
-63.49736619455918 32.844116086649294 1.7795736855042064
-67.9279099422792 39.07584399680034 -13.937006250324364
-69.77684262512209 38.00420122264868 -13.24024045673496
-69.4190999073471 39.464317372545416 -16.37714480370414
-71.251948715563 38.46346135135683 -15.716788006720867
-71.80372612936507 36.74579228160017 -12.547686921648692
-73.2767254012456 37.28245727227756 -15.061568619712846
-72.61711764201702 38.84867353436732 -18.193720756472388
-74.65384434874528 37.73200791546408 -17.565222415229634
-70.77674470360186 39.797988180728154 -18.826338799201757
-48.27285182283837 40.10866504012541 -50.82230769597987
-44.51234768348922 40.14611753666818 -50.15009640315999
-48.98648824947698 41.76423532726188 -47.61588010601569
-45.27286069782712 41.903557274753915 -46.82073740411727
-51.87584293307621 40.044971632776736 -51.4549972414436
-52.56413173194405 41.59336512867974 -48.36981844191993
-49.86036267406038 43.068527523385015 -44.28664906393652
-46.238472892902436 43.28442190828036 -43.37634826113179
-53.36740802164089 42.81636707636205 -45.14785012058071
-56.06654605696117 41.36833377214709 -49.04117980225627
-56.811311057799784 42.509308608911375 -45.91226639914262
-55.39206584974653 39.9256156249673 -52.01709929519324
-32.32805541958662 40.27572652794318 -48.25413641399663
-28.233104567159245 40.19273085578887 -47.62786524223413
-33.39315709771072 42.296173147968105 -44.52978399685039
-29.438923170966163 42.29097902217028 -43.73283719813661
-36.44115618239746 40.260929696605714 -48.862714341276366
-37.381524455045145 42.19694277349436 -45.283960677620456
-34.78167207289277 43.89067461129944 -40.654749544024526
-30.997149468070848 43.95677478177577 -39.66307999579463
-38.61115883239787 43.718032205109786 -41.57502038591903
-41.366457140352395 42.05217502899007 -46.04102180965128
-42.45307754517677 43.503164679372986 -42.47315825396057
-40.52938692257971 40.203614542009866 -49.49184216056382
-55.341673752433344 25.285336268344295 18.964010391969016
-56.74259297341706 27.23172054525069 15.375703358983658
-53.02557909721659 29.486745250700004 18.07023385659249
-54.49872475591745 30.924414924981917 14.50681554318702
-53.97877390292292 23.172255063049292 22.50151255040828
-51.60296962038399 27.97889184034782 21.56027552293014
-50.421872250438625 33.50582937317297 16.867279735703914
-52.048805451430454 34.43340419628498 13.400887769552186
-47.45349348325624 37.10234439710202 15.223366727565955
-49.27819722731154 37.61156565615203 11.892327908101963
-48.83477769038371 32.531830238587844 20.249752740610667
-45.644438275246905 36.5202024399177 18.460632746501634
-50.15801632607958 26.490169104455465 24.848883037771333
-47.235724087580294 31.577057307660624 23.46732335678555
-43.820922832769114 35.88803365707159 21.57861900561488
-52.55779962729113 20.9454239125888 25.838700241680996
-61.71126326906822 31.738210999154177 5.059006269773913
-59.55186712797648 34.19398226227286 4.077316948913764
-59.95933285951346 30.44808002198291 8.427435876874517
-57.78524069789938 33.27031597227149 7.490263781913532
-57.361348510714215 36.45126411251074 3.0166172744772024
-54.97872444262172 38.53910747916854 1.6566931196161305
-55.53122211054365 35.89694204715317 6.430563700922759
-53.0415817669026 38.31361079182798 5.04031797948956
-56.0910830246364 32.183429566448865 10.974646675891575
-53.755079080522826 35.22820340256079 9.908520347494733
-51.14048076589621 38.010545450683225 8.476367832859095
-58.29041860579353 28.949255313204052 11.866115659640384
-27.27408142796034 43.86342440217521 -38.54771000980553
-25.541179543715913 42.135206250227405 -42.84003889625302
-23.535683376519167 43.623105623001386 -37.293852981231495
-21.631891884505126 41.84805990256626 -41.83109811284716
-24.186798559339984 39.96688460049219 -46.93140847977952
-20.139214515604298 39.61245740723231 -46.135794091559426
-17.6741440277793 41.44043337727232 -40.68387501358063
-16.07605622703832 39.131035706542775 -45.2081873269836
-19.726824540288547 43.25444900621562 -35.88999420131904
-78.80749381605249 3.161218874844802 -48.63796237917008
-76.24218365836342 5.357035640390898 -49.88037463898919
-73.93125568845409 2.745950869179698 -48.73715033062471
-76.55430215478283 0.5302905593464364 -47.541902713796205
-73.66142010405957 7.626337839429814 -51.1228549966146
-71.28012584552324 5.027150151906212 -49.94974507792185
-78.55730143232016 8.0556528715643 -50.99739476519852
-76.06485871606408 10.31871355690413 -52.25866120466889
-81.04843743124984 5.871096864242897 -49.720333331565186
-71.16944660225997 9.839585362720221 -52.340394578109034
-68.70726779157472 7.260804321373392 -51.16233888440498
-73.66431162006897 12.51560726461847 -53.476755889112816
-78.46420086825593 13.124019339546363 -53.26515106988945
-76.15370019287164 15.292210613984329 -54.475186624833675
-83.26952286417634 8.71862682160428 -50.703685590339965
-80.86161763463022 10.881600494765685 -51.99907048756291
-69.53720382969611 -7.211689711875775 -44.6959461187344
-66.83739639736642 -4.806982230656743 -45.73041289212577
-66.96832424186566 -9.694803792461501 -43.83716167184622
-64.25102824150238 -7.206312932246609 -44.83072718522469
-64.102978593909 -2.370733525110569 -46.81641758691393
-61.50912321968921 -4.704509801886626 -45.8778212809068
-69.28029880215766 -2.342115336191927 -46.673128044307404
-66.55939803200496 0.030009952951216445 -47.80526481197772
-71.96333796583404 -4.669246078079751 -45.58643050364627
-61.408854531047034 0.02593213722525234 -47.990561911384006
-58.79900935893548 -2.2456011452866096 -47.03558313094975
-63.89049434267983 2.3623116354453213 -48.99798468481808
-68.93217214717728 2.495706663015956 -48.84872304178576
-66.30226288176979 4.771016302919513 -50.05477554019958
-74.28782716008409 -2.0841028571724958 -46.53036288453552
-71.6278960175703 0.17779269539107845 -47.67275992155133
-58.17876483934295 -16.76175829228711 -41.18516375613486
-55.448305420879585 -14.005588058950071 -42.17497775824727
-54.8930818727587 -19.070350131856525 -40.21160527446527
-52.23483032473972 -16.21170018881258 -41.23971449923097
-52.7470775332836 -11.329692185878377 -43.21831580657946
-49.61769447614063 -13.47216327402749 -42.31409073646355
-58.53668308652835 -11.784590475793152 -43.06891071755767
-55.796563682399466 -9.167588175109332 -44.094404583967396
-61.288221855462496 -14.445664384963477 -42.09859304503599
-50.06812925875791 -8.73307990350659 -44.41880734317717
-47.00885579586607 -10.827063539957607 -43.5536862668859
-53.08346259135014 -6.6149000355280485 -45.264405894135436
-58.72950211937193 -6.963773853289953 -44.97187817559804
-56.009622303108536 -4.455033777991741 -46.12708241744396
-64.21889838982518 -12.097148759693194 -42.974717381260625
-61.478279688213384 -9.524311108926154 -43.94592573407888
-43.9731364791275 -25.889907359435462 -36.647531259155905
-41.99796572545035 -22.654399098093393 -38.071198542452386
-40.11323275120024 -19.640965429951255 -39.43314292685616
-45.48837545146199 -20.63206431244354 -39.23740052615285
-43.24615618452934 -17.73650658770971 -40.43304223813322
-47.78241732374987 -23.72017599785338 -38.0305767181375
-37.9950598942373 -16.84986935118287 -40.80425069628969
-40.91492494574069 -14.983588568565974 -41.7502653173723
-46.43110947700054 -15.644089735786881 -41.391543184485435
-43.93751294010914 -12.942661425363925 -42.66696654863239
-51.422658228029626 -21.422349904975963 -39.1960186345525
-48.90575950803262 -18.454509400021614 -40.28134811177762
-54.37533529116087 40.43407600009649 -3.4002748252632164
-56.48706023964248 40.426406666531605 -6.333761119435321
-58.560838411604976 40.46879719148314 -9.042376712639904
-53.92761957905668 41.890380641482466 -8.47822748590124
-56.1704867159572 41.78630932860769 -11.107479790341598
-51.65072841659676 42.03957531930423 -5.616517697692519
-60.55580933680028 40.57332330542623 -11.559972985475211
-58.32892413497476 41.73818745887956 -13.531100483575573
-53.772692932275966 43.02814945372851 -13.463093945526506
-56.098603049996875 42.84969432966287 -15.7855817930225
-48.92493463835441 43.477458555059414 -8.14159832763482
-51.363675261502145 43.24109014877322 -10.920892379692015
-46.11140074796776 40.26161689965774 9.811906252961187
-48.14028125850344 40.41790369455724 6.4870060241184335
-50.19189638989584 40.47701407315315 3.115546895461087
-44.94001299763649 42.437435793602994 4.044810673367485
-47.152313985422474 42.36352150409438 0.7542360452019775
-42.745037228042406 42.395273890750516 7.271915996242568
-52.27158629428175 40.469167464727455 -0.21359362642971685
-49.388895877666684 42.21595492523001 -2.5014480451912964
-44.10289665609878 43.927884155469464 -1.9486510955591145
-46.503137544360314 43.72488652894167 -5.114000845191388
-39.36178489027792 44.00890409064123 4.374830339230242
-41.72318609900406 44.04002617007861 1.2484345126055856
-40.081578695505996 39.06507201239209 19.116318813863785
-42.090870585228444 39.57798615069815 16.09985701028647
-36.23884651400647 41.27101675180277 16.23440705288249
-38.38920961678744 41.812519750717186 13.30557308218727
-44.09767673798825 39.9782802033531 13.005953531260376
-40.56008747518699 42.18710958817303 10.338020799832229
-34.71338793997582 43.313656974797645 10.19449468848604
-37.020198071742435 43.76666628473508 7.328345371362981
-32.45942123972174 42.65342984624157 13.060345828489456
-48.74181394430967 -33.404038925121924 19.819488051914593
-53.486486651305555 -32.487844235732574 20.912313174047043
-54.0993894916935 -35.284907284571595 18.394463963622492
-49.323743177989435 -35.8341097844118 17.575920596438955
-58.02734704338818 -31.46605826347109 21.74192598667517
-58.66092744435913 -34.60647010935269 18.99914544135039
-52.373742640194145 -29.455739466506902 22.973724897680654
-56.88301266947216 -28.125890383634253 24.009254766711404
-47.68422919594761 -30.676119058046012 21.65612799528701
-62.59064805331448 -30.111593892754428 22.092831704184714
-63.227048851489954 -33.55798472626646 19.18004994681785
-67.11938285643534 -28.346375533614935 21.788627862884326
-67.7613832444619 -32.027129551741396 18.768313230775473
-61.442894683353515 -26.44266764520565 24.5625574696977
-65.98585569240252 -24.41011412446039 24.392845536397996
-55.23865955679143 -24.81201527353125 25.727749065321785
-59.756412442000546 -22.712693346492827 26.568060403735267
-64.32703175970974 -20.319502759458953 26.592849818734305
-57.28148559712037 -19.493828804609876 27.857553029199998
-61.79700217513159 -15.896660840940104 28.47839789341967
-53.068374368491945 -21.86290513476771 26.77944039459418
-46.258335568123876 -27.89501798909317 23.00242171558695
-50.81969666304928 -26.43449362504769 24.489210327862885
-48.91230193547775 -23.686709122773145 25.391820234737892
-44.61414594278248 -25.32485813509941 23.798741519390294
-29.054072086766247 -25.662095831639792 -24.987680649654997
-30.704085446803088 -26.779291899637094 -26.898449600152674
-32.63158938043219 -27.85545823526761 -28.482194987830294
-29.95334078699895 -27.84826463735737 -22.812965833058424
-31.579278681898984 -29.12293560311288 -24.1570841179369
-28.48667475684785 -26.569275306727253 -21.15029048398774
-34.91938711223922 -28.99768433573257 -29.69759962640563
-37.34928368477656 -30.61901959783024 -30.107623280139332
-33.37124440040118 -30.496377662442555 -25.068212283952217
-35.25927614559883 -32.14572257942279 -25.334764854971176
-30.274818707204115 -30.1540051661951 -19.007685147629417
-31.7311204973175 -31.546108224150398 -19.685869405754698
-33.25164609123749 -33.06564899830564 -19.894955085639616
-29.921695381612732 -32.52320736686791 -14.033097992494525
-31.170054272101613 -33.82643702023285 -14.194218511543594
-28.728768578391506 -31.2112911759511 -13.592241966315822
-27.64817585136922 -27.45279541643565 -16.711672190575246
-28.906053039275104 -28.81473491420741 -17.975207375537128
-27.617101526493226 -29.854040601075575 -12.945829894137422
-26.614241738876764 -28.413008162348994 -12.168200126918716
-95.73786010231078 29.99209337646875 -42.84340899968988
-95.70267238506983 31.301875184721062 -39.9815897393946
-97.96714214839493 28.775218038573126 -41.990901989120104
-97.93815099503928 29.998256842565688 -39.34134687675189
-95.68874964870501 28.19920224944097 -45.48892920228728
-97.93867861382128 27.02678641241202 -44.45061191004354
-99.83838046283297 27.66470490812524 -41.08513176316058
-99.72991964105242 28.764438652383696 -38.81700201773052
-101.34813277800868 26.77554496244273 -39.83299352818151
-100.86657728200035 27.800653329795384 -38.467292535366916
-99.95146154100323 25.97817036318051 -43.21489112415545
-101.66534697341919 25.065286331942428 -41.63482994613138
-97.65466835603215 24.765701605835652 -46.60325932848773
-99.738264696499 23.71620371864528 -45.195497786154135
-101.57223075737987 22.765130634881636 -43.442071454927444
-99.08872932693895 20.90658244351088 -46.78825819434139
-101.0034306726625 19.902707893247847 -44.965790826035224
-96.96753274332562 22.007747429734085 -48.267474080224254
-95.40398366980867 25.94532797683584 -47.764358070918064
-94.72031589083194 23.246007630239355 -49.505039398179115
-102.46693401361516 26.202619049585298 -37.94167414579653
-101.45764974830753 27.800797770959605 -36.770998962052055
-103.25288589974548 25.680602585025053 -35.56938036798267
-102.02004211363753 27.57322230931234 -34.406391937405495
-102.99921514490535 24.285630765176972 -39.55658834391909
-103.98856975751247 23.51020798380826 -37.078404240817825
-103.76068049589243 24.95793592957576 -32.869510212506796
-102.36634060227114 27.04777093129155 -31.73077919519999
-104.0054219236563 24.00963740404112 -29.919219653289375
-102.50520127256328 26.240804485269592 -28.818379153422594
-104.66560984524925 22.621068931391324 -34.294285140326025
-105.03948747773305 21.560108773976197 -31.2720549644912
-104.22655281193629 20.964248552641113 -38.65601356916323
-105.0770918006833 19.976706513122714 -35.78536460353952
-105.60299867132606 18.84935088022215 -32.68844122155326
-104.98443501023266 16.969560331582432 -37.122148520574854
-105.68079756612865 15.835937346910264 -33.980368165349724
-103.95218623490514 17.991374739424323 -40.04653125247735
-103.06211250341993 21.87239190164657 -41.23436012318355
-102.62274273776411 18.951663301057188 -42.688547882281014
-104.45083662094153 12.383145823614816 -19.182241420551744
-105.15398445213842 14.285207812261797 -22.59715511657045
-105.49770980347643 11.368345027152808 -23.81590658122159
-104.85075476614668 9.46697138498634 -20.43317578444337
-105.60379591457178 15.994587655643798 -26.03093388565844
-105.88908038267725 13.0497215647985 -27.2539343240996
-104.37625217599393 17.09596310503807 -21.338327098583342
-104.86856295453181 18.77300380929973 -24.736967534903116
-103.63393164254691 15.240309912164255 -17.93055109063121
-105.76312821149406 17.515928423152094 -29.414420236677845
-105.96525303867125 14.531878213548545 -30.66554829483976
-105.0939216205246 20.265746207630972 -28.06579769913893
-103.71073325981824 21.39664520566027 -23.516922486796634
-103.98065195250203 22.808008124603493 -26.78345475485131
-102.42772713607096 25.16608128958039 -25.732625018993097
-102.13801639805065 23.870909189397864 -22.518503137420673
-102.42753586041793 18.02458253022096 -16.787304435476756
-103.19426432759592 19.798288963342294 -20.1669718079021
-101.6171955743576 22.38238337550798 -19.21564212549504
-100.8439102492485 20.715957376201136 -15.86811900830669
-99.9203853058056 3.163886936744614 -6.602064510559831
-101.27423460656905 5.656703165200496 -9.578306437243619
-101.89317393482212 2.526860289574299 -11.180425691005848
-100.60511473829285 -0.07987358697163627 -8.369225678478461
-102.48608056654689 8.04374539104677 -12.67117941295508
-103.03152808418577 5.01212114778749 -14.12384331412038
-100.25941142404817 8.77691678315298 -8.135826723413036
-101.54357613789477 11.056589152264198 -11.32290137695589
-98.83835841518247 6.409572614044957 -5.044227593710975
-103.55102883678583 10.295597698115676 -15.87402553668742
-104.02041149686468 7.3380489322970375 -17.206037727254063
-102.67712320353965 13.22041924861376 -14.591213265198027
-100.23162733682177 14.029570631380594 -10.144610957839143
-101.42599018132616 16.09344444532207 -13.444805893549846
-99.8128771821521 18.89165109269886 -12.529092362688873
-98.57080498498244 16.939790253037117 -9.20803686802935
-97.39240803861334 9.630182382450005 -3.7300276159052816
-98.8800915414993 11.864864604756143 -6.899667744156411
-97.16007008951864 14.897137344193462 -5.92254370415278
-95.6097646479056 12.798070163058878 -2.699283258017818
-92.88974913381651 -7.398323087618219 4.242214949495948
-94.94591120470054 -4.709475490285314 1.659363360953097
-95.77067830816529 -8.302529227000575 -0.5822043535546267
-93.74105341336592 -11.078941517851064 1.8704386596657865
-96.78678034966387 -2.0402299940251987 -0.9961855679432825
-97.57477699542639 -5.5254846342861095 -3.0899991272820606
-93.71615867569895 -1.0359697183801835 3.588615517645575
-95.59629762909707 1.4946770304032948 0.815307373217192
-91.63360595865869 -3.6048748852774275 6.272215628165469
-98.43737461192183 0.5906603852317595 -3.7441049672497586
-99.1785120601695 -2.775155330874304 -5.677838245554033
-97.29607431627907 3.9791436023983247 -2.0596916999173027
-94.0370033340739 5.0271879442054725 2.311578009902041
-95.78949239994068 7.352726941229157 -0.6550873827423978
-93.94497484411954 10.672465803922677 0.43285210823227627
-92.1365419370017 8.502658445459485 3.453535813639252
-90.00362074538177 0.21580556425082825 7.918813985709621
-92.11478642575284 2.6492274558128983 5.16843446322919
-90.16783960046864 6.2740021199962195 6.354686758974695
-88.02608294207847 3.97417980795006 9.134646439644948
-80.50010298084585 -3.3944394642634452 16.95682256482134
-82.42092040952717 -7.422301727877616 15.740516731620055
-77.63499399492409 -5.9821575600836 19.552574341173454
-79.49063694898237 -10.070297834071301 18.343549212978857
-84.01301061697035 -11.502382612218463 13.991299193648084
-81.0335443383218 -14.205525208379273 16.556867428392327
-85.14926945826488 -4.82242081022594 13.15664785838462
-86.7744241559393 -8.834317598947392 11.436805536221451
-83.18507909435147 -0.8676289866645702 14.380903630263994
-85.25029289119527 -15.507021821819242 11.758306382859436
-82.23220329370535 -18.25367210089871 14.248312467019769
-86.10619842850085 -19.314815162707905 9.08838772073521
-83.05747186634693 -22.089047368522994 11.473739857943286
-88.03450992307418 -12.785469787291275 9.26761047507789
-88.90335550671551 -16.563201111368482 6.692833548847334
-89.31669386870537 -6.2026877410486465 8.874808282312925
-90.58333897107751 -10.085819152205199 6.7693452692725185
-91.44972693735502 -13.824244360904107 4.29018393484799
-85.69511318518703 1.5908427102860547 11.790059504791369
-87.67875699085063 -2.275542871613092 10.564109990436105
-67.05856201222056 -13.628983430779844 26.766505655015063
-68.74233673374745 -17.88775514767926 25.383476157695455
-70.29343433082599 -22.097934026243507 23.259868967260324
-72.79681945448061 -15.391128330813833 23.379687393608467
-74.25671329619828 -19.594709848674988 21.432329704060407
-71.1020114468217 -11.203656839999686 24.64405320336219
-71.40411747112618 -26.157057421567842 20.665506394854223
-72.0753034114387 -29.9670566176412 17.622339477318558
-75.36395720297244 -23.687437992211056 18.927676313299767
-76.08397854074704 -27.552106531121517 15.932356503269794
-77.81640242508875 -16.936784544871035 19.128948769683642
-78.96304391697107 -21.021766464955398 16.724269940440013
-79.73900550399509 -24.88724807749849 13.828791701590827
-74.56998434691323 -8.620445783410183 22.18682092764209
-76.3374713170533 -12.757798266518526 20.97258064180997
-99.96457481575571 29.272251428288488 -36.426449624401485
-98.0426898092739 30.692658488812395 -36.61765679939115
-100.2910427963893 29.298031178327943 -33.869579416309676
-98.17383444722192 30.917861509952317 -33.8054175933961
-95.72089872693353 32.1166759936738 -37.053363297796274
-95.74072185427356 32.474033128586605 -34.062274155505705
-98.24529813076077 30.74556579089525 -30.89176176708173
-95.72824171201364 32.42829066912898 -31.016933519549774
-95.65960958958024 32.040932462915514 -27.92588094133013
-98.23183381193219 30.23258186254945 -27.883886128669236
-100.48601013406359 28.960969081670985 -31.101456373128762
-100.53984138433923 28.303679710237706 -28.161987635928433
-100.4333813093865 27.3664206267269 -25.082941159120267
-98.10614597388238 29.432330462416413 -24.783357531592628
-100.1473982096789 26.19967892774066 -21.8943856454208
-97.82919193623755 28.39798994166331 -21.604039508968874
-95.51407100323539 31.368568427662616 -24.793061371451373
-95.23721783414622 30.4654076886894 -21.618506312805575
-97.34887736879311 27.163378377568186 -18.355500727223788
-94.76811322002996 29.367176854808584 -18.396878061744616
-94.04272836217 28.098679977250328 -15.120679420402334
-96.61163331757099 25.751274855856593 -15.047023203032454
-99.64564806057999 24.834447412553555 -18.6219799826346
-98.88830104839066 23.289771594439806 -15.293785760963386
-39.70312073157533 -33.12236433784499 -29.272036772556106
-42.712821178780786 -31.425658548174535 -32.78430559835188
-42.000727208129454 -35.97142554623083 -27.582193258078693
-45.25725661817148 -34.71349445676127 -30.84117289699148
-37.169137735553925 -34.252779297629615 -24.750085593772447
-39.1152069427369 -36.55829002382946 -23.469897494039234
-44.24741461118807 -38.69343820448491 -25.466286522391993
-47.68962553196413 -37.777559068997746 -28.564672536538815
-46.48654057304944 -41.12185147248329 -22.95288303541464
-50.063535549348536 -40.468449489011974 -25.923029649429274
-41.10459749503073 -38.827372540459734 -21.666488662668296
-43.156643338537634 -40.89889615942964 -19.415412503696498
-36.43215265460984 -36.60747195370823 -18.623279280674954
-38.14033543633412 -38.40151300746353 -17.21137653017182
-39.960132296713816 -40.06995846885814 -15.346793541936187
-35.23324599670799 -37.78736738371101 -12.438365085652059
-36.814797647599086 -39.032231890472694 -11.018568830241296
-33.791582445057735 -36.487993161712176 -13.429933223947936
-34.81006422356791 -34.79275368594267 -19.531289042323433
-32.44879440730201 -35.15842046984858 -14.006296709615418
-61.50025575914742 -43.40660314244081 4.817952513793809
-62.46248618942514 -41.59471843031682 8.601247412739168
-66.04624271695955 -42.84366628995317 3.763840613694825
-67.06206033263801 -40.833317810947044 7.762536253857185
-63.10891355599291 -39.323909540209605 12.31689077696789
-67.70512919216559 -38.31972114596854 11.650099350365661
-57.828957187646765 -41.59028319332165 9.065962937284995
-58.47980494516883 -39.657963469636506 12.532493125591678
-56.921975542720055 -43.12740151613689 5.586901853080063
-63.38192702589262 -36.63416500049536 15.879595112926843
-67.9468559035521 -35.365142531907686 15.3510548260383
-58.78491983926073 -37.331353154595845 15.884187652167043
-53.82724368029195 -39.517802795013054 12.456089656150917
-54.176846644155155 -37.60927233073124 15.529069373742495
-49.34658444860551 -37.73558351138587 15.015679151243955
-48.95007495029866 -39.20771415932085 12.278457877115448
-52.30296102024241 -42.27336028587067 6.204680112630883
-53.16185964783379 -41.05745540950797 9.307893238012964
-48.27656484108373 -40.34044899898613 9.502949729797477
-47.48533833344041 -41.22179098705522 6.821945577000326
-48.768598638782045 -43.05427506756166 -20.065506761909425
-52.434395997761015 -42.5941891389996 -22.88209534707946
-51.03410208359727 -44.503851018799146 -16.906123178420312
-54.76503807855557 -44.17509555176675 -19.542661688184015
-45.30015533131764 -42.589457356449024 -16.787577344076503
-47.456103275328964 -43.89705561940502 -13.900972215138045
-53.228868757773725 -45.46933752795585 -13.53937202694934
-57.0256768949153 -45.21039262673438 -15.966631151020234
-55.2937801670192 -45.95883294132352 -10.016227950989657
-59.185474659510234 -45.712744003418585 -12.201558138775523
-49.54444481442581 -44.80655796169193 -10.835471219394407
-51.47528279855298 -45.3027201116066 -7.653703645969453
-43.94307618001713 -42.66724618279864 -10.557686372558727
-45.903002741052575 -43.52965174502004 -7.878012142936617
-47.67881790272303 -44.03755874706809 -5.119337729071465
-42.25797629702828 -42.0425509927558 -4.790449498934643
-43.849745682787535 -42.55401336977298 -2.479745504389799
-40.44924272598591 -41.22961197618664 -7.052134792250893
-41.92611990736556 -41.50060193036569 -13.080763298613709
-38.58967359575805 -40.20122429570973 -9.16809194341134
-57.16547733763915 -45.995629969818296 -6.398287184498106
-61.21185933294781 -45.721620730526645 -8.305339102395209
-58.83275727860562 -45.58927920138827 -2.702262299865106
-63.063259386921956 -45.255624449814846 -4.313855218260381
-53.15307530787407 -45.3715798924733 -4.42841450381613
-54.60318767881065 -45.0266416004847 -1.1491170713860202
-60.28330523745537 -44.733177486623816 1.0451088390375585
-64.69314803988016 -44.307367458422526 -0.2747290706467856
-55.851804900241795 -44.27660879567034 2.187214329908899
-50.34892279435901 -43.84797254161943 0.40992630812329844
-51.38218992823319 -43.21603666824112 3.254516875860664
-46.751741622406236 -41.9433480204195 4.35586164177437
-45.97870175312905 -42.4463039156864 2.0293479981810796
-49.13806994578076 -44.13329197683639 -2.3696433759816466
-45.05165828135022 -42.6700328045963 -0.22787266490245128
-47.52077956097151 -5.157413532409991 26.018676507937386
-43.97710997783194 -4.941839905698015 24.55333527719797
-48.02923393054064 -7.5585313448598965 26.666688007095313
-44.34468878045199 -7.093011141474242 25.260995219399838
-51.390127498083174 -5.064442018668446 27.12490473690978
-52.07770946691214 -7.815515184970966 27.734135943293275
-48.107207361435236 -10.042964560677762 27.17572022393864
-44.35710874016998 -9.348071203672257 25.836037235216324
-47.5774814405509 -12.448682018780083 27.300994510293783
-43.9200251936699 -11.56709610016603 26.043880724433382
-52.29939116969574 -10.686621720122526 28.207740320083012
-51.690893403587395 -13.44597260719339 28.279550896355936
-56.28755852800589 -7.711605393672814 28.250361258957174
-56.84655791183666 -11.180418938638729 28.726481940243954
-56.252040086986966 -14.539186886484039 28.783705149606266
-61.392272705638796 -10.943444099290907 28.44448886428851
-60.38360611429221 -6.995446952540991 28.006589307189174
-55.33496906059796 -4.5383754094540105 27.664239784128608
-59.10345434555824 -3.4757035284706546 27.450745053267738
-46.26624306256062 -14.599093841718 26.81669884061447
-42.93635914915333 -13.604695735836122 25.6644516703828
-44.39649546042356 -16.546961087941977 25.875416466806264
-41.55523038432468 -15.511480084617492 24.834480706720957
-49.90488894942989 -15.831963212829507 27.706006995970508
-47.37727157577877 -17.892282605741013 26.662470479129688
-42.14194177266453 -18.387694749088165 24.613711675761227
-39.89333915653003 -17.366710113497913 23.68343129735798
-39.6203142124223 -20.26174496759788 23.144555495165964
-38.03901626629966 -19.26919632941145 22.33156029264554
-44.46520705104956 -19.735893324201548 25.305284651800175
-41.258357866020376 -21.56452666334004 23.740820342536214
-50.3572091351819 -19.61322692198297 27.02828954162924
-46.7568600204283 -21.478798131604496 25.613344262366304
-42.93226589119998 -23.233392096461056 24.000218948986802
-53.78281157136961 -17.33973754538749 28.147941163906808
-26.52857955890623 -25.9855434164732 -15.342979846472069
-25.750368010830698 -26.84618386307378 -11.330302364051077
-25.555170167710422 -24.468558591683664 -13.89242336814973
-25.022539920290125 -25.22541861336503 -10.42271435706143
-27.16737465589946 -25.185581185619252 -19.302667229386202
-26.00083740544885 -23.747502444076293 -17.33462455110862
-24.746384114835323 -22.952203125371867 -12.36913000692503
-24.433566079557178 -23.622706611394566 -9.425523141786535
-24.125601147123362 -21.483095423976835 -10.769844211643473
-23.98842688645461 -22.111135485196737 -8.312086485637884
-25.011261763011774 -22.294408875458043 -15.29831164533029
-24.23806621195781 -20.852893221605363 -13.22529809479738
-26.291213428125246 -23.059320266933618 -20.453823728760813
-25.189065081496288 -21.65995100215739 -18.008325828594476
-24.315841333089864 -20.23279919788849 -15.545334555528783
-27.583775466788772 -24.40724840726077 -22.81030536659305
-23.711254882552502 -20.106637106765955 -9.087078453792705
-23.687912713791683 -20.76592417552125 -7.05678940483706
-23.48356500742408 -18.85333403675745 -7.232487480072082
-23.517579907895744 -19.584266736227924 -5.58608916213534
-23.720763333006953 -19.441134084849313 -11.130952252229145
-23.430045469598216 -18.099888598365315 -8.909623253585298
-23.407450460555708 -17.75248279425283 -5.134432279382523
-23.45420028564529 -18.559221959543414 -3.838854884973502
-23.43190449828993 -16.83268765992147 -2.7412749235540987
-23.465968168064087 -17.679724665917785 -1.7657597422430773
-23.3143596067862 -16.870024385447085 -6.471705582165416
-23.327795569986463 -15.877192964718828 -3.743683051347423
-23.360287496972003 -17.319967707792856 -10.582708618686272
-23.14189094859668 -15.854570831139348 -7.8484390595112234
-23.08787148001087 -14.71984077375848 -4.774427649856433
-23.725269301921323 -18.78173223074458 -13.110158427462146
-40.73992340867366 -10.822281284866255 24.694060407104935
-41.14603379737731 -8.706805598766286 24.384416447932733
-41.23105349104679 -6.57712634463329 23.70964908583264
-38.37301211542552 -8.171261295758427 22.928225906276996
-38.612325395801726 -6.0651613064047565 22.15223005423385
-37.91369920597724 -10.25575204551123 23.290429201149127
-41.00918523099424 -4.545838239778258 22.895846734655304
-38.521760360460554 -4.02359765243836 21.13968222447123
-36.398523038268124 -5.58927309396689 20.718264318913906
-36.40115249564657 -3.4147967384800473 19.381004296574766
-34.63228592269831 -2.895511294846032 18.099602220422888
-34.57073379109135 -5.181855435841584 19.68021401129011
-35.31129806871482 -9.892596198402138 21.85173837712407
-35.92826164969712 -7.771085014162033 21.55672678264312
-33.90223427424058 -7.430536103566796 20.504125526619717
-32.57904205070683 -9.812329948069623 20.255135053941792
-33.233656594175876 -2.6292173747263297 17.799472716014712
-32.5283267491336 -0.5201823815685245 15.588300184405904
-32.08769444671243 -2.4487525297301826 18.128326672870706
-31.524497469044125 -0.39687981892913426 16.07847133474052
-33.121814657264444 -4.867664332966794 19.3345620715812
-31.940318213838268 -4.606120377940061 19.482375625140456
-31.065689520230123 -2.1990995008204397 18.730251383567925
-30.57438404371626 -0.12598386740555734 16.795384267531237
-30.101844782467776 -1.9080869320956184 19.460455941024936
-29.64652125067767 0.22452649837484223 17.617634338757533
-30.912498529816617 -4.369177664708083 19.920064075840504
-29.95891408261043 -4.138862724039072 20.494452021675674
-31.220114758085455 -6.7118581213515345 20.012096275474786
-30.22152280916101 -6.486760616545548 20.282737343749393
-29.30647353603341 -6.317132140302699 20.692925353818044
-29.087807367894438 -8.422692802751342 19.748139833649994
-28.220749978232256 -8.310295857719153 20.038775182793024
-30.02519368595852 -8.621827418877027 19.578150516401788
-32.38987470424051 -7.055515734040962 20.035860271284633
-31.107224166031845 -8.999117502452659 19.663339771807042
-29.994790204550743 -11.175063010269016 17.870184402475612
-29.313373831154138 -10.518069951915345 17.993385313450016
-28.429855664208375 -10.198185050387849 18.056918250344687
-27.329570633658268 -11.68264201085912 15.416340904860212
-26.633582427695785 -11.44814978852615 15.687025461614057
-27.851906188766197 -12.156646459490325 15.128664955176195
-27.585781334814442 -10.053078744130566 18.259282598225216
-26.759391685635986 -9.993135495469472 18.524285035880837
-25.864772328598626 -11.35853402964495 15.987353588990905
-25.05709038757707 -11.33808502663928 16.29596584957476
-24.851582269765906 -12.353656717119978 12.776078851791993
-24.08445205651013 -12.298841760714486 13.162040552868373
-23.256338996680018 -12.299386481176533 13.552063286750204
-22.41850026584933 -12.845848703874852 10.030820238392764
-21.508062004649823 -12.842953992102272 10.505534610440998
-23.26095228279329 -12.895626080518818 9.57853372340772
-25.99409280613376 -12.875387990875392 12.084816029668382
-25.505433312485664 -12.525180273810664 12.410644715425422
-23.98153543930991 -13.04116061344649 9.18346479192044
-24.526943516046416 -13.331044923072005 8.883700021163051
-36.53436491472687 -18.527839224249043 21.422033229137345
-37.83080168375558 -16.596574139033468 22.658719593311744
-39.00234018794318 -14.71391346966594 23.702563345736266
-35.89008663616294 -16.03618237120739 21.47949261754012
-36.66804858949904 -14.142948390368476 22.426053521215923
-35.03608185357073 -17.968790981629017 20.36265365804069
-39.99505887775139 -12.809951043559321 24.423970688246875
-37.34121179537685 -12.233270799650203 23.076600517806312
-34.471226082794324 -13.785878790276103 20.9419341574608
-34.86447386176886 -11.884072889501468 21.588616974063864
-32.51706579146941 -11.87967685068532 19.78521597755311
-32.33942547489594 -13.658988977151674 19.14717447630285
-33.47228803742023 -17.529929785478817 19.09613514467288
-33.99873758439059 -15.649012423810763 20.079425998268203
-32.08048186838627 -15.401591419610632 18.388551449950302
-31.774730687383357 -17.15194662955244 17.563842362637796
-29.885783582305443 -16.765956455145183 15.713580862258198
-30.061478373883634 -15.252395884504184 16.34290590149006
-30.190878934819015 -13.774412283796872 16.942471362458413
-28.10495855295659 -15.176018541135178 13.989404791226727
-28.153424018699504 -14.011717503624753 14.389041389036489
-28.006004426470597 -16.40785986707541 13.583147214139947
-30.228486033493493 -12.337385785750948 17.486875436230086
-28.098050303224735 -12.968660025115035 14.777396991504904
-26.373219103055053 -14.24250458113671 11.597691110375564
-26.26515668300809 -13.466945315261722 11.818332541769713
-24.842807475865378 -13.813769434108345 8.718968035359726
-24.98679739715389 -14.44160401062125 8.658052514550516
-26.31898089737723 -16.108269193897144 11.231804065302013
-26.372824808399212 -15.143190721582968 11.407401231940135
-25.015890924275496 -15.166249882507625 8.66706524863907
-24.98732402948805 -15.938611816973623 8.711149743184894
-23.920376806864127 -14.032208143900311 5.50748543799777
-23.530984398912274 -13.563904821270855 5.576493809144424
-23.398941565699417 -14.18149889493547 2.1743248158659894
-22.926919782770668 -13.587286366883665 2.1368564800746377
-24.111254327499292 -14.62664428547923 5.595129679769903
-23.627290007165133 -14.883103982025768 2.464340672029397
-23.16132295132104 -14.28652340897189 -1.318406985131714
-22.6101561355474 -13.387936023487987 -1.4996098637099986
-23.406528313546602 -15.259368956409771 -0.6933208484404418
-23.706968454886493 -15.617025296614376 2.8652487180263804
-23.500779799414637 -16.125736618486485 -0.018440217511160206
-23.518677601394973 -16.934438509729322 0.6753663410672546
-23.711644464712208 -16.364466788999245 3.320330192259113
-24.16920692168075 -15.304281949056534 5.78840994414634
-24.160146102489932 -16.021860637311768 6.035143104579787
-26.37873246329466 3.1383817509237515 7.195987517245435
-24.4210149559507 3.1724696268783257 4.689596889984921
-26.07708494519979 3.3606920201571637 7.842398593753155
-24.12009359208717 3.452106115416331 5.313019336350674
-28.588452402639742 2.4749573301518977 9.95621987580922
-28.178580797411804 2.6385516127671553 10.628055406822696
-25.550881818279983 3.774556045263467 8.516897018343649
-23.633237737907002 3.9071312941446417 5.972949142322859
-24.915307138389963 4.2871494786265885 9.196578179635445
-23.057891819642904 4.452442088159738 6.642602576526895
-27.555904443362248 3.002998741989862 11.350840056771105
-26.82716681339421 3.47117816495619 12.089760293482636
-30.12154402720411 1.3572536270297408 13.468311721730716
-29.331974198431013 1.6697423071476458 14.214498483230896
-28.495692581814737 2.081479385018147 15.019080237661127
-30.82344748814865 1.2351638663427031 12.856034793970746
-18.877278576641 -2.0423565474678558 0.12831771416001825
-19.67605109182762 0.11674602304763321 1.2244268510805398
-18.051776904793147 -1.4826114468443206 1.2567882739203433
-18.98764066743258 0.6955869584734056 2.247263643155611
-20.725671759981548 1.9315240241198461 2.4618556261634463
-20.12304016725688 2.511432797031069 3.3432272870171964
-20.29705363358042 -0.3870170549378549 0.21142538005036338
-21.26067181769032 1.4320497569404074 1.5957863385213016
-19.629849530351088 -2.5331346330836566 -1.0020913257440203
-22.03700686609672 3.245586428417917 3.994859152084405
-21.472319661307136 3.8138669501673643 4.745312013377818
-22.527083850668994 2.7623355125747153 3.258971969799072
-21.649642850659518 1.0935490748251997 0.7915147116614774
-22.856974554076356 2.445483283050386 2.5730116595226686
-20.237388148136123 -2.8723829612608527 -2.0734259435462263
-20.776407211353238 -0.7341700867895988 -0.7347982036612115
-17.296826414118357 -3.8871587597337376 0.19386449602823785
-18.319957019512884 -4.3975768921380975 -0.9454731945501296
-19.261602313961085 -4.845286595799734 -2.1051068122177243
-18.017217963953716 -6.771587685010501 -1.720019712532722
-19.17313635987527 -7.17048469886098 -2.8499285163419703
-16.780387948040172 -6.338403164697926 -0.6556589928248298
-20.049306522235636 -5.14965277981501 -3.23472122674836
-20.18120500013076 -7.482564314977602 -4.044996636988236
-19.359851579756462 -9.34906565953974 -2.954860802874312
-20.60408385766729 -9.795256116568032 -4.312355994371267
-21.149439774556804 -11.688246613168603 -3.4141075116532145
-19.775655285823408 -11.140490953204855 -2.056150670873991
-16.588481943514832 -8.630324795278565 -0.9311573190852456
-18.005560589604997 -8.968735482509988 -1.8636040660284596
-18.320169090817153 -10.788784150775488 -1.065381328672383
-16.814329580050526 -10.544290690372707 -0.27773272596717424
-22.87684499534932 -13.26464871919205 5.848910057241825
-22.020744041070063 -13.093428297356805 6.265081406069168
-22.117902924467877 -13.175470667980786 2.4870322922888457
-21.070441975704092 -12.90959642961284 3.045912736948517
-21.02341367190438 -13.009411445956324 6.768004385559491
-19.94566442215519 -12.971259736610378 7.30637512454482
-19.878627826157068 -12.753340472301804 3.6397198842499234
-18.602941633911314 -12.657284586198355 4.238909063730873
-20.342950366997226 -12.292447000526309 0.12425556729012532
-18.96767137995659 -12.029632509840013 0.9101773720643348
-17.527457227454608 -11.86450647894487 1.587615513517263
-21.611789787061415 -12.735662428961048 -0.8462912157510791
-91.79049722706625 13.900082193527387 1.1667468149102727
-93.51732558207041 15.88668332450015 -1.9931999191520486
-89.36245413457631 17.04648312325217 1.4903078925010194
-91.14383251224982 18.901790874126885 -1.670036460159313
-89.92182751841032 11.866052011857073 4.2009598375202835
-87.44078883352361 15.135189971903015 4.510345015148858
-86.69731334082539 20.129162088874374 1.3472141803719246
-88.51556861398937 21.853416836163493 -1.790473586296033
-84.74069016535556 18.33609996542907 4.338984447799397
-85.37850071003795 13.145413484088111 7.387616999826088
-82.65469028433179 16.451933383572594 7.187497175928901
-80.4516488729481 14.456581805120916 9.899714460368736
-83.18105219663175 11.057560379251822 10.126082544367817
-87.90264984102177 9.76429861846568 7.102567266856349
-85.72845909092194 7.577340413861159 9.870981137016283
-97.84941321381403 21.588673861280384 -11.942889720504978
-95.57278817791939 24.18765368560902 -11.689644479329687
-96.57828482222305 19.76285834907205 -8.588968756842608
-94.28375818445522 22.501435449391195 -8.313638399205258
-93.0047619170319 26.68811675818565 -11.781270694803835
-91.70538708463984 25.157194753909394 -8.41538665971122
-92.7944498243295 20.728696462574245 -4.957107280349407
-90.19583163209062 23.53647707367517 -5.066331163373891
-95.12281248932362 17.850657801538446 -5.25951375577396
-72.56310790191101 -4.667933026438145 22.698896965485655
-75.50185958291834 -2.0837267176988847 20.124622565896093
-70.39782444430995 -0.8825682517462091 22.674497419057467
-73.17426484658678 1.6557119667656959 20.176458140981307
-69.29644502863903 -7.164357859927171 25.087707795167542
-67.39819327664968 -3.3054355130961124 24.961956903701235
-68.15337515569013 2.767352569465476 22.28983990533608
-70.73230942271974 5.280539881921538 19.832458952689034
-65.42277390509501 0.35397604860521936 24.53330383071655
-64.0747669686902 -5.433736325371713 26.82152112147651
-62.437289470456946 -1.7854517159887342 26.329071655389672
-65.55837781225732 -9.427567702623165 27.11097134693638
-83.3934052298675 5.28676109473612 12.50370939174917
-80.8512990802827 8.849628010346358 12.725809834277122
-80.90888867484952 2.90601033742042 15.059846039564672
-78.40287022184597 6.537912952853951 15.239605332645063
-78.14222924187119 12.32640632881075 12.478489610157364
-75.74287840301405 10.077840231211859 14.96765058948985
-75.84264010944396 4.1352865892787 17.71036453199093
-73.26784052309687 7.724083652476953 17.405810732661614
-78.27968317147419 0.4455858766492844 17.587876959790044
-96.7778969063173 4.086570712155698 -43.80683166047631
-98.63324837057044 7.9064144271103896 -44.12724023495987
-94.65649208114266 5.274203052199107 -45.89539548129037
-96.60861310284051 9.001024887035681 -46.28540008850144
-100.27199055212233 11.775914710762839 -44.082084257331324
-98.3759628117351 12.81045790943587 -46.31601673886308
-100.46371777304965 6.912052363376326 -41.630230886486395
-101.95229998482709 10.800607663628645 -41.50641160369959
-98.72109086582623 3.035533409004381 -41.37174112668929
-101.63474026139157 15.515889763158892 -43.62125561656073
-99.87884281065669 16.509276295615226 -45.90244095839617
-103.1411715966192 14.542536692570112 -40.98733292630504
-103.35537664089357 9.843209224947163 -38.65892263329104
-104.36595750352717 13.54290695784491 -38.08008207008112
-105.23809537833571 12.472241325424376 -34.95648769623182
-104.38615867967086 8.86567305522627 -35.58625163885517
-100.3932923940966 2.1078585373257814 -38.63986122484967
-102.01698620798108 5.986503030890544 -38.852562453549815
-103.1859182832862 5.103496982307318 -35.83299362525706
-101.69197989095355 1.2954338297886996 -35.64870307225654
-102.51748431208217 0.591071443680208 -32.43050004783755
-103.8563056000647 4.236417779317483 -32.599296111551794
-104.92582731825925 7.826358035753806 -32.31728069274594
-104.12842535396764 3.355870032011922 -29.364547928084594
-105.05350764616138 6.666144949558953 -28.984868589160957
-102.98255986654529 0.014727411120160294 -29.258665721413692
-105.65286629945577 11.278484019333844 -31.652338024312062
-105.67068336679432 9.91876230545183 -28.25984427838409
-104.85508633227631 5.324589441600969 -25.72017989897451
-105.35780697816348 8.342662581754928 -24.868292537861137
-104.79070270919455 6.503496063911302 -21.57780300997105
-104.40016658158109 3.6687286450487147 -22.631279405578127
-103.18684469224635 -0.4015400961098664 -26.3998374908296
-104.10131698940397 2.4389570545866475 -26.33863446532478
-103.79825981278739 1.1514380766239438 -23.60959709322006
-103.2153917031195 -0.6146525408872183 -24.3556859219317
-93.47821511030841 20.10660191621305 -50.53255689901791
-95.73026596494616 18.764034928001703 -49.24868600293404
-91.83415761481693 16.708191074285896 -50.928717826528356
-94.10366091261257 15.241850760487154 -49.624861782831736
-97.88601609736293 17.578284717156127 -47.740085244644476
-96.30002398487561 13.954671117113687 -48.123482285347485
-92.20772669458954 11.635034274206221 -49.49666924824914
-94.45121266855763 10.236459718795285 -48.03192370712144
-92.43438154031129 6.619820547338349 -47.57659966786492
-90.14777923445963 8.134283115328051 -48.99176523647537
-89.91001119387889 13.226671684866275 -50.79579431135412
-87.81530594596808 9.84000752602987 -50.26689104125891
-88.37492591547874 -4.35468612124773 -43.30614326899648
-86.08724944072827 -2.643164216148603 -44.950143335000995
-83.91903213892168 -5.485090208336209 -43.924938902029496
-86.22512589247734 -7.311860604875951 -42.25809761635169
-83.73538151952378 -0.8306519654477391 -46.28966524328045
-81.54760571571568 -3.57839582102185 -45.26128889516545
-88.23846836257079 0.26319767852711456 -45.95600845556015
-85.90268762168542 1.9817236037524042 -47.30764790409028
-90.51460460082541 -1.3270762523514161 -44.32262100281867
-81.31207044078683 1.097311776361778 -47.475792502752775
-79.09752351055975 -1.5793924807999558 -46.42131493971042
-83.50671088545629 3.8441875096500886 -48.52226746635754
-88.04325198803134 4.943246954626666 -48.23382998561243
-85.67782992161706 6.7351360394579585 -49.47892535254793
-92.6179641981303 1.856597218233632 -45.21372099563408
-90.35963062866287 3.323007845208713 -46.85748822182191
-102.0781331100095 -0.5890925837266011 -12.900546545150627
-100.8527733098754 -3.2944513268705453 -10.316792937033505
-101.89920347017556 -3.5146563276289244 -14.82485674133204
-100.71671206855831 -6.311062524327157 -12.50079192649278
-103.14200084877122 1.983636505486455 -15.620767883298454
-102.90969864438252 -0.8587644100887226 -17.26051524753807
-101.42606327903432 -6.067129698684495 -17.036505892716104
-100.24907803337328 -8.956275333897183 -14.975076607030683
-100.73033343464323 -8.060366893812958 -19.615321066961492
-99.50392116460866 -11.054207517202672 -17.790488689905555
-102.42335519315816 -3.323555508203883 -19.139191655045863
-101.78781405944292 -5.187892663889799 -21.40466485530263
-103.74656560520275 1.5725688383493985 -19.837360182092
-103.22689266726577 -0.8423099184061522 -21.27039455398467
-102.65206511846911 -2.5630439304977357 -23.08828996295685
-104.04704965653394 4.36678489215214 -18.50470756278897
-96.29324438647164 -9.465965505706857 -32.70966011931917
-94.60348216401232 -8.598095240850485 -35.83820470388449
-92.60121922290986 -11.92366430394301 -34.6031154557343
-94.41230591459208 -12.838580229272809 -31.3943353013849
-92.68701427913531 -7.405735421704027 -38.68733638787161
-90.60712263781858 -10.629220553737328 -37.52659278519072
-96.61348068876654 -5.168828390200336 -37.01204748443071
-94.77219041183629 -4.086312256085103 -39.7950165894428
-98.17355093180684 -5.990843027307013 -33.95304382237465
-90.59337372957768 -5.966424281401635 -41.19784836219173
-88.46861963463007 -9.058952572271213 -40.10192635386599
-92.71555948497644 -2.7906907609087015 -42.25018952886396
-96.8047770897163 -0.6192820512889157 -40.72673386261692
-94.79269582862067 0.5397796719335916 -43.15168064937816
-99.99655710981243 -2.403950894234585 -34.97923669221071
-98.56833679186411 -1.6064756347864533 -37.98824564298056
-95.99792249983405 -13.26385628061399 -27.952791893839247
-97.7066365203393 -9.926788330860349 -29.353434559263537
-99.38943139701894 -6.501717671547826 -30.66537987162876
-98.89296452876948 -9.902515343470728 -25.94167275162185
-100.34768003852247 -6.613726884043251 -27.35090129586867
-97.3716649282952 -13.14648360213663 -24.435844132410157
-101.00957463691662 -2.9923739214757132 -31.739792490736384
-101.71531396938569 -3.3082549103934142 -28.523016646494977
-101.12022740898632 -6.230591545930192 -24.20365644879233
-102.20481807346601 -3.2762591455774692 -25.57347687617498
-98.54105558779098 -12.430003061935812 -20.99698116526956
-99.89205710917247 -9.309520317399175 -22.64037056107366
-76.86169100322482 -4.263504547389754 -45.452028623668056
-79.34123886966366 -6.3503692274389625 -44.31459862109719
-74.56535203392787 -6.936529374346059 -44.54789591090795
-77.08062550250268 -9.124726209628644 -43.426646401454136
-81.74459608246913 -8.357467347808889 -42.97638078006865
-84.08820586491605 -10.29172272704304 -41.28299663751522
-79.52687028722754 -11.237514023888838 -42.07811053747357
-81.9211316822986 -13.273595217184951 -40.35005213815024
-74.731358225371 -11.881521960141763 -42.57471373785342
-77.23115621960592 -14.10595772356008 -41.203667398734126
-79.68244795378149 -16.241221195456486 -39.427556738259796
-74.821701519201 -16.943294973322114 -40.320213981522876
-77.32970020739532 -19.1794552982629 -38.47874413517455
-72.2602565042433 -14.599796916014748 -41.728947939362136
-72.1714825344232 -9.580756141650877 -43.69011579883733
-69.64393382544608 -12.17597366911632 -42.851926094562145
-69.08921695565387 -27.84743245650207 -35.132746365670656
-66.47363310458923 -25.266938523480462 -37.26813575521496
-63.13112558798449 -28.059547147377938 -36.00960908585469
-65.74587127133876 -30.757094707017735 -33.751761044497485
-63.749767473099105 -22.500056449313195 -38.89359325917203
-60.409622825383124 -25.134115968964554 -37.75233646549153
-69.4985595940345 -22.495144001208512 -38.38199662082937
-66.8108058497382 -19.880929028874917 -39.915297343398656
-72.09299111160722 -24.955105661906053 -36.35733534421158
-60.969463100127875 -19.63591955747707 -40.14819403769144
-57.64469047948556 -22.0984213689783 -39.10453747035695
-64.06394617900125 -17.177035991950873 -41.102610293900376
-69.63396801615752 -17.255871967865648 -40.85029800282798
-66.94883743764557 -14.698326584134913 -41.99498929776381
-74.81986907215763 -22.073529604739782 -37.463287952357554
-72.2629052895601 -19.72908785591227 -39.388740054054786
-53.97053894674402 -38.76520430450322 -28.324078485101793
-51.50445655906027 -35.95094642873419 -30.954024760915154
-48.97794771088754 -32.75825896407127 -33.17831457422748
-55.474877037313334 -33.57920683874006 -32.91361634769589
-52.88391095837811 -30.403054235657983 -34.98320625958465
-58.01019824013799 -36.41984961450521 -30.37799040070818
-46.383241795939426 -29.342334089636072 -35.05220988532997
-50.28542310905137 -27.05557737767653 -36.65443453794936
-56.74031955036543 -27.820387927212472 -36.4837917416347
-54.05963956283756 -24.610906807477072 -37.97908955190403
-61.994451586423715 -33.6931514399649 -32.18307634440614
-59.40757745449848 -30.89733347879023 -34.583891451705014
-96.15237803240129 -11.747767033054075 -3.105012598194221
-94.15241062236589 -14.562580481804565 -0.8070321483354197
-96.11474351784092 -14.91861543552761 -5.916840962439678
-94.13920708398504 -17.74164241351992 -3.785356723889676
-97.919476563151 -8.909931860089719 -5.440033849784873
-97.85341186773215 -12.05036952871607 -8.065936549530068
-95.6827340388497 -17.687549880060455 -9.02452068365911
-93.71745646422877 -20.50808432442388 -7.059441869974707
-94.88073730041361 -19.926453234068315 -12.433812746653537
-92.9037147251968 -22.754301759664244 -10.623297314749818
-97.40811043753476 -14.801330955068009 -10.986579378778154
-96.61672711926026 -17.016659348263833 -14.218738781044989
-99.3797603396883 -9.169864542257574 -10.25368561836269
-98.92200191817332 -11.880494508972351 -12.963880960927089
-98.14688848985276 -14.050577898662151 -15.997730153814803
-99.47895559408522 -6.081206911669861 -7.836066365285277
-86.55122615831068 -22.805053249614485 6.026783144464662
-83.4771775688576 -25.587470898863533 8.289363310018173
-86.56801892505368 -25.92518797744305 2.629959457821201
-83.46952179049933 -28.703803375403613 4.766988639001294
-89.35084172598161 -20.055305273181414 3.752564406625037
-89.37010342224157 -23.194611004002375 0.48618002769269375
-86.13935302142885 -28.62261326896782 -1.048517590763074
-83.01043796623675 -31.390638830312767 0.973230195344466
-85.24995651132748 -30.848534791729538 -4.9569420094272365
-82.07875754842414 -33.60516005117919 -3.0283636640813536
-88.95357138424662 -25.91388091371027 -3.0691014618437444
-88.09653549069988 -28.149243649486444 -6.876158038814586
-91.89122070324649 -20.481889816537752 -1.6526328537829573
-91.4758421396211 -23.227780165272193 -5.074304367851657
-90.64360191411781 -25.470946976798498 -8.76850567881752
-91.8842678595907 -17.31855088359335 1.4757921576187278
-72.30990644390498 -33.44125145163366 14.173976074705376
-72.11645995592933 -36.52788921500092 10.423080474230867
-76.38305123182734 -31.07868555240251 12.524453145646202
-76.25383226740881 -34.21485853746406 8.7973834917008
-71.49744800084768 -39.16171233611668 6.458674970735768
-70.45739541416349 -41.27679499928389 2.3534408385850356
-75.68117215892829 -36.89797076033416 4.833002658709157
-74.6532699179325 -39.06886694892976 0.7038416030632175
-80.04382166216888 -31.547734758935974 6.8749506381636865
-79.53108617365451 -34.241342877944156 2.975283951356612
-78.54600899274851 -36.443014850041976 -1.1115193692058976
-80.10541803490743 -28.41190022601921 10.517954907562453
-86.37972234463517 -12.149033467993931 -39.079443425283294
-88.58300160739356 -13.818339834611729 -36.442517647454345
-84.27091707914414 -15.220856637169804 -38.09250510348755
-86.54370849872733 -16.962837870533544 -35.38891326682368
-90.66365159431842 -15.185495924052416 -33.44638729054898
-92.5843934999863 -16.129060917137668 -30.152471847258504
-88.70509859414499 -18.376963932575283 -32.31470257654704
-90.7174251560501 -19.331686486260026 -28.928794362059175
-84.41960372995393 -20.058122982050122 -34.3168804758322
-86.6445729143218 -21.498356491357935 -31.152505128931804
-88.7256343338233 -22.44793954309584 -27.66656978165588
-84.40026368248311 -24.55279646787975 -29.90318223911984
-86.52340158088205 -25.48210141873973 -26.308829155213363
-82.14118506146318 -23.102747334287926 -33.175268840191194
-82.08832021373559 -18.264015890252185 -37.101259558859795
-79.77615476728906 -21.26994472466448 -36.0620396614256
-78.1602067413273 -34.239437410729984 -21.47900480226401
-76.03707320744043 -33.44441842858822 -25.40540266492812
-74.77827795287834 -37.07106096988832 -19.722364150814375
-72.65129594647561 -36.336747397585384 -23.716810664194515
-73.83737980979488 -32.03535662878305 -29.06225583106337
-70.46470050719701 -34.97602164262036 -27.462725239451924
-79.10851696949778 -30.506559027234715 -27.005962649383612
-76.88158338051521 -29.070433932620883 -30.54167058960045
-81.238040600403 -31.35547794547 -23.179535793609286
-71.53188133836825 -30.13283452485393 -32.34560754276321
-68.1763516313546 -33.085578260524976 -30.849999806975593
-74.54742392193906 -27.17983560118449 -33.69615205509728
-79.6383037375051 -26.09705455013772 -31.913474304391087
-77.27887387663097 -24.231770950323686 -34.9300183521275
-84.02526056569913 -28.440012776918735 -24.800266802927528
-81.89131861964144 -27.545724116680834 -28.5117511784482
-63.17265747223456 -44.367626248919684 -14.205401910795267
-60.98212140791514 -43.82185285385341 -18.110856429977847
-58.71655576693715 -42.701261221587586 -21.807588155210738
-64.98962085844119 -41.71972327089317 -20.0866172947207
-62.750440565538746 -40.51163922836762 -23.849385548987932
-67.17155154843338 -42.325943056136744 -16.103081935532465
-56.3782478030811 -41.011096637930905 -25.237219348119137
-60.43049971952947 -38.733363310364176 -27.312518627688913
-66.71919751872937 -37.88068203011215 -25.734313925945205
-64.42058062568772 -36.034043359216966 -29.183746462718755
-71.08066271250156 -39.84147700203832 -17.937736218167693
-68.92618920438204 -39.171132509294296 -21.952367353726384
-88.48022863341029 -25.751596881938127 -22.449737760934763
-90.62337306957002 -22.766493686394856 -23.90958586312807
-92.53824643675716 -19.6895982114289 -25.280159728247863
-92.30388679628116 -22.45287259627921 -20.02255876016728
-94.14489862934421 -19.434520565975216 -21.514576897491903
-90.22556206256773 -25.37639665385234 -18.45774743128319
-94.30381670409493 -16.521325358155604 -26.611298086712953
-95.81277949899265 -16.329204999554214 -22.97277614921876
-95.51455998299993 -18.550866804875408 -17.7783627828295
-97.10055152487969 -15.518707957840803 -19.385143834146824
-91.71754940976756 -24.375010052455437 -14.469549440328331
-93.73662033602872 -21.508754573246637 -16.149043993466133
-76.89309559728406 -37.09987842636759 -15.592423910172451
-80.24128580193684 -34.31292015304027 -17.390516462907776
-83.28264924886429 -31.491496621926984 -19.1539285295346
-82.18433535833043 -33.732516275446294 -13.216281843867879
-85.16262274273599 -30.96887774386288 -15.024990561993752
-78.89129368820183 -36.49445049902959 -11.385698012420917
-86.02956110277516 -28.645133641422934 -20.851925086184465
-87.84216752272198 -28.195836589962543 -16.78209410461982
-86.79787250981038 -29.842142621228895 -10.897035097395506
-89.40406016545954 -27.130076259687605 -12.712927160312862
-80.661627405001 -35.31656758878248 -7.17270322973094
-83.89122883182247 -32.562866435246306 -9.042198518733265
-65.28721808894575 -44.365196894073314 -10.15757947808336
-69.32226126488118 -42.3264174093439 -11.981478969779761
-67.25890695757661 -43.85019362841429 -6.010823218778672
-71.35481926444001 -41.77233947152846 -7.76654071011806
-73.22668950157531 -39.85070209891388 -13.791854144042764
-75.2631589583693 -39.26166260360989 -9.56314983674122
-73.1702738458213 -40.68913259204233 -3.516874480333504
-77.07891350753646 -38.12017545472819 -5.3135977318443315
-69.01237830076268 -42.82980379962703 -1.8209121334858127
POLYGONS 11616 46464
3 0 1 2
3 1 3 2
3 1 4 3
3 4 5 3
3 6 7 1
3 7 4 1
3 8 6 0
3 6 1 0
3 4 9 10
3 4 10 5
3 9 11 12
3 9 12 10
3 13 14 11
3 13 11 9
3 7 13 9
3 7 9 4
3 15 16 13
3 15 13 7
3 16 17 14
3 16 14 13
3 18 19 17
3 18 17 16
3 20 18 16
3 20 16 15
3 21 22 8
3 22 6 8
3 22 15 6
3 15 7 6
3 23 20 22
3 20 15 22
3 24 23 21
3 23 22 21
3 25 26 27
3 26 28 27
3 26 29 28
3 29 30 28
3 31 32 26
3 32 29 26
3 33 31 25
3 31 26 25
3 29 34 30
3 34 35 30
3 34 36 35
3 36 37 35
3 38 39 34
3 39 36 34
3 32 38 29
3 38 34 29
3 40 41 32
3 41 38 32
3 41 42 38
3 42 39 38
3 43 44 41
3 44 42 41
3 45 43 40
3 43 41 40
3 46 47 33
3 47 31 33
3 47 40 31
3 40 32 31
3 48 45 47
3 45 40 47
3 49 48 46
3 48 47 46
3 50 51 52
3 51 53 52
3 51 54 53
3 54 55 53
3 56 57 51
3 57 54 51
3 58 56 50
3 56 51 50
3 54 59 55
3 59 60 55
3 59 61 60
3 61 62 60
3 63 64 59
3 64 61 59
3 57 63 54
3 63 59 54
3 65 66 63
3 65 63 57
3 66 67 63
3 67 64 63
3 68 69 67
3 68 67 66
3 70 68 66
3 70 66 65
3 71 72 56
3 71 56 58
3 72 65 57
3 72 57 56
3 73 70 65
3 73 65 72
3 74 73 72
3 74 72 71
3 68 75 69
3 75 76 69
3 75 77 76
3 77 78 76
3 79 80 75
3 80 77 75
3 70 79 68
3 79 75 68
3 77 81 78
3 81 82 78
3 81 25 82
3 25 27 82
3 83 33 81
3 33 25 81
3 80 83 77
3 83 81 77
3 84 85 80
3 85 83 80
3 85 46 83
3 46 33 83
3 86 49 85
3 49 46 85
3 87 86 84
3 86 85 84
3 73 88 70
3 88 79 70
3 88 84 79
3 84 80 79
3 89 87 88
3 87 84 88
3 74 89 73
3 89 88 73
3 90 91 92
3 90 92 93
3 91 94 95
3 91 95 92
3 96 97 94
3 96 94 91
3 98 96 91
3 98 91 90
3 94 99 100
3 94 100 95
3 99 60 62
3 99 62 100
3 101 55 60
3 101 60 99
3 97 101 99
3 97 99 94
3 102 103 101
3 102 101 97
3 103 53 55
3 103 55 101
3 104 52 53
3 104 53 103
3 105 104 103
3 105 103 102
3 106 107 96
3 106 96 98
3 107 102 97
3 107 97 96
3 108 105 102
3 108 102 107
3 109 108 107
3 109 107 106
3 110 111 69
3 111 67 69
3 111 112 64
3 111 64 67
3 113 114 112
3 113 112 111
3 115 113 111
3 115 111 110
3 112 116 61
3 112 61 64
3 116 117 62
3 116 62 61
3 118 119 117
3 118 117 116
3 114 118 116
3 114 116 112
3 120 121 118
3 120 118 114
3 121 122 119
3 121 119 118
3 123 124 122
3 123 122 121
3 125 123 121
3 125 121 120
3 126 127 113
3 126 113 115
3 127 120 114
3 127 114 113
3 128 125 120
3 128 120 127
3 129 128 127
3 129 127 126
3 130 131 27
3 131 82 27
3 131 132 82
3 132 78 82
3 133 134 131
3 134 132 131
3 135 133 130
3 133 131 130
3 132 136 78
3 136 76 78
3 136 110 76
3 110 69 76
3 137 115 136
3 115 110 136
3 134 137 132
3 137 136 132
3 138 139 134
3 139 137 134
3 139 126 137
3 126 115 137
3 140 129 126
3 140 126 139
3 141 140 139
3 141 139 138
3 142 143 135
3 143 133 135
3 143 138 133
3 138 134 133
3 144 141 143
3 141 138 143
3 145 144 142
3 144 143 142
3 146 147 37
3 147 35 37
3 147 148 35
3 148 30 35
3 149 150 147
3 150 148 147
3 151 149 146
3 149 147 146
3 148 152 30
3 152 28 30
3 152 130 28
3 130 27 28
3 153 135 152
3 135 130 152
3 150 153 148
3 153 152 148
3 154 155 150
3 155 153 150
3 155 142 153
3 142 135 153
3 156 145 155
3 145 142 155
3 157 156 154
3 156 155 154
3 158 159 151
3 159 149 151
3 159 154 149
3 154 150 149
3 160 157 159
3 157 154 159
3 161 160 158
3 160 159 158
3 162 163 124
3 163 122 124
3 163 164 122
3 164 119 122
3 165 166 163
3 166 164 163
3 167 165 162
3 165 163 162
3 164 168 119
3 168 117 119
3 168 100 117
3 100 62 117
3 169 95 168
3 95 100 168
3 166 169 164
3 169 168 164
3 170 171 166
3 171 169 166
3 171 92 169
3 92 95 169
3 172 93 171
3 93 92 171
3 173 172 170
3 172 171 170
3 174 175 167
3 175 165 167
3 175 170 165
3 170 166 165
3 176 173 175
3 173 170 175
3 177 176 174
3 176 175 174
3 178 179 146
3 178 146 37
3 179 180 151
3 179 151 146
3 181 182 180
3 181 180 179
3 183 181 179
3 183 179 178
3 180 184 158
3 180 158 151
3 184 185 161
3 184 161 158
3 186 187 185
3 186 185 184
3 182 186 184
3 182 184 180
3 188 189 186
3 188 186 182
3 189 190 187
3 189 187 186
3 191 192 190
3 191 190 189
3 193 191 189
3 193 189 188
3 194 195 181
3 194 181 183
3 195 188 182
3 195 182 181
3 196 193 188
3 196 188 195
3 197 196 195
3 197 195 194
3 198 199 42
3 198 42 44
3 199 200 39
3 199 39 42
3 201 202 200
3 201 200 199
3 203 201 199
3 203 199 198
3 200 204 36
3 200 36 39
3 204 178 37
3 204 37 36
3 205 183 178
3 205 178 204
3 202 205 204
3 202 204 200
3 206 207 205
3 206 205 202
3 207 194 183
3 207 183 205
3 208 197 194
3 208 194 207
3 209 208 207
3 209 207 206
3 210 211 201
3 210 201 203
3 211 206 202
3 211 202 201
3 212 209 206
3 212 206 211
3 213 212 211
3 213 211 210
3 214 215 216
3 214 216 217
3 215 218 219
3 215 219 216
3 220 221 218
3 220 218 215
3 222 220 215
3 222 215 214
3 218 223 224
3 218 224 219
3 223 176 177
3 223 177 224
3 225 173 176
3 225 176 223
3 221 225 223
3 221 223 218
3 226 227 225
3 226 225 221
3 227 172 173
3 227 173 225
3 228 93 172
3 228 172 227
3 229 228 227
3 229 227 226
3 230 231 220
3 230 220 222
3 231 226 221
3 231 221 220
3 232 229 226
3 232 226 231
3 233 232 231
3 233 231 230
3 234 235 232
3 234 232 233
3 235 236 229
3 235 229 232
3 237 238 236
3 237 236 235
3 239 237 235
3 239 235 234
3 236 240 228
3 236 228 229
3 240 90 93
3 240 93 228
3 241 98 90
3 241 90 240
3 238 241 240
3 238 240 236
3 242 243 241
3 242 241 238
3 243 106 98
3 243 98 241
3 244 109 106
3 244 106 243
3 245 244 243
3 245 243 242
3 246 247 237
3 246 237 239
3 247 242 238
3 247 238 237
3 248 245 242
3 248 242 247
3 249 248 247
3 249 247 246
3 250 251 74
3 251 89 74
3 251 252 89
3 252 87 89
3 253 254 251
3 254 252 251
3 255 253 250
3 253 251 250
3 252 256 87
3 256 86 87
3 256 257 86
3 257 49 86
3 258 259 256
3 259 257 256
3 254 258 252
3 258 256 252
3 260 261 254
3 261 258 254
3 261 262 258
3 262 259 258
3 263 264 261
3 264 262 261
3 265 263 260
3 263 261 260
3 266 267 255
3 267 253 255
3 267 260 253
3 260 254 253
3 268 265 267
3 265 260 267
3 269 268 266
3 268 267 266
3 270 271 50
3 270 50 52
3 271 272 58
3 271 58 50
3 273 274 272
3 273 272 271
3 275 273 271
3 275 271 270
3 272 276 58
3 276 71 58
3 276 250 71
3 250 74 71
3 277 255 276
3 255 250 276
3 274 277 272
3 277 276 272
3 278 279 274
3 279 277 274
3 279 266 277
3 266 255 277
3 280 269 279
3 269 266 279
3 281 280 278
3 280 279 278
3 282 283 273
3 282 273 275
3 283 278 273
3 278 274 273
3 284 281 283
3 281 278 283
3 285 284 283
3 285 283 282
3 286 287 262
3 286 262 264
3 287 288 259
3 287 259 262
3 289 290 288
3 289 288 287
3 291 289 287
3 291 287 286
3 288 292 257
3 288 257 259
3 292 48 49
3 292 49 257
3 293 45 48
3 293 48 292
3 290 293 292
3 290 292 288
3 294 295 293
3 294 293 290
3 295 43 45
3 295 45 293
3 296 44 43
3 296 43 295
3 297 296 295
3 297 295 294
3 298 299 289
3 298 289 291
3 299 294 290
3 299 290 289
3 300 297 294
3 300 294 299
3 301 300 299
3 301 299 298
3 302 303 108
3 302 108 109
3 303 304 105
3 303 105 108
3 305 306 304
3 305 304 303
3 307 305 303
3 307 303 302
3 304 308 104
3 304 104 105
3 308 270 52
3 308 52 104
3 309 275 270
3 309 270 308
3 306 309 308
3 306 308 304
3 310 311 309
3 310 309 306
3 311 282 275
3 311 275 309
3 312 285 282
3 312 282 311
3 313 312 311
3 313 311 310
3 314 315 305
3 314 305 307
3 315 310 306
3 315 306 305
3 316 313 310
3 316 310 315
3 317 316 315
3 317 315 314
3 318 319 320
3 319 321 320
3 319 322 321
3 322 323 321
3 324 325 319
3 325 322 319
3 326 324 318
3 324 319 318
3 322 327 323
3 327 328 323
3 327 300 328
3 300 301 328
3 329 297 327
3 297 300 327
3 325 329 322
3 329 327 322
3 330 331 325
3 331 329 325
3 331 296 329
3 296 297 329
3 198 44 331
3 44 296 331
3 203 198 330
3 198 331 330
3 332 333 326
3 333 324 326
3 333 330 324
3 330 325 324
3 210 203 333
3 203 330 333
3 213 210 332
3 210 333 332
3 244 334 109
3 334 302 109
3 334 335 302
3 335 307 302
3 336 337 334
3 337 335 334
3 245 336 244
3 336 334 244
3 335 338 307
3 338 314 307
3 338 339 314
3 339 317 314
3 340 341 339
3 340 339 338
3 337 340 335
3 340 338 335
3 342 343 337
3 343 340 337
3 343 344 341
3 343 341 340
3 345 346 344
3 345 344 343
3 347 345 342
3 345 343 342
3 248 348 245
3 348 336 245
3 348 342 336
3 342 337 336
3 349 347 348
3 347 342 348
3 249 349 248
3 349 348 248
3 339 350 351
3 339 351 317
3 350 352 353
3 350 353 351
3 354 355 352
3 354 352 350
3 341 354 350
3 341 350 339
3 352 356 357
3 352 357 353
3 356 358 359
3 356 359 357
3 360 361 358
3 360 358 356
3 355 360 356
3 355 356 352
3 362 363 360
3 362 360 355
3 363 364 361
3 363 361 360
3 365 366 364
3 365 364 363
3 367 365 363
3 367 363 362
3 344 368 354
3 344 354 341
3 368 362 355
3 368 355 354
3 369 367 362
3 369 362 368
3 346 369 368
3 346 368 344
3 370 371 372
3 370 372 373
3 371 374 375
3 371 375 372
3 376 377 374
3 376 374 371
3 378 376 371
3 378 371 370
3 374 379 380
3 374 380 375
3 379 284 285
3 379 285 380
3 381 281 284
3 381 284 379
3 377 381 379
3 377 379 374
3 382 383 381
3 382 381 377
3 383 280 281
3 383 281 381
3 384 269 280
3 384 280 383
3 385 384 383
3 385 383 382
3 386 387 376
3 386 376 378
3 387 382 377
3 387 377 376
3 388 385 382
3 388 382 387
3 2 388 387
3 2 387 386
3 351 389 316
3 351 316 317
3 389 390 313
3 389 313 316
3 391 392 390
3 391 390 389
3 353 391 389
3 353 389 351
3 390 393 312
3 390 312 313
3 393 380 285
3 393 285 312
3 394 375 380
3 394 380 393
3 392 394 393
3 392 393 390
3 395 396 394
3 395 394 392
3 396 372 375
3 396 375 394
3 397 373 372
3 397 372 396
3 398 397 396
3 398 396 395
3 357 399 391
3 357 391 353
3 399 395 392
3 399 392 391
3 400 398 395
3 400 395 399
3 359 400 399
3 359 399 357
3 384 401 269
3 401 268 269
3 401 402 268
3 402 265 268
3 403 404 401
3 404 402 401
3 385 403 384
3 403 401 384
3 402 405 265
3 405 263 265
3 405 406 263
3 406 264 263
3 407 408 405
3 408 406 405
3 404 407 402
3 407 405 402
3 409 410 404
3 410 407 404
3 410 411 407
3 411 408 407
3 10 12 410
3 12 411 410
3 5 10 409
3 10 410 409
3 388 412 385
3 412 403 385
3 412 409 403
3 409 404 403
3 3 5 412
3 5 409 412
3 2 3 388
3 3 412 388
3 413 414 411
3 413 411 12
3 414 415 408
3 414 408 411
3 416 417 415
3 416 415 414
3 418 416 414
3 418 414 413
3 415 419 406
3 415 406 408
3 419 286 264
3 419 264 406
3 420 291 286
3 420 286 419
3 417 420 419
3 417 419 415
3 421 422 420
3 421 420 417
3 422 298 291
3 422 291 420
3 423 301 298
3 423 298 422
3 424 423 422
3 424 422 421
3 425 426 416
3 425 416 418
3 426 421 417
3 426 417 416
3 427 424 421
3 427 421 426
3 428 427 426
3 428 426 425
3 429 430 427
3 429 427 428
3 430 431 424
3 430 424 427
3 432 433 431
3 432 431 430
3 434 432 430
3 434 430 429
3 431 435 423
3 431 423 424
3 435 328 301
3 435 301 423
3 436 323 328
3 436 328 435
3 433 436 435
3 433 435 431
3 437 438 436
3 437 436 433
3 438 321 323
3 438 323 436
3 439 320 321
3 439 321 438
3 440 439 438
3 440 438 437
3 441 442 432
3 441 432 434
3 442 437 433
3 442 433 432
3 443 440 437
3 443 437 442
3 444 443 442
3 444 442 441
3 358 445 400
3 358 400 359
3 445 446 398
3 445 398 400
3 447 448 446
3 447 446 445
3 361 447 445
3 361 445 358
3 446 449 397
3 446 397 398
3 449 450 373
3 449 373 397
3 451 452 450
3 451 450 449
3 448 451 449
3 448 449 446
3 453 454 451
3 453 451 448
3 454 455 452
3 454 452 451
3 456 457 455
3 456 455 454
3 458 456 454
3 458 454 453
3 364 459 447
3 364 447 361
3 459 453 448
3 459 448 447
3 460 458 453
3 460 453 459
3 366 460 459
3 366 459 364
3 450 461 373
3 461 370 373
3 461 462 370
3 462 378 370
3 463 464 461
3 464 462 461
3 452 463 450
3 463 461 450
3 462 465 378
3 465 386 378
3 465 0 386
3 0 2 386
3 466 8 465
3 8 0 465
3 464 466 462
3 466 465 462
3 467 468 464
3 468 466 464
3 468 21 466
3 21 8 466
3 469 24 468
3 24 21 468
3 470 469 467
3 469 468 467
3 455 471 452
3 471 463 452
3 471 467 463
3 467 464 463
3 472 470 471
3 470 467 471
3 457 472 455
3 472 471 455
3 11 473 413
3 11 413 12
3 473 474 413
3 474 418 413
3 475 476 474
3 475 474 473
3 14 475 473
3 14 473 11
3 474 477 418
3 477 425 418
3 477 429 428
3 477 428 425
3 478 434 429
3 478 429 477
3 476 478 477
3 476 477 474
3 479 480 478
3 479 478 476
3 480 441 434
3 480 434 478
3 481 444 441
3 481 441 480
3 482 481 480
3 482 480 479
3 17 483 475
3 17 475 14
3 483 479 476
3 483 476 475
3 484 482 479
3 484 479 483
3 19 484 483
3 19 483 17
3 485 486 487
3 486 488 487
3 486 489 488
3 489 490 488
3 491 492 486
3 492 489 486
3 493 491 485
3 491 486 485
3 489 494 490
3 494 495 490
3 494 496 495
3 496 497 495
3 498 499 494
3 499 496 494
3 492 498 489
3 498 494 489
3 500 501 492
3 501 498 492
3 501 502 498
3 502 499 498
3 503 504 501
3 504 502 501
3 505 503 500
3 503 501 500
3 506 507 493
3 507 491 493
3 507 500 491
3 500 492 491
3 508 505 507
3 505 500 507
3 509 508 506
3 508 507 506
3 510 511 128
3 510 128 129
3 511 512 125
3 511 125 128
3 513 514 512
3 513 512 511
3 515 513 511
3 515 511 510
3 512 516 123
3 512 123 125
3 516 517 124
3 516 124 123
3 518 519 517
3 518 517 516
3 514 518 516
3 514 516 512
3 520 521 518
3 520 518 514
3 521 522 519
3 521 519 518
3 502 504 522
3 502 522 521
3 499 502 521
3 499 521 520
3 523 524 513
3 523 513 515
3 524 520 514
3 524 514 513
3 496 499 520
3 496 520 524
3 497 496 524
3 497 524 523
3 525 526 504
3 526 522 504
3 526 527 522
3 527 519 522
3 528 529 526
3 529 527 526
3 530 528 525
3 528 526 525
3 527 531 519
3 531 517 519
3 531 162 517
3 162 124 517
3 532 167 531
3 167 162 531
3 529 532 527
3 532 531 527
3 533 534 529
3 534 532 529
3 534 174 532
3 174 167 532
3 535 177 534
3 177 174 534
3 536 535 533
3 535 534 533
3 537 538 530
3 538 528 530
3 538 533 528
3 533 529 528
3 539 536 538
3 536 533 538
3 540 539 537
3 539 538 537
3 541 542 543
3 542 544 543
3 542 545 546
3 542 546 544
3 547 548 545
3 547 545 542
3 549 547 542
3 549 542 541
3 545 550 551
3 545 551 546
3 550 508 509
3 550 509 551
3 552 505 508
3 552 508 550
3 548 552 550
3 548 550 545
3 553 554 552
3 553 552 548
3 554 503 505
3 554 505 552
3 525 504 503
3 525 503 554
3 530 525 554
3 530 554 553
3 555 556 547
3 555 547 549
3 556 553 548
3 556 548 547
3 537 530 553
3 537 553 556
3 540 537 556
3 540 556 555
3 557 558 144
3 557 144 145
3 558 559 141
3 558 141 144
3 560 561 559
3 560 559 558
3 562 560 558
3 562 558 557
3 559 563 140
3 559 140 141
3 563 510 129
3 563 129 140
3 564 515 510
3 564 510 563
3 561 564 563
3 561 563 559
3 565 566 564
3 565 564 561
3 566 523 515
3 566 515 564
3 567 497 523
3 567 523 566
3 568 567 566
3 568 566 565
3 569 570 560
3 569 560 562
3 570 565 561
3 570 561 560
3 571 568 565
3 571 565 570
3 572 571 570
3 572 570 569
3 573 574 575
3 574 576 575
3 574 577 576
3 577 578 576
3 579 580 574
3 580 577 574
3 581 579 573
3 579 574 573
3 577 582 578
3 582 583 578
3 582 571 583
3 571 572 583
3 584 568 582
3 568 571 582
3 580 584 577
3 584 582 577
3 585 586 580
3 586 584 580
3 586 567 584
3 567 568 584
3 495 497 586
3 497 567 586
3 490 495 585
3 495 586 585
3 587 588 581
3 588 579 581
3 588 585 579
3 585 580 579
3 488 490 588
3 490 585 588
3 487 488 587
3 488 588 587
3 589 590 160
3 589 160 161
3 590 591 157
3 590 157 160
3 592 593 591
3 592 591 590
3 594 592 590
3 594 590 589
3 591 595 156
3 591 156 157
3 595 557 145
3 595 145 156
3 596 562 557
3 596 557 595
3 593 596 595
3 593 595 591
3 597 598 596
3 597 596 593
3 598 569 562
3 598 562 596
3 599 572 569
3 599 569 598
3 600 599 598
3 600 598 597
3 601 602 592
3 601 592 594
3 602 597 593
3 602 593 592
3 603 600 597
3 603 597 602
3 604 603 602
3 604 602 601
3 605 606 607
3 606 608 607
3 606 609 608
3 609 610 608
3 611 612 606
3 612 609 606
3 613 611 605
3 611 606 605
3 609 614 610
3 614 615 610
3 614 603 615
3 603 604 615
3 616 600 614
3 600 603 614
3 612 616 609
3 616 614 609
3 617 618 612
3 618 616 612
3 618 599 616
3 599 600 616
3 583 572 618
3 572 599 618
3 578 583 617
3 583 618 617
3 619 620 613
3 620 611 613
3 620 617 611
3 617 612 611
3 576 578 620
3 578 617 620
3 575 576 619
3 576 620 619
3 621 622 623
3 622 624 623
3 622 625 624
3 625 626 624
3 627 628 622
3 628 625 622
3 629 627 622
3 629 622 621
3 625 630 626
3 630 631 626
3 630 485 631
3 485 487 631
3 632 493 630
3 493 485 630
3 628 632 625
3 632 630 625
3 633 634 628
3 634 632 628
3 634 506 632
3 506 493 632
3 635 509 634
3 509 506 634
3 636 635 633
3 635 634 633
3 637 638 627
3 637 627 629
3 638 633 628
3 638 628 627
3 639 636 633
3 639 633 638
3 640 639 638
3 640 638 637
3 185 641 161
3 641 589 161
3 641 642 589
3 642 594 589
3 643 644 641
3 644 642 641
3 187 643 185
3 643 641 185
3 642 645 594
3 645 601 594
3 645 646 601
3 646 604 601
3 647 648 645
3 648 646 645
3 644 647 642
3 647 645 642
3 649 650 644
3 650 647 644
3 650 651 647
3 651 648 647
3 652 653 650
3 653 651 650
3 654 652 649
3 652 650 649
3 190 655 643
3 190 643 187
3 655 649 643
3 649 644 643
3 656 654 655
3 654 649 655
3 192 656 655
3 192 655 190
3 646 657 604
3 657 615 604
3 657 658 615
3 658 610 615
3 659 660 657
3 660 658 657
3 648 659 646
3 659 657 646
3 658 661 610
3 661 608 610
3 661 662 608
3 662 607 608
3 663 664 661
3 664 662 661
3 660 663 658
3 663 661 658
3 665 666 660
3 666 663 660
3 666 667 663
3 667 664 663
3 668 669 666
3 669 667 666
3 670 668 665
3 668 666 665
3 651 671 648
3 671 659 648
3 671 665 659
3 665 660 659
3 672 670 671
3 670 665 671
3 653 672 651
3 672 671 651
3 662 673 607
3 673 605 607
3 673 674 613
3 673 613 605
3 675 676 673
3 676 674 673
3 664 675 662
3 675 673 662
3 674 677 619
3 674 619 613
3 677 678 575
3 677 575 619
3 679 680 678
3 679 678 677
3 676 679 677
3 676 677 674
3 681 682 679
3 681 679 676
3 682 683 680
3 682 680 679
3 684 685 683
3 684 683 682
3 686 684 682
3 686 682 681
3 667 687 664
3 687 675 664
3 687 681 675
3 681 676 675
3 688 686 687
3 686 681 687
3 669 688 667
3 688 687 667
3 678 689 573
3 678 573 575
3 689 690 581
3 689 581 573
3 691 692 690
3 691 690 689
3 680 691 689
3 680 689 678
3 690 693 587
3 690 587 581
3 693 631 487
3 693 487 587
3 694 626 631
3 694 631 693
3 692 694 693
3 692 693 690
3 695 696 694
3 695 694 692
3 696 624 626
3 696 626 694
3 697 623 624
3 697 624 696
3 698 697 696
3 698 696 695
3 683 699 691
3 683 691 680
3 699 695 692
3 699 692 691
3 700 698 695
3 700 695 699
3 685 700 699
3 685 699 683
3 635 701 551
3 635 551 509
3 701 702 546
3 701 546 551
3 703 704 702
3 703 702 701
3 636 703 701
3 636 701 635
3 702 705 544
3 702 544 546
3 705 706 543
3 705 543 544
3 707 708 706
3 707 706 705
3 704 707 705
3 704 705 702
3 709 710 707
3 709 707 704
3 710 711 708
3 710 708 707
3 712 713 711
3 712 711 710
3 714 712 710
3 714 710 709
3 639 715 703
3 639 703 636
3 715 709 704
3 715 704 703
3 716 714 709
3 716 709 715
3 640 716 639
3 716 715 639
3 706 717 543
3 717 541 543
3 717 718 541
3 718 549 541
3 719 720 717
3 720 718 717
3 708 719 717
3 708 717 706
3 718 721 549
3 721 555 549
3 721 722 555
3 722 540 555
3 723 724 721
3 724 722 721
3 720 723 718
3 723 721 718
3 725 726 720
3 726 723 720
3 726 727 723
3 727 724 723
3 728 729 726
3 729 727 726
3 730 728 726
3 730 726 725
3 711 731 719
3 711 719 708
3 731 725 720
3 731 720 719
3 732 730 725
3 732 725 731
3 713 732 731
3 713 731 711
3 722 733 540
3 733 539 540
3 733 734 539
3 734 536 539
3 735 736 733
3 736 734 733
3 724 735 722
3 735 733 722
3 734 737 536
3 737 535 536
3 737 224 535
3 224 177 535
3 738 219 737
3 219 224 737
3 736 738 734
3 738 737 734
3 739 740 736
3 740 738 736
3 740 216 738
3 216 219 738
3 741 217 740
3 217 216 740
3 742 741 739
3 741 740 739
3 727 743 724
3 743 735 724
3 743 739 735
3 739 736 735
3 744 742 743
3 742 739 743
3 729 744 727
3 744 743 727
3 745 746 747
3 747 746 748
3 747 748 749
3 749 748 750
3 751 747 752
3 752 747 749
3 753 745 751
3 751 745 747
3 749 750 754
3 754 750 755
3 754 755 756
3 756 755 757
3 758 754 759
3 759 754 756
3 752 749 758
3 758 749 754
3 760 752 761
3 761 752 758
3 761 758 762
3 762 758 759
3 688 761 669
3 669 761 762
3 686 760 688
3 688 760 761
3 763 753 764
3 764 753 751
3 764 751 760
3 760 751 752
3 684 764 686
3 686 764 760
3 685 763 684
3 684 763 764
3 765 766 763
3 765 763 685
3 766 767 753
3 766 753 763
3 768 769 767
3 768 767 766
3 770 768 766
3 770 766 765
3 767 771 753
3 771 745 753
3 771 772 745
3 772 746 745
3 773 774 771
3 774 772 771
3 769 773 767
3 773 771 767
3 775 776 769
3 776 773 769
3 776 777 773
3 777 774 773
3 778 779 776
3 779 777 776
3 780 778 775
3 778 776 775
3 781 782 768
3 781 768 770
3 782 775 769
3 782 769 768
3 783 780 782
3 780 775 782
3 784 783 781
3 783 782 781
3 785 757 786
3 786 757 755
3 786 755 787
3 787 755 750
3 788 786 789
3 789 786 787
3 790 785 788
3 788 785 786
3 787 750 791
3 791 750 748
3 791 748 792
3 792 748 746
3 793 791 794
3 794 791 792
3 789 787 793
3 793 787 791
3 795 789 796
3 796 789 793
3 796 793 797
3 797 793 794
3 798 796 799
3 799 796 797
3 800 795 798
3 798 795 796
3 801 790 802
3 802 790 788
3 802 788 795
3 795 788 789
3 803 802 800
3 800 802 795
3 804 801 803
3 803 801 802
3 805 797 806
3 805 799 797
3 806 794 807
3 806 797 794
3 808 807 809
3 808 806 807
3 810 806 808
3 810 805 806
3 807 792 811
3 807 794 792
3 811 746 772
3 811 792 746
3 812 772 774
3 812 811 772
3 809 811 812
3 809 807 811
3 813 812 814
3 813 809 812
3 814 774 777
3 814 812 774
3 815 777 779
3 815 814 777
3 816 814 815
3 816 813 814
3 817 808 818
3 817 810 808
3 818 809 813
3 818 808 809
3 819 813 816
3 819 818 813
3 820 818 819
3 820 817 818
3 821 822 823
3 822 824 823
3 822 825 824
3 825 826 824
3 827 828 822
3 828 825 822
3 829 827 821
3 827 822 821
3 825 830 826
3 830 831 826
3 830 832 831
3 832 833 831
3 834 835 830
3 835 832 830
3 828 834 825
3 834 830 825
3 836 837 828
3 837 834 828
3 837 838 834
3 838 835 834
3 839 840 837
3 840 838 837
3 841 839 836
3 839 837 836
3 842 843 829
3 843 827 829
3 843 836 827
3 836 828 827
3 844 841 843
3 841 836 843
3 845 844 842
3 844 843 842
3 846 847 848
3 847 849 848
3 847 850 849
3 850 851 849
3 852 853 847
3 853 850 847
3 854 852 846
3 852 847 846
3 850 855 851
3 855 856 851
3 855 857 856
3 857 858 856
3 859 860 855
3 860 857 855
3 853 859 850
3 859 855 850
3 861 862 853
3 862 859 853
3 862 863 859
3 863 860 859
3 844 845 862
3 845 863 862
3 841 844 861
3 844 862 861
3 864 865 854
3 865 852 854
3 865 861 852
3 861 853 852
3 839 841 865
3 841 861 865
3 840 839 864
3 839 865 864
3 864 866 840
3 866 838 840
3 866 867 835
3 866 835 838
3 868 869 866
3 869 867 866
3 854 868 864
3 868 866 864
3 867 870 835
3 870 832 835
3 870 871 832
3 871 833 832
3 872 873 870
3 873 871 870
3 869 872 867
3 872 870 867
3 874 875 869
3 875 872 869
3 875 876 872
3 876 873 872
3 877 878 875
3 878 876 875
3 879 877 874
3 877 875 874
3 846 880 854
3 880 868 854
3 880 874 868
3 874 869 868
3 881 879 880
3 879 874 880
3 848 881 846
3 881 880 846
3 882 883 884
3 883 885 884
3 883 886 885
3 886 887 885
3 888 889 883
3 889 886 883
3 890 888 882
3 888 883 882
3 886 891 887
3 891 892 887
3 891 893 892
3 893 894 892
3 895 896 891
3 896 893 891
3 889 895 886
3 895 891 886
3 897 898 889
3 898 895 889
3 898 899 895
3 899 896 895
3 900 901 898
3 901 899 898
3 902 900 897
3 900 898 897
3 903 904 890
3 904 888 890
3 904 897 888
3 897 889 888
3 905 902 904
3 902 897 904
3 906 905 903
3 905 904 903
3 885 907 908
3 885 908 884
3 907 909 910
3 907 910 908
3 911 912 909
3 911 909 907
3 887 911 907
3 887 907 885
3 909 913 914
3 909 914 910
3 913 915 916
3 913 916 914
3 917 918 915
3 917 915 913
3 912 917 913
3 912 913 909
3 919 920 917
3 919 917 912
3 920 921 918
3 920 918 917
3 922 923 921
3 922 921 920
3 924 922 920
3 924 920 919
3 892 925 911
3 892 911 887
3 925 919 912
3 925 912 911
3 926 924 919
3 926 919 925
3 894 926 925
3 894 925 892
3 927 928 929
3 927 929 930
3 928 931 932
3 928 932 929
3 933 934 931
3 933 931 928
3 935 933 928
3 935 928 927
3 931 936 937
3 931 937 932
3 936 938 939
3 936 939 937
3 940 941 938
3 940 938 936
3 934 940 936
3 934 936 931
3 942 943 940
3 942 940 934
3 943 944 941
3 943 941 940
3 741 217 944
3 741 944 943
3 742 741 943
3 742 943 942
3 945 946 933
3 945 933 935
3 946 942 934
3 946 934 933
3 744 742 942
3 744 942 946
3 729 744 946
3 729 946 945
3 947 948 949
3 947 949 950
3 948 951 952
3 948 952 949
3 953 954 951
3 953 951 948
3 955 953 948
3 955 948 947
3 951 956 957
3 951 957 952
3 956 927 930
3 956 930 957
3 958 935 927
3 958 927 956
3 954 958 956
3 954 956 951
3 959 960 958
3 959 958 954
3 960 945 935
3 960 935 958
3 961 729 945
3 961 945 960
3 962 961 960
3 962 960 959
3 963 964 953
3 963 953 955
3 964 959 954
3 964 954 953
3 965 962 959
3 965 959 964
3 966 965 964
3 966 964 963
3 967 968 779
3 968 815 779
3 968 969 815
3 969 816 815
3 970 971 968
3 971 969 968
3 972 970 967
3 970 968 967
3 969 973 816
3 973 819 816
3 973 974 819
3 974 820 819
3 975 976 973
3 976 974 973
3 971 975 969
3 975 973 969
3 977 978 971
3 978 975 971
3 978 979 976
3 978 976 975
3 899 901 979
3 899 979 978
3 896 899 978
3 896 978 977
3 980 981 972
3 981 970 972
3 981 977 970
3 977 971 970
3 893 896 977
3 893 977 981
3 894 893 980
3 893 981 980
3 982 983 984
3 982 984 985
3 983 986 987
3 983 987 984
3 988 989 986
3 988 986 983
3 990 988 983
3 990 983 982
3 986 991 992
3 986 992 987
3 991 783 784
3 991 784 992
3 993 780 783
3 993 783 991
3 989 993 991
3 989 991 986
3 994 995 993
3 994 993 989
3 995 778 780
3 995 780 993
3 967 779 778
3 967 778 995
3 972 967 995
3 972 995 994
3 996 997 988
3 996 988 990
3 997 994 989
3 997 989 988
3 980 972 994
3 980 994 997
3 894 980 997
3 894 997 996
3 998 999 1000
3 998 1000 1001
3 999 1002 1003
3 999 1003 1000
3 1004 1005 999
3 1005 1002 999
3 1006 1004 998
3 1004 999 998
3 1002 1007 1003
3 1007 1008 1003
3 1007 992 1008
3 992 784 1008
3 1009 987 1007
3 987 992 1007
3 1005 1009 1002
3 1009 1007 1002
3 1010 1011 1005
3 1011 1009 1005
3 1011 984 1009
3 984 987 1009
3 1012 985 1011
3 985 984 1011
3 1013 1012 1010
3 1012 1011 1010
3 1014 1015 1006
3 1015 1004 1006
3 1015 1010 1004
3 1010 1005 1004
3 1016 1013 1015
3 1013 1010 1015
3 1017 1016 1014
3 1016 1015 1014
3 1012 1018 1019
3 1012 1019 985
3 1018 1020 1021
3 1018 1021 1019
3 1022 1023 1020
3 1022 1020 1018
3 1013 1022 1018
3 1013 1018 1012
3 1020 1024 1025
3 1020 1025 1021
3 1024 1026 1027
3 1024 1027 1025
3 1028 1029 1026
3 1028 1026 1024
3 1023 1028 1024
3 1023 1024 1020
3 1030 1031 1028
3 1030 1028 1023
3 1031 1032 1029
3 1031 1029 1028
3 1033 1034 1032
3 1033 1032 1031
3 1035 1033 1031
3 1035 1031 1030
3 1016 1036 1022
3 1016 1022 1013
3 1036 1030 1023
3 1036 1023 1022
3 1037 1035 1030
3 1037 1030 1036
3 1017 1037 1036
3 1017 1036 1016
3 922 1038 923
3 1038 1039 923
3 1038 1040 1039
3 1040 1041 1039
3 1042 1043 1038
3 1043 1040 1038
3 924 1042 922
3 1042 1038 922
3 1040 1044 1041
3 1044 1045 1041
3 1044 1046 1045
3 1046 1047 1045
3 1048 1049 1044
3 1049 1046 1044
3 1043 1048 1040
3 1048 1044 1040
3 1050 1051 1043
3 1051 1048 1043
3 1051 1052 1048
3 1052 1049 1048
3 982 985 1051
3 985 1052 1051
3 990 982 1050
3 982 1051 1050
3 926 1053 924
3 1053 1042 924
3 1053 1050 1042
3 1050 1043 1042
3 996 990 1053
3 990 1050 1053
3 894 996 926
3 996 1053 926
3 1054 1055 1027
3 1055 1025 1027
3 1055 1056 1025
3 1056 1021 1025
3 1057 1058 1055
3 1058 1056 1055
3 1059 1057 1054
3 1057 1055 1054
3 1056 1060 1021
3 1060 1019 1021
3 1060 1052 1019
3 1052 985 1019
3 1061 1049 1060
3 1049 1052 1060
3 1058 1061 1056
3 1061 1060 1056
3 1062 1063 1058
3 1063 1061 1058
3 1063 1046 1061
3 1046 1049 1061
3 1064 1047 1063
3 1047 1046 1063
3 1065 1064 1062
3 1064 1063 1062
3 1066 1067 1059
3 1067 1057 1059
3 1067 1062 1057
3 1062 1058 1057
3 1068 1065 1067
3 1065 1062 1067
3 1069 1068 1066
3 1068 1067 1066
3 1070 1071 1072
3 1070 1072 1073
3 1071 1074 1075
3 1071 1075 1072
3 1076 1077 1074
3 1076 1074 1071
3 1078 1076 1071
3 1078 1071 1070
3 1074 1079 1080
3 1074 1080 1075
3 1079 1081 1082
3 1079 1082 1080
3 1083 1084 1081
3 1083 1081 1079
3 1077 1083 1079
3 1077 1079 1074
3 1085 1086 1083
3 1085 1083 1077
3 1086 1087 1084
3 1086 1084 1083
3 831 833 1087
3 831 1087 1086
3 826 831 1086
3 826 1086 1085
3 1088 1089 1078
3 1089 1076 1078
3 1089 1085 1077
3 1089 1077 1076
3 824 826 1089
3 826 1085 1089
3 823 824 1088
3 824 1089 1088
3 1070 1090 1091
3 1070 1073 1090
3 1091 1092 1093
3 1091 1090 1092
3 1094 1093 1095
3 1094 1091 1093
3 1078 1091 1094
3 1078 1070 1091
3 1093 1096 1097
3 1093 1092 1096
3 1097 24 23
3 1097 1096 24
3 1098 23 20
3 1098 1097 23
3 1095 1097 1098
3 1095 1093 1097
3 1099 1098 1100
3 1099 1095 1098
3 1100 20 18
3 1100 1098 20
3 1101 18 19
3 1101 1100 18
3 1102 1100 1101
3 1102 1099 1100
3 1088 1094 1103
3 1088 1078 1094
3 1103 1095 1099
3 1103 1094 1095
3 1104 1099 1102
3 1104 1103 1099
3 823 1103 1104
3 823 1088 1103
3 1105 1106 1107
3 1106 1108 1107
3 1106 1109 1108
3 1109 1110 1108
3 1111 1112 1106
3 1112 1109 1106
3 1113 1111 1105
3 1111 1106 1105
3 1109 1114 1110
3 1114 1115 1110
3 1114 937 1115
3 937 939 1115
3 1116 932 1114
3 932 937 1114
3 1112 1116 1109
3 1116 1114 1109
3 1117 1118 1112
3 1118 1116 1112
3 1118 929 1116
3 929 932 1116
3 1119 930 1118
3 930 929 1118
3 1120 1119 1117
3 1119 1118 1117
3 1121 1122 1113
3 1122 1111 1113
3 1122 1117 1111
3 1117 1112 1111
3 1123 1120 1122
3 1120 1117 1122
3 1124 1123 1121
3 1123 1122 1121
3 949 1125 950
3 1125 1126 950
3 1125 1127 1128
3 1125 1128 1126
3 1129 1130 1127
3 1129 1127 1125
3 952 1129 949
3 1129 1125 949
3 1127 1131 1132
3 1127 1132 1128
3 1131 1133 1134
3 1131 1134 1132
3 1135 1136 1133
3 1135 1133 1131
3 1130 1135 1131
3 1130 1131 1127
3 1137 1138 1135
3 1137 1135 1130
3 1138 1139 1136
3 1138 1136 1135
3 1123 1124 1139
3 1123 1139 1138
3 1120 1123 1138
3 1120 1138 1137
3 957 1140 952
3 1140 1129 952
3 1140 1137 1130
3 1140 1130 1129
3 1119 1120 1140
3 1120 1137 1140
3 930 1119 957
3 1119 1140 957
3 1141 1142 1073
3 1142 1090 1073
3 1142 1143 1090
3 1143 1092 1090
3 1144 1145 1142
3 1145 1143 1142
3 1146 1144 1141
3 1144 1142 1141
3 1143 1147 1092
3 1147 1096 1092
3 1147 469 1096
3 469 24 1096
3 1148 470 469
3 1148 469 1147
3 1145 1148 1143
3 1148 1147 1143
3 1149 1150 1145
3 1150 1148 1145
3 1150 472 470
3 1150 470 1148
3 1151 457 472
3 1151 472 1150
3 1152 1151 1149
3 1151 1150 1149
3 1153 1154 1146
3 1154 1144 1146
3 1154 1149 1144
3 1149 1145 1144
3 1155 1152 1154
3 1152 1149 1154
3 1156 1155 1153
3 1155 1154 1153
3 1157 1158 1080
3 1157 1080 1082
3 1158 1159 1075
3 1158 1075 1080
3 1160 1161 1158
3 1161 1159 1158
3 1162 1160 1158
3 1162 1158 1157
3 1159 1163 1072
3 1159 1072 1075
3 1163 1141 1072
3 1141 1073 1072
3 1164 1146 1163
3 1146 1141 1163
3 1161 1164 1159
3 1164 1163 1159
3 1165 1166 1161
3 1166 1164 1161
3 1166 1153 1164
3 1153 1146 1164
3 1167 1156 1166
3 1156 1153 1166
3 1168 1167 1165
3 1167 1166 1165
3 1169 1170 1162
3 1170 1160 1162
3 1170 1165 1160
3 1165 1161 1160
3 1171 1168 1170
3 1168 1165 1170
3 1172 1171 1169
3 1171 1170 1169
3 1173 1174 1156
3 1174 1155 1156
3 1174 1175 1155
3 1175 1152 1155
3 1176 1177 1174
3 1177 1175 1174
3 1178 1176 1173
3 1176 1174 1173
3 1175 1179 1152
3 1179 1151 1152
3 1179 456 1151
3 456 457 1151
3 1180 458 1179
3 458 456 1179
3 1177 1180 1175
3 1180 1179 1175
3 1181 1182 1177
3 1182 1180 1177
3 1182 460 458
3 1182 458 1180
3 1183 366 460
3 1183 460 1182
3 1184 1183 1182
3 1184 1182 1181
3 1185 1186 1178
3 1186 1176 1178
3 1186 1181 1176
3 1181 1177 1176
3 1187 1184 1181
3 1187 1181 1186
3 1188 1187 1185
3 1187 1186 1185
3 1189 1190 1172
3 1190 1171 1172
3 1190 1191 1171
3 1191 1168 1171
3 1192 1193 1190
3 1193 1191 1190
3 1194 1192 1189
3 1192 1190 1189
3 1191 1195 1168
3 1195 1167 1168
3 1195 1173 1167
3 1173 1156 1167
3 1196 1178 1195
3 1178 1173 1195
3 1193 1196 1191
3 1196 1195 1191
3 1197 1198 1193
3 1198 1196 1193
3 1198 1185 1196
3 1185 1178 1196
3 1199 1188 1198
3 1188 1185 1198
3 1200 1199 1197
3 1199 1198 1197
3 1201 1202 1194
3 1202 1192 1194
3 1202 1197 1192
3 1197 1193 1192
3 1203 1200 1202
3 1200 1197 1202
3 1204 1203 1201
3 1203 1202 1201
3 1205 1206 1207
3 1206 1208 1207
3 1206 1209 1208
3 1209 1210 1208
3 1211 1212 1206
3 1212 1209 1206
3 1213 1211 1205
3 1211 1206 1205
3 1209 1214 1210
3 1214 1215 1210
3 1214 1216 1215
3 1216 1217 1215
3 1218 1219 1214
3 1219 1216 1214
3 1212 1218 1209
3 1218 1214 1209
3 1220 1221 1212
3 1221 1218 1212
3 1221 1222 1218
3 1222 1219 1218
3 1203 1204 1221
3 1204 1222 1221
3 1200 1203 1220
3 1203 1221 1220
3 1223 1224 1213
3 1224 1211 1213
3 1224 1220 1211
3 1220 1212 1211
3 1199 1200 1224
3 1200 1220 1224
3 1188 1199 1223
3 1199 1224 1223
3 369 1225 1226
3 369 1226 346
3 1225 1227 1228
3 1225 1228 1226
3 1229 1230 1227
3 1229 1227 1225
3 367 1229 1225
3 367 1225 369
3 1227 1231 1232
3 1227 1232 1228
3 1231 1205 1232
3 1205 1207 1232
3 1233 1213 1205
3 1233 1205 1231
3 1230 1233 1231
3 1230 1231 1227
3 1234 1235 1233
3 1234 1233 1230
3 1235 1223 1213
3 1235 1213 1233
3 1187 1188 1235
3 1188 1223 1235
3 1184 1187 1235
3 1184 1235 1234
3 365 1236 1229
3 365 1229 367
3 1236 1234 1230
3 1236 1230 1229
3 1183 1184 1234
3 1183 1234 1236
3 366 1183 1236
3 366 1236 365
3 1237 1238 1239
3 1238 1240 1239
3 1238 1241 1240
3 1241 1242 1240
3 1243 1244 1238
3 1244 1241 1238
3 1245 1243 1237
3 1243 1238 1237
3 1241 1246 1242
3 1246 1247 1242
3 1246 1248 1247
3 1248 1249 1247
3 1250 1251 1246
3 1251 1248 1246
3 1244 1250 1241
3 1250 1246 1241
3 1252 1253 1244
3 1253 1250 1244
3 1253 1254 1250
3 1254 1251 1250
3 1215 1217 1253
3 1217 1254 1253
3 1210 1215 1252
3 1215 1253 1252
3 1255 1256 1245
3 1256 1243 1245
3 1256 1252 1243
3 1252 1244 1243
3 1208 1210 1256
3 1210 1252 1256
3 1207 1208 1255
3 1208 1256 1255
3 349 1257 249
3 1257 1258 249
3 1257 1259 1258
3 1259 1260 1258
3 1261 1262 1257
3 1262 1259 1257
3 347 1261 1257
3 347 1257 349
3 1259 1263 1260
3 1263 1264 1260
3 1263 1237 1264
3 1237 1239 1264
3 1265 1245 1263
3 1245 1237 1263
3 1262 1265 1259
3 1265 1263 1259
3 1266 1267 1262
3 1267 1265 1262
3 1267 1255 1265
3 1255 1245 1265
3 1232 1207 1267
3 1207 1255 1267
3 1228 1232 1267
3 1228 1267 1266
3 345 1268 1261
3 345 1261 347
3 1268 1266 1262
3 1268 1262 1261
3 1226 1228 1266
3 1226 1266 1268
3 346 1226 1268
3 346 1268 345
3 1269 1270 1271
3 1270 1272 1271
3 1270 1273 1272
3 1273 1274 1272
3 1275 1276 1270
3 1276 1273 1270
3 1277 1275 1269
3 1275 1270 1269
3 1273 1278 1274
3 1278 1279 1274
3 1278 1280 1279
3 1280 1281 1279
3 1282 1283 1278
3 1283 1280 1278
3 1276 1282 1273
3 1282 1278 1273
3 1284 1285 1276
3 1285 1282 1276
3 1285 1286 1282
3 1286 1283 1282
3 1247 1249 1285
3 1249 1286 1285
3 1242 1247 1284
3 1247 1285 1284
3 1287 1288 1277
3 1288 1275 1277
3 1288 1284 1275
3 1284 1276 1275
3 1240 1242 1288
3 1242 1284 1288
3 1239 1240 1287
3 1240 1288 1287
3 234 1289 233
3 1289 1290 233
3 1289 1291 1290
3 1291 1292 1290
3 1293 1294 1289
3 1294 1291 1289
3 239 1293 234
3 1293 1289 234
3 1291 1295 1292
3 1295 1296 1292
3 1295 1269 1296
3 1269 1271 1296
3 1297 1277 1295
3 1277 1269 1295
3 1294 1297 1291
3 1297 1295 1291
3 1298 1299 1294
3 1299 1297 1294
3 1299 1287 1297
3 1287 1277 1297
3 1264 1239 1299
3 1239 1287 1299
3 1260 1264 1298
3 1264 1299 1298
3 246 1300 239
3 1300 1293 239
3 1300 1298 1293
3 1298 1294 1293
3 1258 1260 1300
3 1260 1298 1300
3 249 1258 246
3 1258 1300 246
3 1301 1302 939
3 1302 1115 939
3 1302 1303 1115
3 1303 1110 1115
3 1304 1305 1302
3 1305 1303 1302
3 1306 1304 1301
3 1304 1302 1301
3 1303 1307 1110
3 1307 1108 1110
3 1307 1308 1108
3 1308 1107 1108
3 1309 1310 1307
3 1310 1308 1307
3 1305 1309 1303
3 1309 1307 1303
3 1311 1312 1305
3 1312 1309 1305
3 1312 1313 1309
3 1313 1310 1309
3 1279 1281 1312
3 1281 1313 1312
3 1274 1279 1311
3 1279 1312 1311
3 1314 1315 1306
3 1315 1304 1306
3 1315 1311 1304
3 1311 1305 1304
3 1272 1274 1315
3 1274 1311 1315
3 1271 1272 1314
3 1272 1315 1314
3 214 1316 217
3 1316 944 217
3 1316 1317 944
3 1317 941 944
3 1318 1319 1316
3 1319 1317 1316
3 222 1318 214
3 1318 1316 214
3 1317 1320 941
3 1320 938 941
3 1320 1301 938
3 1301 939 938
3 1321 1306 1320
3 1306 1301 1320
3 1319 1321 1317
3 1321 1320 1317
3 1322 1323 1319
3 1323 1321 1319
3 1323 1314 1321
3 1314 1306 1321
3 1296 1271 1323
3 1271 1314 1323
3 1292 1296 1322
3 1296 1323 1322
3 230 1324 222
3 1324 1318 222
3 1324 1322 1318
3 1322 1319 1318
3 1290 1292 1324
3 1292 1322 1324
3 233 1290 230
3 1290 1324 230
3 1325 1326 1027
3 1326 1054 1027
3 1326 1327 1059
3 1326 1059 1054
3 1328 1329 1327
3 1328 1327 1326
3 1330 1328 1325
3 1328 1326 1325
3 1327 1331 1066
3 1327 1066 1059
3 1331 1332 1069
3 1331 1069 1066
3 1333 1334 1332
3 1333 1332 1331
3 1329 1333 1331
3 1329 1331 1327
3 1335 1336 1333
3 1335 1333 1329
3 1336 1337 1334
3 1336 1334 1333
3 1105 1107 1337
3 1105 1337 1336
3 1113 1105 1336
3 1113 1336 1335
3 1338 1339 1330
3 1339 1328 1330
3 1339 1335 1329
3 1339 1329 1328
3 1121 1113 1335
3 1121 1335 1339
3 1124 1121 1338
3 1121 1339 1338
3 1340 1341 1034
3 1341 1032 1034
3 1341 1342 1032
3 1342 1029 1032
3 1343 1344 1341
3 1344 1342 1341
3 1345 1343 1340
3 1343 1341 1340
3 1342 1346 1029
3 1346 1026 1029
3 1346 1325 1026
3 1325 1027 1026
3 1347 1330 1346
3 1330 1325 1346
3 1344 1347 1342
3 1347 1346 1342
3 1348 1349 1344
3 1349 1347 1344
3 1349 1338 1347
3 1338 1330 1347
3 1139 1124 1349
3 1124 1338 1349
3 1136 1139 1348
3 1139 1349 1348
3 1350 1351 1345
3 1351 1343 1345
3 1351 1348 1343
3 1348 1344 1343
3 1133 1136 1351
3 1136 1348 1351
3 1134 1133 1350
3 1133 1351 1350
3 1064 1352 1353
3 1064 1353 1047
3 1352 1354 1355
3 1352 1355 1353
3 1356 1357 1354
3 1356 1354 1352
3 1065 1356 1352
3 1065 1352 1064
3 1354 1358 1359
3 1354 1359 1355
3 1358 1360 1361
3 1358 1361 1359
3 1362 1363 1358
3 1363 1360 1358
3 1357 1362 1358
3 1357 1358 1354
3 1364 1365 1362
3 1364 1362 1357
3 1365 1366 1363
3 1365 1363 1362
3 1367 1368 1366
3 1367 1366 1365
3 1369 1367 1365
3 1369 1365 1364
3 1068 1370 1356
3 1068 1356 1065
3 1370 1364 1357
3 1370 1357 1356
3 1371 1369 1364
3 1371 1364 1370
3 1069 1371 1370
3 1069 1370 1068
3 1372 1373 1359
3 1372 1359 1361
3 1373 1374 1355
3 1373 1355 1359
3 1375 1376 1374
3 1375 1374 1373
3 1377 1375 1373
3 1377 1373 1372
3 1374 1378 1353
3 1374 1353 1355
3 1378 1045 1047
3 1378 1047 1353
3 1379 1041 1045
3 1379 1045 1378
3 1376 1379 1378
3 1376 1378 1374
3 1380 1381 1379
3 1380 1379 1376
3 1381 1039 1041
3 1381 1041 1379
3 1382 923 1039
3 1382 1039 1381
3 1383 1382 1381
3 1383 1381 1380
3 1384 1385 1375
3 1384 1375 1377
3 1385 1380 1376
3 1385 1376 1375
3 1386 1383 1380
3 1386 1380 1385
3 1387 1386 1385
3 1387 1385 1384
3 1388 1389 1390
3 1389 1391 1390
3 1389 1392 1391
3 1392 1393 1391
3 1394 1395 1389
3 1395 1392 1389
3 1396 1394 1388
3 1394 1389 1388
3 1392 1397 1393
3 1397 1398 1393
3 1397 1386 1398
3 1386 1387 1398
3 1399 1383 1397
3 1383 1386 1397
3 1395 1399 1392
3 1399 1397 1392
3 1400 1401 1395
3 1401 1399 1395
3 1401 1382 1399
3 1382 1383 1399
3 921 923 1401
3 923 1382 1401
3 918 921 1400
3 921 1401 1400
3 1402 1403 1396
3 1403 1394 1396
3 1403 1400 1394
3 1400 1395 1394
3 915 918 1403
3 918 1400 1403
3 916 915 1402
3 915 1403 1402
3 1404 1405 1387
3 1405 1398 1387
3 1405 1406 1398
3 1406 1393 1398
3 1407 1408 1405
3 1408 1406 1405
3 1409 1407 1404
3 1407 1405 1404
3 1406 1410 1393
3 1410 1391 1393
3 1410 1411 1391
3 1411 1390 1391
3 1412 1413 1410
3 1413 1411 1410
3 1408 1412 1406
3 1412 1410 1406
3 1414 1415 1408
3 1415 1412 1408
3 1415 1416 1412
3 1416 1413 1412
3 1417 1418 1415
3 1418 1416 1415
3 1419 1417 1414
3 1417 1415 1414
3 1420 1421 1409
3 1421 1407 1409
3 1421 1414 1407
3 1414 1408 1407
3 1422 1419 1421
3 1419 1414 1421
3 1423 1422 1420
3 1422 1421 1420
3 1424 1425 1361
3 1425 1372 1361
3 1425 1426 1372
3 1426 1377 1372
3 1427 1428 1425
3 1428 1426 1425
3 1429 1427 1424
3 1427 1425 1424
3 1426 1430 1377
3 1430 1384 1377
3 1430 1404 1384
3 1404 1387 1384
3 1431 1409 1430
3 1409 1404 1430
3 1428 1431 1426
3 1431 1430 1426
3 1432 1433 1428
3 1433 1431 1428
3 1433 1420 1431
3 1420 1409 1431
3 1434 1423 1433
3 1423 1420 1433
3 1435 1434 1432
3 1434 1433 1432
3 1436 1437 1429
3 1437 1427 1429
3 1437 1432 1427
3 1432 1428 1427
3 1438 1435 1437
3 1435 1432 1437
3 1439 1438 1436
3 1438 1437 1436
3 1440 1441 1442
3 1441 1443 1442
3 1441 1444 1443
3 1444 1445 1443
3 1446 1447 1441
3 1447 1444 1441
3 1448 1446 1440
3 1446 1441 1440
3 1444 1449 1445
3 1449 1450 1445
3 1449 876 1450
3 876 878 1450
3 1451 873 1449
3 873 876 1449
3 1447 1451 1444
3 1451 1449 1444
3 1452 1453 1447
3 1453 1451 1447
3 1453 871 1451
3 871 873 1451
3 1087 833 1453
3 833 871 1453
3 1084 1087 1452
3 1087 1453 1452
3 1454 1455 1448
3 1455 1446 1448
3 1455 1452 1446
3 1452 1447 1446
3 1081 1084 1455
3 1084 1452 1455
3 1082 1081 1454
3 1081 1455 1454
3 1456 1457 1423
3 1457 1422 1423
3 1457 1458 1422
3 1458 1419 1422
3 1459 1460 1457
3 1460 1458 1457
3 1461 1459 1456
3 1459 1457 1456
3 1458 1462 1419
3 1462 1417 1419
3 1462 1463 1417
3 1463 1418 1417
3 1464 1465 1462
3 1465 1463 1462
3 1460 1464 1458
3 1464 1462 1458
3 1466 1467 1460
3 1467 1464 1460
3 1467 1468 1464
3 1468 1465 1464
3 881 848 1467
3 848 1468 1467
3 879 881 1466
3 881 1467 1466
3 1469 1470 1461
3 1470 1459 1461
3 1470 1466 1459
3 1466 1460 1459
3 877 879 1470
3 879 1466 1470
3 878 877 1469
3 877 1470 1469
3 1471 1472 1439
3 1472 1438 1439
3 1472 1473 1438
3 1473 1435 1438
3 1474 1475 1472
3 1475 1473 1472
3 1476 1474 1471
3 1474 1472 1471
3 1473 1477 1435
3 1477 1434 1435
3 1477 1456 1434
3 1456 1423 1434
3 1478 1461 1477
3 1461 1456 1477
3 1475 1478 1473
3 1478 1477 1473
3 1479 1480 1475
3 1480 1478 1475
3 1480 1469 1478
3 1469 1461 1478
3 1450 878 1480
3 878 1469 1480
3 1445 1450 1479
3 1450 1480 1479
3 1481 1482 1476
3 1482 1474 1476
3 1482 1479 1474
3 1479 1475 1474
3 1443 1445 1482
3 1445 1479 1482
3 1442 1443 1481
3 1443 1482 1481
3 1483 1484 1485
3 1484 1486 1485
3 1484 1487 1486
3 1487 1488 1486
3 1489 1490 1484
3 1490 1487 1484
3 1491 1489 1483
3 1489 1484 1483
3 1487 1492 1488
3 1492 1493 1488
3 1492 652 1493
3 652 653 1493
3 1494 654 1492
3 654 652 1492
3 1490 1494 1487
3 1494 1492 1487
3 1495 1496 1490
3 1496 1494 1490
3 1496 656 654
3 1496 654 1494
3 1497 192 656
3 1497 656 1496
3 1498 1497 1495
3 1497 1496 1495
3 1499 1500 1491
3 1500 1489 1491
3 1500 1495 1489
3 1495 1490 1489
3 1501 1498 1500
3 1498 1495 1500
3 1502 1501 1499
3 1501 1500 1499
3 1503 1504 1505
3 1504 1506 1505
3 1504 1507 1506
3 1507 1508 1506
3 1509 1510 1504
3 1510 1507 1504
3 1511 1509 1503
3 1509 1504 1503
3 1507 1512 1508
3 1512 1513 1508
3 1512 1483 1513
3 1483 1485 1513
3 1514 1491 1512
3 1491 1483 1512
3 1510 1514 1507
3 1514 1512 1507
3 1515 1516 1510
3 1516 1514 1510
3 1516 1499 1514
3 1499 1491 1514
3 1517 1502 1516
3 1502 1499 1516
3 1518 1517 1515
3 1517 1516 1515
3 1519 1520 1511
3 1520 1509 1511
3 1520 1515 1509
3 1515 1510 1509
3 1521 1518 1520
3 1518 1515 1520
3 1522 1521 1519
3 1521 1520 1519
3 1523 1524 757
3 1524 756 757
3 1524 1525 756
3 1525 759 756
3 1526 1527 1524
3 1527 1525 1524
3 1528 1526 1523
3 1526 1524 1523
3 1525 1529 759
3 1529 762 759
3 1529 668 762
3 668 669 762
3 1530 670 1529
3 670 668 1529
3 1527 1530 1525
3 1530 1529 1525
3 1531 1532 1527
3 1532 1530 1527
3 1532 672 1530
3 672 670 1530
3 1493 653 1532
3 653 672 1532
3 1488 1493 1531
3 1493 1532 1531
3 1533 1534 1528
3 1534 1526 1528
3 1534 1531 1526
3 1531 1527 1526
3 1486 1488 1534
3 1488 1531 1534
3 1485 1486 1533
3 1486 1534 1533
3 1535 1536 804
3 1536 801 804
3 1536 1537 801
3 1537 790 801
3 1538 1539 1536
3 1539 1537 1536
3 1540 1538 1535
3 1538 1536 1535
3 1537 1541 790
3 1541 785 790
3 1541 1523 785
3 1523 757 785
3 1542 1528 1541
3 1528 1523 1541
3 1539 1542 1537
3 1542 1541 1537
3 1543 1544 1539
3 1544 1542 1539
3 1544 1533 1542
3 1533 1528 1542
3 1513 1485 1544
3 1485 1533 1544
3 1508 1513 1543
3 1513 1544 1543
3 1545 1546 1540
3 1546 1538 1540
3 1546 1543 1538
3 1543 1539 1538
3 1506 1508 1546
3 1508 1543 1546
3 1505 1506 1545
3 1506 1546 1545
3 1547 1548 1502
3 1548 1501 1502
3 1548 1549 1501
3 1549 1498 1501
3 1550 1551 1548
3 1551 1549 1548
3 1552 1550 1547
3 1550 1548 1547
3 1549 1553 1498
3 1553 1497 1498
3 1553 1554 1497
3 1554 192 1497
3 1555 1556 1553
3 1556 1554 1553
3 1551 1555 1549
3 1555 1553 1549
3 1557 1558 1551
3 1558 1555 1551
3 1558 1559 1555
3 1559 1556 1555
3 1560 1561 1558
3 1561 1559 1558
3 1562 1560 1557
3 1560 1558 1557
3 1563 1564 1552
3 1564 1550 1552
3 1564 1557 1550
3 1557 1551 1550
3 1565 1562 1564
3 1562 1557 1564
3 1566 1565 1564
3 1566 1564 1563
3 1567 1568 1522
3 1568 1521 1522
3 1568 1569 1521
3 1569 1518 1521
3 1570 1571 1568
3 1571 1569 1568
3 1572 1570 1567
3 1570 1568 1567
3 1569 1573 1518
3 1573 1517 1518
3 1573 1547 1517
3 1547 1502 1517
3 1574 1552 1573
3 1552 1547 1573
3 1571 1574 1569
3 1574 1573 1569
3 1575 1576 1574
3 1575 1574 1571
3 1576 1563 1552
3 1576 1552 1574
3 1577 1566 1563
3 1577 1563 1576
3 1578 1577 1576
3 1578 1576 1575
3 1579 1580 1572
3 1580 1570 1572
3 1580 1575 1570
3 1575 1571 1570
3 1581 1578 1575
3 1581 1575 1580
3 1582 1581 1579
3 1581 1580 1579
3 1583 1584 882
3 1583 882 884
3 1584 1585 890
3 1584 890 882
3 1586 1587 1585
3 1586 1585 1584
3 1588 1586 1584
3 1588 1584 1583
3 1585 1589 903
3 1585 903 890
3 1589 1590 906
3 1589 906 903
3 1591 1592 1590
3 1591 1590 1589
3 1587 1591 1589
3 1587 1589 1585
3 1593 1594 1591
3 1593 1591 1587
3 1594 1595 1592
3 1594 1592 1591
3 1581 1582 1595
3 1581 1595 1594
3 1578 1581 1594
3 1578 1594 1593
3 1596 1597 1586
3 1596 1586 1588
3 1597 1593 1587
3 1597 1587 1586
3 1577 1578 1593
3 1577 1593 1597
3 1566 1577 1597
3 1566 1597 1596
3 1598 1599 914
3 1598 914 916
3 1599 1600 910
3 1599 910 914
3 1601 1602 1600
3 1601 1600 1599
3 1603 1601 1599
3 1603 1599 1598
3 1600 1604 908
3 1600 908 910
3 1604 1583 884
3 1604 884 908
3 1605 1588 1583
3 1605 1583 1604
3 1602 1605 1604
3 1602 1604 1600
3 1606 1607 1605
3 1606 1605 1602
3 1607 1596 1588
3 1607 1588 1605
3 1565 1566 1596
3 1565 1596 1607
3 1562 1565 1607
3 1562 1607 1606
3 1608 1609 1603
3 1609 1601 1603
3 1609 1606 1602
3 1609 1602 1601
3 1560 1562 1609
3 1562 1606 1609
3 1561 1560 1608
3 1560 1609 1608
3 1610 1611 713
3 1611 712 713
3 1611 1612 712
3 1612 714 712
3 1613 1614 1611
3 1614 1612 1611
3 1615 1613 1610
3 1613 1611 1610
3 1612 1616 714
3 1616 716 714
3 1616 1617 716
3 1617 640 716
3 1618 1619 1616
3 1619 1617 1616
3 1614 1618 1612
3 1618 1616 1612
3 1620 1621 1614
3 1621 1618 1614
3 1621 1622 1618
3 1622 1619 1618
3 1623 1624 1621
3 1624 1622 1621
3 1625 1623 1620
3 1623 1621 1620
3 1626 1627 1615
3 1627 1613 1615
3 1627 1620 1613
3 1620 1614 1613
3 1628 1625 1627
3 1625 1620 1627
3 1629 1628 1626
3 1628 1627 1626
3 961 1630 728
3 961 728 729
3 1630 1631 730
3 1630 730 728
3 1632 1633 1631
3 1632 1631 1630
3 962 1632 961
3 1632 1630 961
3 1631 1634 732
3 1631 732 730
3 1634 1610 713
3 1634 713 732
3 1635 1615 1634
3 1615 1610 1634
3 1633 1635 1634
3 1633 1634 1631
3 1636 1637 1633
3 1637 1635 1633
3 1637 1626 1635
3 1626 1615 1635
3 1638 1629 1637
3 1629 1626 1637
3 1639 1638 1636
3 1638 1637 1636
3 965 1640 962
3 1640 1632 962
3 1640 1636 1632
3 1636 1633 1632
3 1641 1639 1640
3 1639 1636 1640
3 966 1641 965
3 1641 1640 965
3 1216 1642 1217
3 1642 1643 1217
3 1642 1644 1643
3 1644 1645 1643
3 1646 1647 1642
3 1647 1644 1642
3 1219 1646 1216
3 1646 1642 1216
3 1644 1648 1645
3 1648 1649 1645
3 1648 1650 1649
3 1650 1651 1649
3 1652 1653 1648
3 1653 1650 1648
3 1647 1652 1644
3 1652 1648 1644
3 1654 1655 1652
3 1654 1652 1647
3 1655 1656 1653
3 1655 1653 1652
3 1189 1172 1656
3 1189 1656 1655
3 1194 1189 1655
3 1194 1655 1654
3 1222 1657 1219
3 1657 1646 1219
3 1657 1654 1646
3 1654 1647 1646
3 1201 1194 1654
3 1201 1654 1657
3 1204 1201 1657
3 1204 1657 1222
3 1248 1658 1249
3 1658 1659 1249
3 1658 1660 1659
3 1660 1661 1659
3 1662 1663 1658
3 1663 1660 1658
3 1251 1662 1248
3 1662 1658 1248
3 1660 1664 1661
3 1664 1665 1661
3 1664 1666 1665
3 1666 1667 1665
3 1668 1669 1664
3 1669 1666 1664
3 1663 1668 1660
3 1668 1664 1660
3 1670 1671 1663
3 1671 1668 1663
3 1671 1672 1668
3 1672 1669 1668
3 1649 1651 1671
3 1651 1672 1671
3 1645 1649 1670
3 1649 1671 1670
3 1254 1673 1251
3 1673 1662 1251
3 1673 1670 1662
3 1670 1663 1662
3 1643 1645 1673
3 1645 1670 1673
3 1217 1643 1254
3 1643 1673 1254
3 1280 1674 1281
3 1674 1675 1281
3 1674 1676 1675
3 1676 1677 1675
3 1678 1679 1674
3 1679 1676 1674
3 1283 1678 1280
3 1678 1674 1280
3 1676 1680 1677
3 1680 1681 1677
3 1680 1682 1681
3 1682 1368 1681
3 1683 1684 1680
3 1684 1682 1680
3 1679 1683 1676
3 1683 1680 1676
3 1685 1686 1679
3 1686 1683 1679
3 1686 1687 1683
3 1687 1684 1683
3 1665 1667 1686
3 1667 1687 1686
3 1661 1665 1685
3 1665 1686 1685
3 1286 1688 1283
3 1688 1678 1283
3 1688 1685 1678
3 1685 1679 1678
3 1659 1661 1688
3 1661 1685 1688
3 1249 1659 1286
3 1659 1688 1286
3 1308 1689 1107
3 1689 1337 1107
3 1689 1690 1337
3 1690 1334 1337
3 1691 1692 1689
3 1692 1690 1689
3 1310 1691 1308
3 1691 1689 1308
3 1690 1693 1334
3 1693 1332 1334
3 1693 1371 1332
3 1371 1069 1332
3 1694 1369 1693
3 1369 1371 1693
3 1692 1694 1690
3 1694 1693 1690
3 1695 1696 1692
3 1696 1694 1692
3 1696 1367 1694
3 1367 1369 1694
3 1681 1368 1696
3 1368 1367 1696
3 1677 1681 1695
3 1681 1696 1695
3 1313 1697 1310
3 1697 1691 1310
3 1697 1695 1691
3 1695 1692 1691
3 1675 1677 1697
3 1677 1695 1697
3 1281 1675 1313
3 1675 1697 1313
3 1698 1699 765
3 1698 765 685
3 1699 1700 765
3 1700 770 765
3 1701 1702 1699
3 1702 1700 1699
3 1703 1701 1698
3 1701 1699 1698
3 1700 1704 770
3 1704 781 770
3 1704 1008 781
3 1008 784 781
3 1705 1003 1704
3 1003 1008 1704
3 1702 1705 1700
3 1705 1704 1700
3 1706 1707 1702
3 1707 1705 1702
3 1707 1000 1705
3 1000 1003 1705
3 1708 1001 1707
3 1001 1000 1707
3 1709 1708 1706
3 1708 1707 1706
3 1710 1711 1703
3 1711 1701 1703
3 1711 1706 1701
3 1706 1702 1701
3 1712 1709 1711
3 1709 1706 1711
3 1713 1712 1710
3 1712 1711 1710
3 318 1714 1715
3 318 1715 320
3 1714 1716 1717
3 1714 1717 1715
3 1718 1719 1716
3 1718 1716 1714
3 326 1718 1714
3 326 1714 318
3 1716 1720 1721
3 1716 1721 1717
3 1720 1722 858
3 1720 858 1721
3 1723 1724 1722
3 1723 1722 1720
3 1719 1723 1720
3 1719 1720 1716
3 1725 1726 1723
3 1725 1723 1719
3 1726 1727 1724
3 1726 1724 1723
3 1728 1729 1727
3 1728 1727 1726
3 1730 1728 1726
3 1730 1726 1725
3 332 1731 1718
3 332 1718 326
3 1731 1725 1719
3 1731 1719 1718
3 1732 1730 1725
3 1732 1725 1731
3 213 1732 1731
3 213 1731 332
3 857 1733 1721
3 857 1721 858
3 1733 1734 1717
3 1733 1717 1721
3 1735 1736 1734
3 1735 1734 1733
3 860 1735 857
3 1735 1733 857
3 1734 1737 1715
3 1734 1715 1717
3 1737 439 320
3 1737 320 1715
3 1738 440 1737
3 440 439 1737
3 1736 1738 1737
3 1736 1737 1734
3 1739 1740 1736
3 1740 1738 1736
3 1740 443 1738
3 443 440 1738
3 1741 444 1740
3 444 443 1740
3 1742 1741 1739
3 1741 1740 1739
3 863 1743 860
3 1743 1735 860
3 1743 1739 1735
3 1739 1736 1735
3 1744 1742 1743
3 1742 1739 1743
3 845 1744 863
3 1744 1743 863
3 1650 1745 1651
3 1745 1746 1651
3 1745 1747 1746
3 1747 1748 1746
3 1749 1750 1745
3 1750 1747 1745
3 1653 1749 1650
3 1749 1745 1650
3 1747 1751 1748
3 1751 1752 1748
3 1751 1440 1752
3 1440 1442 1752
3 1753 1448 1751
3 1448 1440 1751
3 1750 1753 1747
3 1753 1751 1747
3 1754 1755 1750
3 1755 1753 1750
3 1755 1454 1753
3 1454 1448 1753
3 1157 1082 1755
3 1082 1454 1755
3 1162 1157 1754
3 1157 1755 1754
3 1656 1756 1749
3 1656 1749 1653
3 1756 1754 1749
3 1754 1750 1749
3 1169 1162 1754
3 1169 1754 1756
3 1172 1169 1756
3 1172 1756 1656
3 1666 1757 1667
3 1757 1758 1667
3 1757 1759 1758
3 1759 1760 1758
3 1761 1762 1757
3 1762 1759 1757
3 1669 1761 1666
3 1761 1757 1666
3 1759 1763 1760
3 1763 1764 1760
3 1763 1471 1764
3 1471 1439 1764
3 1765 1476 1763
3 1476 1471 1763
3 1762 1765 1759
3 1765 1763 1759
3 1766 1767 1762
3 1767 1765 1762
3 1767 1481 1765
3 1481 1476 1765
3 1752 1442 1767
3 1442 1481 1767
3 1748 1752 1766
3 1752 1767 1766
3 1672 1768 1669
3 1768 1761 1669
3 1768 1766 1761
3 1766 1762 1761
3 1746 1748 1768
3 1748 1766 1768
3 1651 1746 1672
3 1746 1768 1672
3 196 1769 197
3 1769 1770 197
3 1769 1771 1770
3 1771 1772 1770
3 1773 1774 1769
3 1774 1771 1769
3 193 1773 196
3 1773 1769 196
3 1771 1775 1772
3 1775 1776 1772
3 1775 1777 1776
3 1777 1778 1776
3 1779 1780 1775
3 1780 1777 1775
3 1774 1779 1771
3 1779 1775 1771
3 1781 1782 1774
3 1782 1779 1774
3 1782 1783 1779
3 1783 1780 1779
3 1559 1561 1782
3 1561 1783 1782
3 1556 1559 1781
3 1559 1782 1781
3 191 1784 193
3 1784 1773 193
3 1784 1781 1773
3 1781 1774 1773
3 1554 1556 1784
3 1556 1781 1784
3 192 1554 191
3 1554 1784 191
3 212 1785 213
3 1785 1732 213
3 1785 1786 1730
3 1785 1730 1732
3 1787 1788 1785
3 1788 1786 1785
3 209 1787 212
3 1787 1785 212
3 1786 1789 1728
3 1786 1728 1730
3 1789 1790 1728
3 1790 1729 1728
3 1791 1792 1789
3 1792 1790 1789
3 1788 1791 1786
3 1791 1789 1786
3 1793 1794 1788
3 1794 1791 1788
3 1794 1795 1791
3 1795 1792 1791
3 1776 1778 1794
3 1778 1795 1794
3 1772 1776 1793
3 1776 1794 1793
3 208 1796 209
3 1796 1787 209
3 1796 1793 1787
3 1793 1788 1787
3 1770 1772 1796
3 1772 1793 1796
3 197 1770 208
3 1770 1796 208
3 1436 1797 1439
3 1797 1764 1439
3 1797 1798 1764
3 1798 1760 1764
3 1799 1800 1797
3 1800 1798 1797
3 1429 1799 1436
3 1799 1797 1436
3 1798 1801 1760
3 1801 1758 1760
3 1801 1687 1758
3 1687 1667 1758
3 1802 1684 1801
3 1684 1687 1801
3 1800 1802 1798
3 1802 1801 1798
3 1803 1804 1800
3 1804 1802 1800
3 1804 1682 1802
3 1682 1684 1802
3 1366 1368 1804
3 1368 1682 1804
3 1363 1366 1803
3 1366 1804 1803
3 1424 1805 1429
3 1805 1799 1429
3 1805 1803 1800
3 1805 1800 1799
3 1360 1363 1803
3 1360 1803 1805
3 1361 1360 1805
3 1361 1805 1424
3 484 1806 19
3 1806 1101 19
3 1806 1807 1101
3 1807 1102 1101
3 1808 1809 1806
3 1809 1807 1806
3 482 1808 484
3 1808 1806 484
3 1807 1810 1102
3 1810 1104 1102
3 1810 821 1104
3 821 823 1104
3 1811 829 1810
3 829 821 1810
3 1809 1811 1807
3 1811 1810 1807
3 1812 1813 1809
3 1813 1811 1809
3 1813 842 1811
3 842 829 1811
3 1744 845 1813
3 845 842 1813
3 1742 1744 1812
3 1744 1813 1812
3 481 1814 482
3 1814 1808 482
3 1814 1812 1808
3 1812 1809 1808
3 1741 1742 1814
3 1742 1812 1814
3 444 1741 481
3 1741 1814 481
3 1815 1816 1817
3 1815 1817 1818
3 1816 1819 1820
3 1816 1820 1817
3 1821 1822 1819
3 1821 1819 1816
3 1823 1821 1816
3 1823 1816 1815
3 1819 1824 1825
3 1819 1825 1820
3 1824 697 623
3 1824 623 1825
3 1826 698 697
3 1826 697 1824
3 1822 1826 1824
3 1822 1824 1819
3 1827 1828 1826
3 1827 1826 1822
3 1828 700 698
3 1828 698 1826
3 1698 685 700
3 1698 700 1828
3 1703 1698 1828
3 1703 1828 1827
3 1829 1830 1821
3 1829 1821 1823
3 1830 1827 1822
3 1830 1822 1821
3 1710 1703 1827
3 1710 1827 1830
3 1713 1710 1830
3 1713 1830 1829
3 1617 1831 640
3 1831 637 640
3 1831 1832 637
3 1832 629 637
3 1833 1834 1831
3 1834 1832 1831
3 1619 1833 1617
3 1833 1831 1617
3 1832 1835 629
3 1835 621 629
3 1835 1825 621
3 1825 623 621
3 1836 1820 1835
3 1820 1825 1835
3 1834 1836 1832
3 1836 1835 1832
3 1837 1838 1834
3 1838 1836 1834
3 1838 1817 1836
3 1817 1820 1836
3 1839 1818 1838
3 1818 1817 1838
3 1840 1839 1837
3 1839 1838 1837
3 1622 1841 1619
3 1841 1833 1619
3 1841 1837 1833
3 1837 1834 1833
3 1842 1840 1841
3 1840 1837 1841
3 1624 1842 1622
3 1842 1841 1622
3 1843 1844 1795
3 1843 1795 1778
3 1844 1845 1792
3 1844 1792 1795
3 1846 1847 1845
3 1846 1845 1844
3 1848 1846 1844
3 1848 1844 1843
3 1845 1849 1790
3 1845 1790 1792
3 1849 1850 1729
3 1849 1729 1790
3 1851 1852 1850
3 1851 1850 1849
3 1847 1851 1849
3 1847 1849 1845
3 1853 1854 1851
3 1853 1851 1847
3 1854 1855 1852
3 1854 1852 1851
3 1416 1418 1855
3 1416 1855 1854
3 1413 1416 1854
3 1413 1854 1853
3 1856 1857 1846
3 1856 1846 1848
3 1857 1853 1847
3 1857 1847 1846
3 1411 1413 1853
3 1411 1853 1857
3 1390 1411 1857
3 1390 1857 1856
3 1608 1858 1561
3 1858 1783 1561
3 1858 1859 1780
3 1858 1780 1783
3 1860 1861 1859
3 1860 1859 1858
3 1603 1860 1608
3 1860 1858 1608
3 1859 1862 1777
3 1859 1777 1780
3 1862 1843 1778
3 1862 1778 1777
3 1863 1848 1843
3 1863 1843 1862
3 1861 1863 1862
3 1861 1862 1859
3 1864 1865 1863
3 1864 1863 1861
3 1865 1856 1848
3 1865 1848 1863
3 1388 1390 1856
3 1388 1856 1865
3 1396 1388 1865
3 1396 1865 1864
3 1598 1866 1860
3 1598 1860 1603
3 1866 1864 1861
3 1866 1861 1860
3 1402 1396 1864
3 1402 1864 1866
3 916 1402 1866
3 916 1866 1598
3 1850 1867 1727
3 1850 1727 1729
3 1867 1868 1724
3 1867 1724 1727
3 1869 1870 1868
3 1869 1868 1867
3 1852 1869 1867
3 1852 1867 1850
3 1868 1871 1722
3 1868 1722 1724
3 1871 856 858
3 1871 858 1722
3 1872 851 856
3 1872 856 1871
3 1870 1872 1871
3 1870 1871 1868
3 1873 1874 1872
3 1873 1872 1870
3 1874 849 851
3 1874 851 1872
3 1468 848 849
3 1468 849 1874
3 1465 1468 1874
3 1465 1874 1873
3 1855 1875 1869
3 1855 1869 1852
3 1875 1873 1870
3 1875 1870 1869
3 1463 1465 1873
3 1463 1873 1875
3 1418 1463 1875
3 1418 1875 1855
3 1876 1877 1878
3 1876 1878 1879
3 1877 1880 1881
3 1877 1881 1878
3 1882 1883 1880
3 1882 1880 1877
3 1884 1882 1877
3 1884 1877 1876
3 1880 1885 1886
3 1880 1886 1881
3 1885 1887 1888
3 1885 1888 1886
3 1889 1890 1887
3 1889 1887 1885
3 1883 1889 1885
3 1883 1885 1880
3 1891 1892 1889
3 1891 1889 1883
3 1892 1893 1890
3 1892 1890 1889
3 1894 1895 1893
3 1894 1893 1892
3 1896 1894 1892
3 1896 1892 1891
3 1897 1898 1882
3 1897 1882 1884
3 1898 1891 1883
3 1898 1883 1882
3 1899 1896 1891
3 1899 1891 1898
3 1900 1899 1898
3 1900 1898 1897
3 1901 1902 1903
3 1902 1904 1903
3 1902 1905 1906
3 1902 1906 1904
3 1907 1908 1905
3 1907 1905 1902
3 1909 1907 1902
3 1909 1902 1901
3 1905 1910 1911
3 1905 1911 1906
3 1910 1912 1913
3 1910 1913 1911
3 1914 1915 1912
3 1914 1912 1910
3 1908 1914 1910
3 1908 1910 1905
3 1916 1917 1914
3 1916 1914 1908
3 1917 1918 1915
3 1917 1915 1914
3 1919 1920 1917
3 1920 1918 1917
3 1921 1919 1916
3 1919 1917 1916
3 1922 1923 1907
3 1922 1907 1909
3 1923 1916 1908
3 1923 1908 1907
3 1924 1921 1923
3 1921 1916 1923
3 1925 1924 1922
3 1924 1923 1922
3 1904 1926 1903
3 1926 1927 1903
3 1926 1928 1927
3 1928 1929 1927
3 1930 1931 1926
3 1931 1928 1926
3 1906 1930 1904
3 1930 1926 1904
3 1928 1932 1929
3 1932 1933 1929
3 1932 1934 1935
3 1932 1935 1933
3 1936 1937 1932
3 1937 1934 1932
3 1931 1936 1928
3 1936 1932 1928
3 1938 1939 1931
3 1939 1936 1931
3 1939 1940 1936
3 1940 1937 1936
3 1941 1942 1939
3 1942 1940 1939
3 1943 1941 1938
3 1941 1939 1938
3 1911 1944 1906
3 1944 1930 1906
3 1944 1938 1930
3 1938 1931 1930
3 1945 1943 1944
3 1943 1938 1944
3 1913 1945 1911
3 1945 1944 1911
3 1946 1947 1948
3 1946 1948 1949
3 1947 1950 1951
3 1947 1951 1948
3 1952 1953 1950
3 1952 1950 1947
3 1954 1952 1947
3 1954 1947 1946
3 1950 1955 1956
3 1950 1956 1951
3 1955 1940 1956
3 1940 1942 1956
3 1957 1937 1955
3 1937 1940 1955
3 1953 1957 1955
3 1953 1955 1950
3 1958 1959 1957
3 1958 1957 1953
3 1959 1934 1937
3 1959 1937 1957
3 1960 1935 1934
3 1960 1934 1959
3 1961 1960 1959
3 1961 1959 1958
3 1962 1963 1952
3 1962 1952 1954
3 1963 1958 1953
3 1963 1953 1952
3 1964 1961 1958
3 1964 1958 1963
3 1965 1964 1963
3 1965 1963 1962
3 1966 1967 1968
3 1967 1969 1968
3 1967 1970 1969
3 1970 1971 1969
3 1972 1973 1967
3 1973 1970 1967
3 1974 1972 1966
3 1972 1967 1966
3 1970 1975 1971
3 1975 1976 1971
3 1975 1977 1976
3 1977 1978 1976
3 1979 1980 1975
3 1980 1977 1975
3 1973 1979 1970
3 1979 1975 1970
3 1981 1982 1973
3 1982 1979 1973
3 1982 1983 1979
3 1983 1980 1979
3 1946 1949 1982
3 1949 1983 1982
3 1954 1946 1982
3 1954 1982 1981
3 1984 1985 1974
3 1985 1972 1974
3 1985 1981 1972
3 1981 1973 1972
3 1962 1954 1985
3 1954 1981 1985
3 1965 1962 1984
3 1962 1985 1984
3 1986 1987 1988
3 1986 1988 1989
3 1987 1990 1991
3 1987 1991 1988
3 1992 1993 1990
3 1992 1990 1987
3 1994 1992 1987
3 1994 1987 1986
3 1990 1995 1996
3 1990 1996 1991
3 1995 1976 1978
3 1995 1978 1996
3 1997 1971 1976
3 1997 1976 1995
3 1993 1997 1995
3 1993 1995 1990
3 1998 1999 1997
3 1998 1997 1993
3 1999 1969 1971
3 1999 1971 1997
3 2000 1968 1969
3 2000 1969 1999
3 2001 2000 1999
3 2001 1999 1998
3 2002 2003 1992
3 2002 1992 1994
3 2003 1998 1993
3 2003 1993 1992
3 2004 2001 1998
3 2004 1998 2003
3 2005 2004 2003
3 2005 2003 2002
3 2006 2007 2008
3 2006 2008 2009
3 2007 2010 2008
3 2010 2011 2008
3 2012 2013 2007
3 2013 2010 2007
3 2014 2012 2007
3 2014 2007 2006
3 2010 2015 2011
3 2015 2016 2011
3 2015 2017 2016
3 2017 2018 2016
3 2019 2020 2015
3 2020 2017 2015
3 2013 2019 2010
3 2019 2015 2010
3 2021 2022 2013
3 2022 2019 2013
3 2022 2023 2019
3 2023 2020 2019
3 1986 1989 2022
3 1989 2023 2022
3 1994 1986 2021
3 1986 2022 2021
3 2024 2025 2014
3 2025 2012 2014
3 2025 2021 2012
3 2021 2013 2012
3 2002 1994 2025
3 1994 2021 2025
3 2005 2002 2024
3 2002 2025 2024
3 2026 2027 2018
3 2027 2016 2018
3 2027 2028 2016
3 2028 2011 2016
3 2029 2030 2027
3 2030 2028 2027
3 2031 2029 2026
3 2029 2027 2026
3 2028 2032 2011
3 2032 2008 2011
3 2032 2033 2009
3 2032 2009 2008
3 2034 2035 2033
3 2034 2033 2032
3 2030 2034 2032
3 2030 2032 2028
3 2036 2037 2034
3 2036 2034 2030
3 2037 2038 2035
3 2037 2035 2034
3 1876 1879 2038
3 1876 2038 2037
3 1884 1876 2036
3 1876 2037 2036
3 2039 2040 2031
3 2040 2029 2031
3 2040 2036 2029
3 2036 2030 2029
3 1897 1884 2040
3 1884 2036 2040
3 1900 1897 2039
3 1897 2040 2039
3 2041 2042 2043
3 2041 2043 2044
3 2042 2045 2043
3 2045 2046 2043
3 2047 2048 2045
3 2047 2045 2042
3 2049 2047 2042
3 2049 2042 2041
3 2045 2050 2046
3 2050 2051 2046
3 2050 2052 2051
3 2052 2053 2051
3 2054 2055 2050
3 2055 2052 2050
3 2048 2054 2045
3 2054 2050 2045
3 2056 2057 2054
3 2056 2054 2048
3 2057 2058 2054
3 2058 2055 2054
3 2059 2060 2058
3 2059 2058 2057
3 2061 2059 2057
3 2061 2057 2056
3 2062 2063 2047
3 2062 2047 2049
3 2063 2056 2048
3 2063 2048 2047
3 2064 2061 2056
3 2064 2056 2063
3 2065 2064 2063
3 2065 2063 2062
3 2066 2067 2068
3 2066 2068 2069
3 2067 2070 2071
3 2067 2071 2068
3 2072 2073 2070
3 2072 2070 2067
3 2074 2072 2067
3 2074 2067 2066
3 2070 2075 2076
3 2070 2076 2071
3 2075 2041 2044
3 2075 2044 2076
3 2077 2049 2041
3 2077 2041 2075
3 2073 2077 2075
3 2073 2075 2070
3 2078 2079 2077
3 2078 2077 2073
3 2079 2062 2049
3 2079 2049 2077
3 2080 2065 2062
3 2080 2062 2079
3 2081 2080 2079
3 2081 2079 2078
3 2082 2083 2072
3 2082 2072 2074
3 2083 2078 2073
3 2083 2073 2072
3 2084 2081 2078
3 2084 2078 2083
3 2085 2084 2083
3 2085 2083 2082
3 2086 2087 2069
3 2087 2066 2069
3 2087 2088 2066
3 2088 2074 2066
3 2089 2090 2087
3 2090 2088 2087
3 2091 2089 2086
3 2089 2087 2086
3 2088 2092 2074
3 2092 2082 2074
3 2092 2093 2082
3 2093 2085 2082
3 2094 2095 2092
3 2095 2093 2092
3 2090 2094 2088
3 2094 2092 2088
3 2096 2097 2090
3 2097 2094 2090
3 2097 2098 2094
3 2098 2095 2094
3 2099 2100 2097
3 2100 2098 2097
3 2101 2099 2096
3 2099 2097 2096
3 2102 2103 2091
3 2103 2089 2091
3 2103 2096 2089
3 2096 2090 2089
3 2104 2101 2103
3 2101 2096 2103
3 2105 2104 2102
3 2104 2103 2102
3 2106 2107 2108
3 2106 2108 2109
3 2107 2110 2111
3 2107 2111 2108
3 2112 2113 2110
3 2112 2110 2107
3 2114 2112 2107
3 2114 2107 2106
3 2110 2115 2116
3 2110 2116 2111
3 2115 2117 2118
3 2115 2118 2116
3 2119 2120 2117
3 2119 2117 2115
3 2113 2119 2115
3 2113 2115 2110
3 2121 2122 2119
3 2121 2119 2113
3 2122 2123 2120
3 2122 2120 2119
3 2124 2125 2123
3 2124 2123 2122
3 2126 2124 2122
3 2126 2122 2121
3 2127 2128 2112
3 2127 2112 2114
3 2128 2121 2113
3 2128 2113 2112
3 2129 2126 2121
3 2129 2121 2128
3 2130 2129 2128
3 2130 2128 2127
3 2131 2132 2133
3 2131 2133 2134
3 2132 2135 2136
3 2132 2136 2133
3 2137 2138 2135
3 2137 2135 2132
3 2139 2137 2132
3 2139 2132 2131
3 2135 2140 2136
3 2140 2141 2136
3 2140 2116 2141
3 2116 2118 2141
3 2142 2111 2140
3 2111 2116 2140
3 2138 2142 2135
3 2142 2140 2135
3 2143 2144 2138
3 2144 2142 2138
3 2144 2108 2142
3 2108 2111 2142
3 2145 2109 2144
3 2109 2108 2144
3 2146 2145 2143
3 2145 2144 2143
3 2147 2148 2139
3 2148 2137 2139
3 2148 2143 2138
3 2148 2138 2137
3 2149 2146 2143
3 2149 2143 2148
3 2150 2149 2147
3 2149 2148 2147
3 2151 2152 2134
3 2152 2131 2134
3 2152 2153 2139
3 2152 2139 2131
3 2154 2155 2153
3 2154 2153 2152
3 2156 2154 2151
3 2154 2152 2151
3 2153 2157 2147
3 2153 2147 2139
3 2157 2158 2150
3 2157 2150 2147
3 2159 2160 2158
3 2159 2158 2157
3 2155 2159 2157
3 2155 2157 2153
3 2161 2162 2159
3 2161 2159 2155
3 2162 2163 2160
3 2162 2160 2159
3 2164 2165 2163
3 2164 2163 2162
3 2166 2164 2161
3 2164 2162 2161
3 2167 2168 2156
3 2168 2154 2156
3 2168 2161 2154
3 2161 2155 2154
3 2169 2166 2168
3 2166 2161 2168
3 2170 2169 2167
3 2169 2168 2167
3 2171 2172 2173
3 2172 2174 2173
3 2172 2175 2174
3 2175 2176 2174
3 2177 2178 2172
3 2178 2175 2172
3 2179 2177 2171
3 2177 2172 2171
3 2175 2180 2176
3 2180 2181 2176
3 2180 2182 2181
3 2182 2183 2181
3 2184 2185 2180
3 2185 2182 2180
3 2178 2184 2175
3 2184 2180 2175
3 2186 2187 2178
3 2187 2184 2178
3 2187 2188 2184
3 2188 2185 2184
3 2169 2170 2187
3 2170 2188 2187
3 2166 2169 2186
3 2169 2187 2186
3 2189 2190 2179
3 2190 2177 2179
3 2190 2186 2177
3 2186 2178 2177
3 2164 2166 2190
3 2166 2186 2190
3 2165 2164 2189
3 2164 2190 2189
3 1941 2191 2192
3 1941 2192 1942
3 2191 2193 2192
3 2193 2194 2192
3 2195 2196 2191
3 2196 2193 2191
3 1943 2195 2191
3 1943 2191 1941
3 2193 2197 2194
3 2197 2198 2194
3 2197 2199 2198
3 2199 2200 2198
3 2201 2202 2197
3 2202 2199 2197
3 2196 2201 2193
3 2201 2197 2193
3 2203 2204 2196
3 2204 2201 2196
3 2204 2205 2201
3 2205 2202 2201
3 2206 2207 2204
3 2207 2205 2204
3 2208 2206 2203
3 2206 2204 2203
3 1945 2209 2195
3 1945 2195 1943
3 2209 2203 2196
3 2209 2196 2195
3 2210 2208 2203
3 2210 2203 2209
3 1913 2210 2209
3 1913 2209 1945
3 2211 2212 2200
3 2212 2198 2200
3 2212 2213 2198
3 2213 2194 2198
3 2214 2215 2212
3 2215 2213 2212
3 2216 2214 2211
3 2214 2212 2211
3 2213 2217 2194
3 2217 2192 2194
3 2217 1956 2192
3 1956 1942 2192
3 2218 1951 2217
3 1951 1956 2217
3 2215 2218 2213
3 2218 2217 2213
3 2219 2220 2215
3 2220 2218 2215
3 2220 1948 2218
3 1948 1951 2218
3 2221 1949 2220
3 1949 1948 2220
3 2222 2221 2219
3 2221 2220 2219
3 2223 2224 2216
3 2224 2214 2216
3 2224 2219 2214
3 2219 2215 2214
3 2225 2222 2224
3 2222 2219 2224
3 2226 2225 2223
3 2225 2224 2223
3 2227 2228 1933
3 2227 1933 1935
3 2228 2229 1929
3 2228 1929 1933
3 2230 2231 2229
3 2230 2229 2228
3 2232 2230 2228
3 2232 2228 2227
3 2229 2233 1927
3 2229 1927 1929
3 2233 1901 1903
3 2233 1903 1927
3 2234 1909 1901
3 2234 1901 2233
3 2231 2234 2233
3 2231 2233 2229
3 2235 2236 2234
3 2235 2234 2231
3 2236 1922 1909
3 2236 1909 2234
3 2237 1925 1922
3 2237 1922 2236
3 2238 2237 2236
3 2238 2236 2235
3 2239 2240 2230
3 2239 2230 2232
3 2240 2235 2231
3 2240 2231 2230
3 2241 2238 2235
3 2241 2235 2240
3 2242 2241 2240
3 2242 2240 2239
3 2243 2244 1920
3 2244 1918 1920
3 2244 2245 1918
3 2245 1915 1918
3 2246 2247 2244
3 2247 2245 2244
3 2248 2246 2243
3 2246 2244 2243
3 2245 2249 1915
3 2249 1912 1915
3 2249 2210 1912
3 2210 1913 1912
3 2250 2208 2249
3 2208 2210 2249
3 2247 2250 2245
3 2250 2249 2245
3 2251 2252 2247
3 2252 2250 2247
3 2252 2206 2208
3 2252 2208 2250
3 2253 2207 2206
3 2253 2206 2252
3 2254 2253 2251
3 2253 2252 2251
3 2255 2256 2248
3 2256 2246 2248
3 2256 2251 2246
3 2251 2247 2246
3 2257 2254 2256
3 2254 2251 2256
3 2258 2257 2255
3 2257 2256 2255
3 1960 2259 1935
3 2259 2227 1935
3 2259 2260 2227
3 2260 2232 2227
3 2261 2262 2259
3 2262 2260 2259
3 1961 2261 1960
3 2261 2259 1960
3 2260 2263 2232
3 2263 2239 2232
3 2263 2264 2239
3 2264 2242 2239
3 2265 2266 2263
3 2266 2264 2263
3 2262 2265 2260
3 2265 2263 2260
3 2267 2268 2262
3 2268 2265 2262
3 2268 2269 2265
3 2269 2266 2265
3 2270 2271 2268
3 2271 2269 2268
3 2272 2270 2267
3 2270 2268 2267
3 1964 2273 1961
3 2273 2261 1961
3 2273 2267 2261
3 2267 2262 2261
3 2274 2272 2273
3 2272 2267 2273
3 1965 2274 1964
3 2274 2273 1964
3 2275 2276 2277
3 2275 2277 2278
3 2276 2279 2280
3 2276 2280 2277
3 2281 2282 2279
3 2281 2279 2276
3 2283 2281 2276
3 2283 2276 2275
3 2279 2284 2285
3 2279 2285 2280
3 2284 2286 2287
3 2284 2287 2285
3 2288 2289 2286
3 2288 2286 2284
3 2282 2288 2284
3 2282 2284 2279
3 2290 2291 2288
3 2290 2288 2282
3 2291 2292 2289
3 2291 2289 2288
3 2293 2294 2292
3 2293 2292 2291
3 2295 2293 2291
3 2295 2291 2290
3 2296 2297 2281
3 2296 2281 2283
3 2297 2290 2282
3 2297 2282 2281
3 2298 2295 2290
3 2298 2290 2297
3 2299 2298 2297
3 2299 2297 2296
3 2300 2301 2302
3 2300 2302 2303
3 2301 2304 2305
3 2301 2305 2302
3 2306 2307 2304
3 2306 2304 2301
3 2308 2306 2301
3 2308 2301 2300
3 2304 2309 2305
3 2309 2310 2305
3 2309 2311 2310
3 2311 2312 2310
3 2313 2314 2309
3 2314 2311 2309
3 2307 2313 2304
3 2313 2309 2304
3 2315 2316 2307
3 2316 2313 2307
3 2316 2317 2313
3 2317 2314 2313
3 2257 2258 2316
3 2258 2317 2316
3 2254 2257 2315
3 2257 2316 2315
3 2318 2319 2306
3 2318 2306 2308
3 2319 2315 2307
3 2319 2307 2306
3 2253 2254 2315
3 2253 2315 2319
3 2207 2253 2319
3 2207 2319 2318
3 2320 2321 2322
3 2320 2322 2323
3 2321 2324 2325
3 2321 2325 2322
3 2326 2327 2324
3 2326 2324 2321
3 2328 2326 2321
3 2328 2321 2320
3 2324 2329 2330
3 2324 2330 2325
3 2329 2331 2330
3 2331 2332 2330
3 2333 2334 2329
3 2334 2331 2329
3 2327 2333 2329
3 2327 2329 2324
3 2335 2336 2333
3 2335 2333 2327
3 2336 2337 2333
3 2337 2334 2333
3 2310 2312 2336
3 2312 2337 2336
3 2305 2310 2335
3 2310 2336 2335
3 2338 2339 2326
3 2338 2326 2328
3 2339 2335 2327
3 2339 2327 2326
3 2302 2305 2335
3 2302 2335 2339
3 2303 2302 2339
3 2303 2339 2338
3 2340 2341 2342
3 2340 2342 2343
3 2341 2344 2345
3 2341 2345 2342
3 2346 2347 2344
3 2346 2344 2341
3 2348 2346 2341
3 2348 2341 2340
3 2344 2349 2350
3 2344 2350 2345
3 2349 2351 2350
3 2351 2352 2350
3 2353 2354 2349
3 2354 2351 2349
3 2347 2353 2349
3 2347 2349 2344
3 2355 2356 2353
3 2355 2353 2347
3 2356 2357 2353
3 2357 2354 2353
3 2330 2332 2356
3 2332 2357 2356
3 2325 2330 2356
3 2325 2356 2355
3 2358 2359 2346
3 2358 2346 2348
3 2359 2355 2347
3 2359 2347 2346
3 2322 2325 2355
3 2322 2355 2359
3 2323 2322 2359
3 2323 2359 2358
3 2360 2361 2285
3 2360 2285 2287
3 2361 2362 2280
3 2361 2280 2285
3 2363 2364 2362
3 2363 2362 2361
3 2365 2363 2361
3 2365 2361 2360
3 2362 2366 2277
3 2362 2277 2280
3 2366 2367 2278
3 2366 2278 2277
3 2368 2369 2367
3 2368 2367 2366
3 2364 2368 2366
3 2364 2366 2362
3 2370 2371 2368
3 2370 2368 2364
3 2371 2372 2369
3 2371 2369 2368
3 2350 2352 2372
3 2350 2372 2371
3 2345 2350 2371
3 2345 2371 2370
3 2373 2374 2363
3 2373 2363 2365
3 2374 2370 2364
3 2374 2364 2363
3 2342 2345 2370
3 2342 2370 2374
3 2343 2342 2374
3 2343 2374 2373
3 2375 2376 2377
3 2376 2378 2377
3 2376 2379 2378
3 2379 2380 2378
3 2381 2382 2376
3 2382 2379 2376
3 2383 2381 2375
3 2381 2376 2375
3 2379 2384 2380
3 2384 2385 2380
3 2384 2386 2385
3 2386 2387 2385
3 2388 2389 2384
3 2389 2386 2384
3 2382 2388 2379
3 2388 2384 2379
3 2390 2391 2382
3 2391 2388 2382
3 2391 2392 2388
3 2392 2389 2388
3 2393 2165 2391
3 2165 2392 2391
3 2394 2393 2390
3 2393 2391 2390
3 2395 2396 2383
3 2396 2381 2383
3 2396 2390 2381
3 2390 2382 2381
3 2397 2394 2396
3 2394 2390 2396
3 2398 2397 2395
3 2397 2396 2395
3 2399 2400 2401
3 2400 2402 2401
3 2400 2403 2402
3 2403 2404 2402
3 2405 2406 2400
3 2406 2403 2400
3 2407 2405 2399
3 2405 2400 2399
3 2403 2408 2404
3 2408 2409 2404
3 2408 2375 2409
3 2375 2377 2409
3 2410 2383 2408
3 2383 2375 2408
3 2406 2410 2403
3 2410 2408 2403
3 2411 2412 2406
3 2412 2410 2406
3 2412 2395 2410
3 2395 2383 2410
3 2413 2398 2412
3 2398 2395 2412
3 2414 2413 2411
3 2413 2412 2411
3 2415 2416 2407
3 2416 2405 2407
3 2416 2411 2405
3 2411 2406 2405
3 2417 2414 2416
3 2414 2411 2416
3 2418 2417 2415
3 2417 2416 2415
3 2419 2420 2421
3 2419 2421 2422
3 2420 2423 2424
3 2420 2424 2421
3 2425 2426 2423
3 2425 2423 2420
3 2427 2425 2420
3 2427 2420 2419
3 2423 2428 2429
3 2423 2429 2424
3 2428 2430 2429
3 2430 2431 2429
3 2432 2433 2428
3 2433 2430 2428
3 2426 2432 2428
3 2426 2428 2423
3 2434 2435 2432
3 2434 2432 2426
3 2435 2436 2432
3 2436 2433 2432
3 2437 1879 2435
3 1879 2436 2435
3 2438 2437 2435
3 2438 2435 2434
3 2439 2440 2425
3 2439 2425 2427
3 2440 2434 2426
3 2440 2426 2425
3 2441 2438 2434
3 2441 2434 2440
3 2442 2441 2440
3 2442 2440 2439
3 2443 2444 2431
3 2444 2429 2431
3 2444 2445 2424
3 2444 2424 2429
3 2446 2447 2445
3 2446 2445 2444
3 2448 2446 2443
3 2446 2444 2443
3 2445 2449 2421
3 2445 2421 2424
3 2449 2450 2422
3 2449 2422 2421
3 2451 2452 2450
3 2451 2450 2449
3 2447 2451 2449
3 2447 2449 2445
3 2453 2454 2451
3 2453 2451 2447
3 2454 2455 2452
3 2454 2452 2451
3 2456 2130 2455
3 2456 2455 2454
3 2457 2456 2453
3 2456 2454 2453
3 2458 2459 2448
3 2459 2446 2448
3 2459 2453 2446
3 2453 2447 2446
3 2460 2457 2459
3 2457 2453 2459
3 2461 2460 2458
3 2460 2459 2458
3 2456 2462 2129
3 2456 2129 2130
3 2462 2463 2126
3 2462 2126 2129
3 2464 2465 2463
3 2464 2463 2462
3 2457 2464 2462
3 2457 2462 2456
3 2463 2466 2124
3 2463 2124 2126
3 2466 2467 2125
3 2466 2125 2124
3 2468 2469 2467
3 2468 2467 2466
3 2465 2468 2466
3 2465 2466 2463
3 2470 2471 2468
3 2470 2468 2465
3 2471 2472 2469
3 2471 2469 2468
3 2473 2474 2472
3 2473 2472 2471
3 2475 2473 2471
3 2475 2471 2470
3 2460 2476 2464
3 2460 2464 2457
3 2476 2470 2465
3 2476 2465 2464
3 2477 2475 2470
3 2477 2470 2476
3 2461 2477 2476
3 2461 2476 2460
3 2478 2479 2477
3 2478 2477 2461
3 2479 2480 2475
3 2479 2475 2477
3 2481 2482 2480
3 2481 2480 2479
3 2483 2481 2479
3 2483 2479 2478
3 2480 2484 2473
3 2480 2473 2475
3 2484 2485 2474
3 2484 2474 2473
3 2486 2487 2485
3 2486 2485 2484
3 2482 2486 2484
3 2482 2484 2480
3 2488 2489 2486
3 2488 2486 2482
3 2489 2490 2487
3 2489 2487 2486
3 2181 2183 2489
3 2183 2490 2489
3 2176 2181 2488
3 2181 2489 2488
3 2491 2492 2483
3 2492 2481 2483
3 2492 2488 2482
3 2492 2482 2481
3 2174 2176 2492
3 2176 2488 2492
3 2173 2174 2491
3 2174 2492 2491
3 2430 2493 2431
3 2493 2494 2431
3 2493 2495 2494
3 2495 2496 2494
3 2497 2498 2493
3 2498 2495 2493
3 2433 2497 2430
3 2497 2493 2430
3 2495 2499 2496
3 2499 2500 2496
3 2499 2501 2500
3 2501 2502 2500
3 2503 2504 2499
3 2504 2501 2499
3 2498 2503 2495
3 2503 2499 2495
3 2505 2506 2498
3 2506 2503 2498
3 2506 2507 2503
3 2507 2504 2503
3 1886 1888 2507
3 1886 2507 2506
3 1881 1886 2505
3 1886 2506 2505
3 2436 2508 2433
3 2508 2497 2433
3 2508 2505 2497
3 2505 2498 2497
3 1878 1881 2508
3 1881 2505 2508
3 1879 1878 2436
3 1878 2508 2436
3 2509 2510 2502
3 2510 2500 2502
3 2510 2511 2500
3 2511 2496 2500
3 2512 2513 2510
3 2513 2511 2510
3 2514 2512 2509
3 2512 2510 2509
3 2511 2515 2496
3 2515 2494 2496
3 2515 2443 2494
3 2443 2431 2494
3 2516 2448 2515
3 2448 2443 2515
3 2513 2516 2511
3 2516 2515 2511
3 2517 2518 2513
3 2518 2516 2513
3 2518 2458 2516
3 2458 2448 2516
3 2519 2461 2518
3 2461 2458 2518
3 2520 2519 2517
3 2519 2518 2517
3 2521 2522 2514
3 2522 2512 2514
3 2522 2517 2512
3 2517 2513 2512
3 2523 2520 2522
3 2520 2517 2522
3 2524 2523 2521
3 2523 2522 2521
3 2525 2526 2524
3 2526 2523 2524
3 2526 2527 2523
3 2527 2520 2523
3 2528 2529 2526
3 2529 2527 2526
3 2530 2528 2525
3 2528 2526 2525
3 2527 2531 2520
3 2531 2519 2520
3 2531 2478 2519
3 2478 2461 2519
3 2532 2483 2531
3 2483 2478 2531
3 2529 2532 2527
3 2532 2531 2527
3 2533 2534 2529
3 2534 2532 2529
3 2534 2491 2532
3 2491 2483 2532
3 2535 2173 2534
3 2173 2491 2534
3 2536 2535 2533
3 2535 2534 2533
3 2537 2538 2530
3 2538 2528 2530
3 2538 2533 2528
3 2533 2529 2528
3 2539 2536 2538
3 2536 2533 2538
3 2540 2539 2537
3 2539 2538 2537
3 2000 2541 1968
3 2541 2542 1968
3 2541 2543 2542
3 2543 2544 2542
3 2545 2546 2541
3 2546 2543 2541
3 2001 2545 2000
3 2545 2541 2000
3 2543 2547 2544
3 2547 2548 2544
3 2547 2549 2548
3 2549 2550 2548
3 2551 2552 2547
3 2552 2549 2547
3 2546 2551 2543
3 2551 2547 2543
3 2553 2554 2546
3 2554 2551 2546
3 2554 2555 2551
3 2555 2552 2551
3 2556 2557 2554
3 2557 2555 2554
3 2558 2556 2553
3 2556 2554 2553
3 2004 2559 2001
3 2559 2545 2001
3 2559 2553 2545
3 2553 2546 2545
3 2560 2558 2559
3 2558 2553 2559
3 2005 2560 2004
3 2560 2559 2004
3 1984 2561 1965
3 2561 2274 1965
3 2561 2562 2274
3 2562 2272 2274
3 2563 2564 2561
3 2564 2562 2561
3 1974 2563 1984
3 2563 2561 1984
3 2562 2565 2272
3 2565 2270 2272
3 2565 2566 2270
3 2566 2271 2270
3 2567 2568 2565
3 2568 2566 2565
3 2564 2567 2562
3 2567 2565 2562
3 2569 2570 2564
3 2570 2567 2564
3 2570 2571 2567
3 2571 2568 2567
3 2548 2550 2570
3 2550 2571 2570
3 2544 2548 2569
3 2548 2570 2569
3 1966 2572 1974
3 2572 2563 1974
3 2572 2569 2563
3 2569 2564 2563
3 2542 2544 2572
3 2544 2569 2572
3 1968 2542 1966
3 2542 2572 1966
3 2033 2573 2574
3 2033 2574 2009
3 2573 2575 2574
3 2575 2576 2574
3 2577 2578 2573
3 2578 2575 2573
3 2035 2577 2033
3 2577 2573 2033
3 2575 2579 2576
3 2579 2580 2576
3 2579 2581 2580
3 2581 2582 2580
3 2583 2584 2579
3 2584 2581 2579
3 2578 2583 2575
3 2583 2579 2575
3 2585 2586 2578
3 2586 2583 2578
3 2586 2587 2583
3 2587 2584 2583
3 2441 2442 2586
3 2442 2587 2586
3 2438 2441 2585
3 2441 2586 2585
3 2038 2588 2035
3 2588 2577 2035
3 2588 2585 2577
3 2585 2578 2577
3 2437 2438 2588
3 2438 2585 2588
3 1879 2437 2038
3 2437 2588 2038
3 2024 2589 2560
3 2024 2560 2005
3 2589 2590 2558
3 2589 2558 2560
3 2591 2592 2590
3 2591 2590 2589
3 2014 2591 2589
3 2014 2589 2024
3 2590 2593 2558
3 2593 2556 2558
3 2593 2594 2556
3 2594 2557 2556
3 2595 2596 2593
3 2596 2594 2593
3 2592 2595 2590
3 2595 2593 2590
3 2597 2598 2592
3 2598 2595 2592
3 2598 2599 2595
3 2599 2596 2595
3 2580 2582 2598
3 2582 2599 2598
3 2576 2580 2597
3 2580 2598 2597
3 2006 2600 2591
3 2006 2591 2014
3 2600 2597 2592
3 2600 2592 2591
3 2574 2576 2597
3 2574 2597 2600
3 2009 2574 2600
3 2009 2600 2006
3 1977 2601 1978
3 2601 2602 1978
3 2601 2603 2602
3 2603 2604 2602
3 2605 2606 2601
3 2606 2603 2601
3 1980 2605 1977
3 2605 2601 1977
3 2603 2607 2604
3 2607 2608 2604
3 2607 2609 2608
3 2609 2610 2608
3 2611 2612 2607
3 2612 2609 2607
3 2606 2611 2603
3 2611 2607 2603
3 2613 2614 2606
3 2614 2611 2606
3 2614 2615 2611
3 2615 2612 2611
3 2225 2226 2614
3 2226 2615 2614
3 2222 2225 2613
3 2225 2614 2613
3 1983 2616 1980
3 2616 2605 1980
3 2616 2613 2605
3 2613 2606 2605
3 2221 2222 2616
3 2222 2613 2616
3 1949 2221 1983
3 2221 2616 1983
3 1988 2617 1989
3 2617 2618 1989
3 2617 2619 2618
3 2619 2620 2618
3 2621 2622 2617
3 2622 2619 2617
3 1991 2621 1988
3 2621 2617 1988
3 2619 2623 2620
3 2623 2624 2620
3 2623 2625 2624
3 2625 2060 2624
3 2626 2627 2623
3 2627 2625 2623
3 2622 2626 2619
3 2626 2623 2619
3 2628 2629 2622
3 2629 2626 2622
3 2629 2630 2626
3 2630 2627 2626
3 2608 2610 2629
3 2610 2630 2629
3 2604 2608 2628
3 2608 2629 2628
3 1996 2631 1991
3 2631 2621 1991
3 2631 2628 2621
3 2628 2622 2621
3 2602 2604 2631
3 2604 2628 2631
3 1978 2602 1996
3 2602 2631 1996
3 2017 2632 2018
3 2632 2633 2018
3 2632 2634 2633
3 2634 2635 2633
3 2636 2637 2632
3 2637 2634 2632
3 2020 2636 2017
3 2636 2632 2017
3 2634 2638 2635
3 2638 2639 2635
3 2638 2064 2639
3 2064 2065 2639
3 2640 2061 2638
3 2061 2064 2638
3 2637 2640 2634
3 2640 2638 2634
3 2641 2642 2637
3 2642 2640 2637
3 2642 2059 2640
3 2059 2061 2640
3 2624 2060 2642
3 2060 2059 2642
3 2620 2624 2641
3 2624 2642 2641
3 2023 2643 2020
3 2643 2636 2020
3 2643 2641 2636
3 2641 2637 2636
3 2618 2620 2643
3 2620 2641 2643
3 1989 2618 2023
3 2618 2643 2023
3 2039 2644 1900
3 2644 2645 1900
3 2644 2646 2645
3 2646 2647 2645
3 2648 2649 2644
3 2649 2646 2644
3 2031 2648 2039
3 2648 2644 2039
3 2646 2650 2647
3 2650 2651 2647
3 2650 2084 2651
3 2084 2085 2651
3 2652 2081 2650
3 2081 2084 2650
3 2649 2652 2646
3 2652 2650 2646
3 2653 2654 2649
3 2654 2652 2649
3 2654 2080 2652
3 2080 2081 2652
3 2639 2065 2654
3 2065 2080 2654
3 2635 2639 2653
3 2639 2654 2653
3 2026 2655 2031
3 2655 2648 2031
3 2655 2653 2648
3 2653 2649 2648
3 2633 2635 2655
3 2635 2653 2655
3 2018 2633 2026
3 2633 2655 2026
3 2093 2656 2085
3 2656 2651 2085
3 2656 2657 2651
3 2657 2647 2651
3 2658 2659 2656
3 2659 2657 2656
3 2095 2658 2093
3 2658 2656 2093
3 2657 2660 2647
3 2660 2645 2647
3 2660 1899 2645
3 1899 1900 2645
3 2661 1896 2660
3 1896 1899 2660
3 2659 2661 2657
3 2661 2660 2657
3 2662 2663 2659
3 2663 2661 2659
3 2663 1894 2661
3 1894 1896 2661
3 2664 1895 2663
3 1895 1894 2663
3 2665 2664 2662
3 2664 2663 2662
3 2098 2666 2095
3 2666 2658 2095
3 2666 2662 2658
3 2662 2659 2658
3 2667 2665 2666
3 2665 2662 2666
3 2100 2667 2098
3 2667 2666 2098
3 2668 2669 2670
3 2668 2670 2671
3 2669 2672 2673
3 2669 2673 2670
3 2674 2675 2672
3 2674 2672 2669
3 2676 2674 2669
3 2676 2669 2668
3 2672 2677 2678
3 2672 2678 2673
3 2677 2300 2303
3 2677 2303 2678
3 2679 2308 2300
3 2679 2300 2677
3 2675 2679 2677
3 2675 2677 2672
3 2680 2681 2679
3 2680 2679 2675
3 2681 2318 2308
3 2681 2308 2679
3 2205 2207 2318
3 2205 2318 2681
3 2202 2205 2681
3 2202 2681 2680
3 2682 2683 2674
3 2682 2674 2676
3 2683 2680 2675
3 2683 2675 2674
3 2199 2202 2680
3 2199 2680 2683
3 2200 2199 2683
3 2200 2683 2682
3 2684 2685 2686
3 2684 2686 2053
3 2685 2687 2688
3 2685 2688 2686
3 2689 2690 2687
3 2689 2687 2685
3 2691 2689 2685
3 2691 2685 2684
3 2687 2692 2693
3 2687 2693 2688
3 2692 2320 2323
3 2692 2323 2693
3 2694 2328 2320
3 2694 2320 2692
3 2690 2694 2692
3 2690 2692 2687
3 2695 2696 2694
3 2695 2694 2690
3 2696 2338 2328
3 2696 2328 2694
3 2678 2303 2338
3 2678 2338 2696
3 2673 2678 2696
3 2673 2696 2695
3 2697 2698 2689
3 2697 2689 2691
3 2698 2695 2690
3 2698 2690 2689
3 2670 2673 2695
3 2670 2695 2698
3 2671 2670 2698
3 2671 2698 2697
3 2043 2699 2700
3 2043 2700 2044
3 2699 2701 2702
3 2699 2702 2700
3 2703 2704 2701
3 2703 2701 2699
3 2046 2703 2699
3 2046 2699 2043
3 2701 2705 2706
3 2701 2706 2702
3 2705 2340 2343
3 2705 2343 2706
3 2707 2348 2340
3 2707 2340 2705
3 2704 2707 2705
3 2704 2705 2701
3 2708 2709 2707
3 2708 2707 2704
3 2709 2358 2348
3 2709 2348 2707
3 2693 2323 2358
3 2693 2358 2709
3 2688 2693 2709
3 2688 2709 2708
3 2051 2710 2703
3 2051 2703 2046
3 2710 2708 2704
3 2710 2704 2703
3 2686 2688 2708
3 2686 2708 2710
3 2053 2686 2710
3 2053 2710 2051
3 2068 2711 2069
3 2711 2712 2069
3 2711 2713 2712
3 2713 2714 2712
3 2715 2716 2713
3 2715 2713 2711
3 2071 2715 2068
3 2715 2711 2068
3 2713 2717 2718
3 2713 2718 2714
3 2717 2360 2287
3 2717 2287 2718
3 2719 2365 2360
3 2719 2360 2717
3 2716 2719 2717
3 2716 2717 2713
3 2720 2721 2719
3 2720 2719 2716
3 2721 2373 2365
3 2721 2365 2719
3 2706 2343 2373
3 2706 2373 2721
3 2702 2706 2721
3 2702 2721 2720
3 2076 2722 2071
3 2722 2715 2071
3 2722 2720 2716
3 2722 2716 2715
3 2700 2702 2720
3 2700 2720 2722
3 2044 2700 2722
3 2044 2722 2076
3 2286 2723 2718
3 2286 2718 2287
3 2723 2724 2714
3 2723 2714 2718
3 2725 2726 2724
3 2725 2724 2723
3 2289 2725 2723
3 2289 2723 2286
3 2724 2727 2714
3 2727 2712 2714
3 2727 2086 2712
3 2086 2069 2712
3 2728 2091 2727
3 2091 2086 2727
3 2726 2728 2724
3 2728 2727 2724
3 2729 2730 2726
3 2730 2728 2726
3 2730 2102 2728
3 2102 2091 2728
3 2731 2105 2730
3 2105 2102 2730
3 2732 2731 2729
3 2731 2730 2729
3 2292 2733 2725
3 2292 2725 2289
3 2733 2729 2726
3 2733 2726 2725
3 2734 2732 2729
3 2734 2729 2733
3 2294 2734 2733
3 2294 2733 2292
3 2535 2735 2171
3 2535 2171 2173
3 2735 2736 2179
3 2735 2179 2171
3 2737 2738 2735
3 2738 2736 2735
3 2536 2737 2535
3 2737 2735 2535
3 2736 2739 2179
3 2739 2189 2179
3 2739 2392 2189
3 2392 2165 2189
3 2740 2389 2739
3 2389 2392 2739
3 2738 2740 2736
3 2740 2739 2736
3 2741 2742 2738
3 2742 2740 2738
3 2742 2386 2740
3 2386 2389 2740
3 2743 2387 2742
3 2387 2386 2742
3 2744 2743 2741
3 2743 2742 2741
3 2539 2745 2536
3 2745 2737 2536
3 2745 2741 2737
3 2741 2738 2737
3 2746 2744 2745
3 2744 2741 2745
3 2540 2746 2539
3 2746 2745 2539
3 2415 2747 2418
3 2747 2748 2418
3 2747 2749 2748
3 2749 2750 2748
3 2751 2752 2747
3 2752 2749 2747
3 2407 2751 2415
3 2751 2747 2415
3 2749 2753 2750
3 2753 2754 2750
3 2753 2275 2754
3 2275 2278 2754
3 2755 2283 2753
3 2283 2275 2753
3 2752 2755 2749
3 2755 2753 2749
3 2756 2757 2752
3 2757 2755 2752
3 2757 2296 2283
3 2757 2283 2755
3 2758 2299 2296
3 2758 2296 2757
3 2759 2758 2757
3 2759 2757 2756
3 2399 2760 2407
3 2760 2751 2407
3 2760 2756 2751
3 2756 2752 2751
3 2761 2759 2760
3 2759 2756 2760
3 2401 2761 2399
3 2761 2760 2399
3 2762 2763 2671
3 2763 2668 2671
3 2763 2764 2668
3 2764 2676 2668
3 2765 2766 2763
3 2766 2764 2763
3 2767 2765 2762
3 2765 2763 2762
3 2764 2768 2676
3 2768 2682 2676
3 2768 2211 2682
3 2211 2200 2682
3 2769 2216 2768
3 2216 2211 2768
3 2766 2769 2764
3 2769 2768 2764
3 2770 2771 2766
3 2771 2769 2766
3 2771 2223 2769
3 2223 2216 2769
3 2615 2226 2771
3 2226 2223 2771
3 2612 2615 2770
3 2615 2771 2770
3 2772 2773 2767
3 2773 2765 2767
3 2773 2770 2765
3 2770 2766 2765
3 2609 2612 2773
3 2612 2770 2773
3 2610 2609 2772
3 2609 2773 2772
3 2052 2774 2053
3 2774 2684 2053
3 2774 2775 2684
3 2775 2691 2684
3 2776 2777 2774
3 2777 2775 2774
3 2055 2776 2052
3 2776 2774 2052
3 2775 2778 2691
3 2778 2697 2691
3 2778 2762 2697
3 2762 2671 2697
3 2779 2767 2778
3 2767 2762 2778
3 2777 2779 2775
3 2779 2778 2775
3 2780 2781 2777
3 2781 2779 2777
3 2781 2772 2779
3 2772 2767 2779
3 2630 2610 2781
3 2610 2772 2781
3 2627 2630 2780
3 2630 2781 2780
3 2058 2782 2055
3 2782 2776 2055
3 2782 2780 2776
3 2780 2777 2776
3 2625 2627 2782
3 2627 2780 2782
3 2060 2625 2058
3 2625 2782 2058
3 2783 2784 2785
3 2785 2784 2786
3 2785 2786 2787
3 2787 2786 2788
3 2789 2785 2790
3 2790 2785 2787
3 2791 2783 2789
3 2789 2783 2785
3 2787 2788 2792
3 2792 2788 2793
3 2792 2793 2794
3 2794 2793 2795
3 2796 2792 2797
3 2797 2792 2794
3 2790 2787 2796
3 2796 2787 2792
3 2798 2790 2799
3 2799 2790 2796
3 2799 2796 2800
3 2800 2796 2797
3 2801 2799 2802
3 2802 2799 2800
3 2803 2798 2801
3 2801 2798 2799
3 2804 2791 2805
3 2805 2791 2789
3 2805 2789 2798
3 2798 2789 2790
3 2806 2805 2803
3 2803 2805 2798
3 2807 2804 2806
3 2806 2804 2805
3 2808 2809 2810
3 2808 2811 2809
3 2810 2809 2812
3 2812 2809 2813
3 2814 2810 2815
3 2815 2810 2812
3 2816 2810 2814
3 2816 2808 2810
3 2812 2813 2817
3 2817 2813 2818
3 2817 2818 2819
3 2819 2818 2820
3 2821 2817 2822
3 2822 2817 2819
3 2815 2812 2821
3 2821 2812 2817
3 2823 2815 2824
3 2824 2815 2821
3 2824 2821 2825
3 2825 2821 2822
3 2826 2824 2827
3 2827 2824 2825
3 2828 2823 2826
3 2826 2823 2824
3 2829 2814 2830
3 2829 2816 2814
3 2830 2814 2823
3 2823 2814 2815
3 2831 2830 2828
3 2828 2830 2823
3 2832 2830 2831
3 2832 2829 2830
3 2833 2807 2834
3 2834 2807 2806
3 2834 2806 2835
3 2835 2806 2803
3 2836 2834 2837
3 2837 2834 2835
3 2838 2833 2836
3 2836 2833 2834
3 2835 2803 2839
3 2839 2803 2801
3 2839 2801 2840
3 2840 2801 2802
3 2841 2839 2842
3 2842 2839 2840
3 2837 2835 2841
3 2841 2835 2839
3 2843 2837 2844
3 2844 2837 2841
3 2844 2841 2845
3 2845 2841 2842
3 2808 2844 2811
3 2811 2844 2845
3 2816 2843 2808
3 2808 2843 2844
3 2846 2838 2847
3 2847 2838 2836
3 2847 2836 2843
3 2843 2836 2837
3 2829 2847 2816
3 2816 2847 2843
3 2832 2846 2829
3 2829 2846 2847
3 2848 2825 2849
3 2848 2827 2825
3 2849 2822 2850
3 2849 2825 2822
3 2851 2850 2852
3 2851 2849 2850
3 2853 2849 2851
3 2853 2848 2849
3 2850 2819 2854
3 2850 2822 2819
3 2854 2820 2855
3 2854 2819 2820
3 2856 2855 2857
3 2856 2854 2855
3 2852 2854 2856
3 2852 2850 2854
3 2858 2856 2859
3 2858 2852 2856
3 2859 2857 2860
3 2859 2856 2857
3 2861 2860 2862
3 2861 2859 2860
3 2863 2859 2861
3 2863 2858 2859
3 2864 2851 2865
3 2864 2853 2851
3 2865 2852 2858
3 2865 2851 2852
3 2866 2858 2863
3 2866 2865 2858
3 2867 2865 2866
3 2867 2864 2865
3 2868 2869 2870
3 2868 2871 2869
3 2870 2872 2873
3 2870 2869 2872
3 2874 2873 2875
3 2874 2870 2873
3 2876 2870 2874
3 2876 2868 2870
3 2873 2877 2878
3 2873 2872 2877
3 2878 2820 2818
3 2878 2877 2820
3 2879 2818 2813
3 2879 2878 2818
3 2875 2878 2879
3 2875 2873 2878
3 2880 2879 2881
3 2880 2875 2879
3 2881 2813 2809
3 2881 2879 2813
3 2882 2881 2811
3 2811 2881 2809
3 2883 2881 2882
3 2883 2880 2881
3 2884 2874 2885
3 2884 2876 2874
3 2885 2875 2880
3 2885 2874 2875
3 2886 2880 2883
3 2886 2885 2880
3 2887 2885 2886
3 2887 2884 2885
3 2888 2886 2889
3 2888 2887 2886
3 2889 2886 2890
3 2890 2886 2883
3 2891 2889 2892
3 2892 2889 2890
3 2893 2889 2891
3 2893 2888 2889
3 2890 2883 2894
3 2894 2883 2882
3 2894 2882 2845
3 2845 2882 2811
3 2895 2894 2842
3 2842 2894 2845
3 2892 2890 2895
3 2895 2890 2894
3 2896 2892 2897
3 2897 2892 2895
3 2897 2895 2840
3 2840 2895 2842
3 2898 2897 2802
3 2802 2897 2840
3 2899 2896 2898
3 2898 2896 2897
3 2900 2893 2901
3 2901 2893 2891
3 2901 2891 2896
3 2896 2891 2892
3 2902 2901 2899
3 2899 2901 2896
3 2903 2900 2902
3 2902 2900 2901
3 2904 2903 2905
3 2905 2903 2902
3 2905 2902 2906
3 2906 2902 2899
3 2907 2905 2908
3 2908 2905 2906
3 2909 2904 2907
3 2907 2904 2905
3 2906 2899 2910
3 2910 2899 2898
3 2910 2898 2800
3 2800 2898 2802
3 2911 2910 2797
3 2797 2910 2800
3 2908 2906 2911
3 2911 2906 2910
3 2912 2908 2913
3 2913 2908 2911
3 2913 2911 2794
3 2794 2911 2797
3 2914 2913 2795
3 2795 2913 2794
3 2915 2912 2914
3 2914 2912 2913
3 2916 2909 2917
3 2917 2909 2907
3 2917 2907 2912
3 2912 2907 2908
3 2918 2917 2915
3 2915 2917 2912
3 2919 2916 2918
3 2918 2916 2917
3 2920 2862 2921
3 2921 2862 2860
3 2921 2860 2922
3 2922 2860 2857
3 2923 2921 2924
3 2924 2921 2922
3 2925 2920 2923
3 2923 2920 2921
3 2922 2857 2926
3 2926 2857 2855
3 2926 2855 2877
3 2877 2855 2820
3 2927 2926 2872
3 2872 2926 2877
3 2924 2922 2927
3 2927 2922 2926
3 2928 2924 2929
3 2929 2924 2927
3 2929 2927 2869
3 2869 2927 2872
3 2930 2929 2871
3 2871 2929 2869
3 2931 2928 2930
3 2930 2928 2929
3 2932 2925 2933
3 2933 2925 2923
3 2933 2923 2928
3 2928 2923 2924
3 2934 2933 2931
3 2931 2933 2928
3 2935 2932 2934
3 2934 2932 2933
3 2599 2936 2937
3 2599 2582 2936
3 2937 2938 2939
3 2937 2936 2938
3 2940 2939 2941
3 2940 2937 2939
3 2596 2937 2940
3 2596 2599 2937
3 2939 2942 2943
3 2939 2938 2942
3 2943 2795 2793
3 2943 2942 2795
3 2944 2793 2788
3 2944 2943 2793
3 2941 2943 2944
3 2941 2939 2943
3 2945 2944 2946
3 2945 2941 2944
3 2946 2788 2786
3 2946 2944 2788
3 2947 2786 2784
3 2947 2946 2786
3 2948 2946 2947
3 2948 2945 2946
3 2594 2940 2949
3 2594 2596 2940
3 2949 2941 2945
3 2949 2940 2941
3 2950 2945 2948
3 2950 2949 2945
3 2557 2949 2950
3 2557 2594 2949
3 2951 2919 2952
3 2952 2919 2918
3 2952 2918 2953
3 2953 2918 2915
3 2954 2952 2955
3 2955 2952 2953
3 2956 2951 2954
3 2954 2951 2952
3 2953 2915 2957
3 2957 2915 2914
3 2957 2914 2942
3 2942 2914 2795
3 2958 2957 2938
3 2938 2957 2942
3 2955 2953 2958
3 2958 2953 2957
3 2959 2955 2960
3 2960 2955 2958
3 2960 2958 2936
3 2936 2958 2938
3 2581 2960 2582
3 2582 2960 2936
3 2584 2959 2581
3 2581 2959 2960
3 2961 2956 2962
3 2962 2956 2954
3 2962 2954 2959
3 2959 2954 2955
3 2587 2962 2584
3 2584 2962 2959
3 2442 2961 2587
3 2587 2961 2962
3 2963 2920 2964
3 2963 2862 2920
3 2964 2925 2965
3 2964 2920 2925
3 2966 2965 2967
3 2966 2964 2965
3 2968 2964 2966
3 2968 2963 2964
3 2965 2932 2969
3 2965 2925 2932
3 2969 2935 2970
3 2969 2932 2935
3 2971 2970 2972
3 2971 2969 2970
3 2967 2969 2971
3 2967 2965 2969
3 2973 2971 2974
3 2973 2967 2971
3 2974 2972 2975
3 2974 2971 2972
3 2367 2975 2278
3 2367 2974 2975
3 2369 2974 2367
3 2369 2973 2974
3 2976 2966 2977
3 2976 2968 2966
3 2977 2967 2973
3 2977 2966 2967
3 2372 2973 2369
3 2372 2977 2973
3 2352 2977 2372
3 2352 2976 2977
3 2978 2867 2979
3 2979 2867 2866
3 2979 2863 2980
3 2979 2866 2863
3 2981 2979 2982
3 2982 2979 2980
3 2983 2978 2981
3 2981 2978 2979
3 2980 2861 2984
3 2980 2863 2861
3 2984 2862 2963
3 2984 2861 2862
3 2985 2963 2968
3 2985 2984 2963
3 2982 2984 2985
3 2982 2980 2984
3 2986 2982 2987
3 2987 2982 2985
3 2987 2968 2976
3 2987 2985 2968
3 2351 2987 2352
3 2352 2987 2976
3 2354 2986 2351
3 2351 2986 2987
3 2988 2983 2989
3 2989 2983 2981
3 2989 2981 2986
3 2986 2981 2982
3 2357 2989 2354
3 2354 2989 2986
3 2332 2988 2357
3 2357 2988 2989
3 2990 2831 2991
3 2990 2832 2831
3 2991 2831 2992
3 2992 2831 2828
3 2993 2991 2994
3 2994 2991 2992
3 2995 2991 2993
3 2995 2990 2991
3 2992 2828 2996
3 2996 2828 2826
3 2996 2826 2997
3 2997 2826 2827
3 2998 2996 2999
3 2999 2996 2997
3 2994 2992 2998
3 2998 2992 2996
3 3000 2994 3001
3 3001 2994 2998
3 3001 2998 3002
3 3002 2998 2999
3 3003 3001 3004
3 3004 3001 3002
3 3005 3000 3003
3 3003 3000 3001
3 3006 2993 3007
3 3006 2995 2993
3 3007 2993 3000
3 3000 2993 2994
3 3008 3007 3005
3 3005 3007 3000
3 3009 3006 3008
3 3008 3006 3007
3 3010 2833 3011
3 3010 2807 2833
3 3011 2838 3012
3 3011 2833 2838
3 3013 3012 3014
3 3013 3011 3012
3 3015 3011 3013
3 3015 3010 3011
3 3012 2846 3016
3 3012 2838 2846
3 3016 2832 2990
3 3016 2846 2832
3 3017 2990 2995
3 3017 3016 2990
3 3014 3016 3017
3 3014 3012 3016
3 3018 3017 3019
3 3018 3014 3017
3 3019 2995 3006
3 3019 3017 2995
3 3020 3019 3009
3 3009 3019 3006
3 3021 3019 3020
3 3021 3018 3019
3 3022 3013 3023
3 3022 3015 3013
3 3023 3014 3018
3 3023 3013 3014
3 3024 3018 3021
3 3024 3023 3018
3 3025 3023 3024
3 3025 3022 3023
3 3026 2783 3027
3 3026 2784 2783
3 3027 2791 3028
3 3027 2783 2791
3 3029 3028 3030
3 3029 3027 3028
3 3031 3027 3029
3 3031 3026 3027
3 3028 2804 3032
3 3028 2791 2804
3 3032 2807 3010
3 3032 2804 2807
3 3033 3010 3015
3 3033 3032 3010
3 3030 3032 3033
3 3030 3028 3032
3 3034 3033 3035
3 3034 3030 3033
3 3035 3015 3022
3 3035 3033 3015
3 3036 3022 3025
3 3036 3035 3022
3 3037 3035 3036
3 3037 3034 3035
3 3038 3029 3039
3 3038 3031 3029
3 3039 3030 3034
3 3039 3029 3030
3 3040 3034 3037
3 3040 3039 3034
3 3041 3039 3040
3 3041 3038 3039
3 3042 3002 3043
3 3042 3004 3002
3 3043 2999 3044
3 3043 3002 2999
3 3045 3044 3046
3 3045 3043 3044
3 3047 3043 3045
3 3047 3042 3043
3 3044 2997 3048
3 3044 2999 2997
3 3048 2827 2848
3 3048 2997 2827
3 3049 2848 2853
3 3049 3048 2848
3 3046 3048 3049
3 3046 3044 3048
3 3050 3049 3051
3 3050 3046 3049
3 3051 2853 2864
3 3051 3049 2853
3 3052 2864 2867
3 3052 3051 2864
3 3053 3051 3052
3 3053 3050 3051
3 3054 3045 3055
3 3054 3047 3045
3 3055 3046 3050
3 3055 3045 3046
3 3056 3055 3053
3 3053 3055 3050
3 3057 3054 3056
3 3056 3054 3055
3 2947 2784 3058
3 3058 2784 3026
3 3058 3026 3059
3 3059 3026 3031
3 3060 3058 3061
3 3061 3058 3059
3 2948 2947 3060
3 3060 2947 3058
3 3059 3031 3062
3 3062 3031 3038
3 3062 3038 3063
3 3063 3038 3041
3 3064 3062 3065
3 3065 3062 3063
3 3061 3059 3064
3 3064 3059 3062
3 3066 3061 3067
3 3067 3061 3064
3 3067 3064 3068
3 3068 3064 3065
3 2549 3067 2550
3 2550 3067 3068
3 2552 3066 2549
3 2549 3066 3067
3 2950 2948 3069
3 3069 2948 3060
3 3069 3060 3066
3 3066 3060 3061
3 2555 3069 2552
3 2552 3069 3066
3 2557 2950 2555
3 2555 2950 3069
3 2337 3070 3071
3 2337 2312 3070
3 3071 3072 3073
3 3071 3070 3072
3 3074 3073 3075
3 3074 3071 3073
3 2334 3071 3074
3 2334 2337 3071
3 3073 3076 3077
3 3073 3072 3076
3 3077 3057 3056
3 3077 3076 3057
3 3078 3056 3053
3 3078 3077 3056
3 3075 3077 3078
3 3075 3073 3077
3 3079 3078 3080
3 3079 3075 3078
3 3080 3053 3052
3 3080 3078 3053
3 2978 3052 2867
3 2978 3080 3052
3 2983 3080 2978
3 2983 3079 3080
3 2331 3074 3081
3 2331 2334 3074
3 3081 3075 3079
3 3081 3074 3075
3 2988 3079 2983
3 2988 3081 3079
3 2332 3081 2988
3 2332 2331 3081
3 3082 3083 3084
3 3084 3083 3085
3 3084 3085 3086
3 3086 3085 3087
3 3088 3084 3089
3 3089 3084 3086
3 3090 3082 3088
3 3088 3082 3084
3 3086 3087 3091
3 3091 3087 3092
3 3091 3092 3040
3 3040 3092 3041
3 3093 3091 3037
3 3037 3091 3040
3 3089 3086 3093
3 3093 3086 3091
3 3094 3089 3095
3 3095 3089 3093
3 3095 3093 3036
3 3036 3093 3037
3 3096 3095 3025
3 3025 3095 3036
3 3097 3094 3096
3 3096 3094 3095
3 3098 3090 3099
3 3099 3090 3088
3 3099 3088 3094
3 3094 3088 3089
3 3100 3099 3097
3 3097 3099 3094
3 3101 3098 3100
3 3100 3098 3099
3 3102 3103 3104
3 3104 3103 3105
3 3104 3106 3107
3 3104 3105 3106
3 3108 3104 3109
3 3109 3104 3107
3 3110 3102 3108
3 3108 3102 3104
3 3107 3111 3112
3 3107 3106 3111
3 3112 3004 3042
3 3112 3111 3004
3 3113 3042 3047
3 3113 3112 3042
3 3109 3112 3113
3 3109 3107 3112
3 3114 3109 3115
3 3115 3109 3113
3 3115 3113 3054
3 3054 3113 3047
3 3116 3115 3057
3 3057 3115 3054
3 3117 3114 3116
3 3116 3114 3115
3 3118 3110 3119
3 3119 3110 3108
3 3119 3108 3114
3 3114 3108 3109
3 3120 3119 3117
3 3117 3119 3114
3 3121 3118 3120
3 3120 3118 3119
3 3122 3009 3123
3 3123 3009 3008
3 3123 3008 3124
3 3124 3008 3005
3 3125 3123 3126
3 3126 3123 3124
3 3127 3122 3125
3 3125 3122 3123
3 3124 3005 3128
3 3128 3005 3003
3 3128 3003 3111
3 3111 3003 3004
3 3129 3128 3106
3 3106 3128 3111
3 3126 3124 3129
3 3129 3124 3128
3 3130 3129 3131
3 3130 3126 3129
3 3131 3106 3105
3 3131 3129 3106
3 3132 3105 3103
3 3132 3131 3105
3 3133 3131 3132
3 3133 3130 3131
3 3134 3127 3135
3 3135 3127 3125
3 3135 3125 3130
3 3130 3125 3126
3 3136 3130 3133
3 3136 3135 3130
3 3137 3135 3136
3 3137 3134 3135
3 3138 3100 3139
3 3138 3101 3100
3 3139 3097 3140
3 3139 3100 3097
3 3141 3140 3142
3 3141 3139 3140
3 3143 3139 3141
3 3143 3138 3139
3 3140 3096 3144
3 3140 3097 3096
3 3144 3096 3024
3 3024 3096 3025
3 3145 3024 3021
3 3145 3144 3024
3 3142 3144 3145
3 3142 3140 3144
3 3146 3145 3147
3 3146 3142 3145
3 3147 3021 3020
3 3147 3145 3021
3 3122 3020 3009
3 3122 3147 3020
3 3127 3147 3122
3 3127 3146 3147
3 3148 3141 3149
3 3148 3143 3141
3 3149 3142 3146
3 3149 3141 3142
3 3134 3146 3127
3 3134 3149 3146
3 3137 3149 3134
3 3137 3148 3149
3 2571 3068 3150
3 2571 2550 3068
3 3150 3065 3151
3 3150 3068 3065
3 3152 3151 3153
3 3152 3150 3151
3 2568 3150 3152
3 2568 2571 3150
3 3151 3063 3154
3 3151 3065 3063
3 3154 3041 3092
3 3154 3063 3041
3 3155 3092 3087
3 3155 3154 3092
3 3153 3154 3155
3 3153 3151 3154
3 3156 3155 3157
3 3156 3153 3155
3 3157 3087 3085
3 3157 3155 3087
3 3158 3157 3083
3 3083 3157 3085
3 3159 3156 3158
3 3158 3156 3157
3 2566 3152 3160
3 2566 2568 3152
3 3160 3153 3156
3 3160 3152 3153
3 3161 3156 3159
3 3161 3160 3156
3 2271 3160 3161
3 2271 2566 3160
3 3162 3136 3163
3 3162 3137 3136
3 3163 3133 3164
3 3163 3136 3133
3 3165 3164 3166
3 3165 3163 3164
3 3167 3163 3165
3 3167 3162 3163
3 3164 3132 3168
3 3164 3133 3132
3 3168 3103 3169
3 3168 3132 3103
3 3170 3169 3171
3 3170 3168 3169
3 3166 3168 3170
3 3166 3164 3168
3 3172 3170 3173
3 3172 3166 3170
3 3173 3171 3174
3 3173 3170 3171
3 1919 3174 1920
3 1919 3173 3174
3 1921 3173 1919
3 1921 3172 3173
3 3175 3165 3176
3 3175 3167 3165
3 3176 3166 3172
3 3176 3165 3166
3 1924 3172 1921
3 1924 3176 3172
3 1925 3176 1924
3 1925 3175 3176
3 3158 3082 3177
3 3158 3083 3082
3 3177 3090 3178
3 3177 3082 3090
3 3179 3178 3180
3 3179 3177 3178
3 3159 3177 3179
3 3159 3158 3177
3 3178 3098 3181
3 3178 3090 3098
3 3181 3101 3182
3 3181 3098 3101
3 3183 3182 3184
3 3183 3181 3182
3 3180 3181 3183
3 3180 3178 3181
3 3185 3183 3186
3 3185 3180 3183
3 3186 3184 3187
3 3186 3183 3184
3 2264 3187 2242
3 2264 3186 3187
3 2266 3185 2264
3 2264 3185 3186
3 3161 3179 3188
3 3161 3159 3179
3 3188 3180 3185
3 3188 3179 3180
3 2269 3188 2266
3 2266 3188 3185
3 2271 3161 2269
3 2269 3161 3188
3 3189 3121 3190
3 3190 3121 3120
3 3190 3120 3191
3 3191 3120 3117
3 3192 3190 3193
3 3193 3190 3191
3 3194 3189 3192
3 3192 3189 3190
3 3191 3117 3195
3 3195 3117 3116
3 3195 3116 3076
3 3076 3116 3057
3 3196 3195 3072
3 3072 3195 3076
3 3193 3191 3196
3 3196 3191 3195
3 3197 3193 3198
3 3198 3193 3196
3 3198 3196 3070
3 3070 3196 3072
3 2311 3198 2312
3 2312 3198 3070
3 2314 3197 2311
3 2311 3197 3198
3 3199 3194 3200
3 3200 3194 3192
3 3200 3192 3197
3 3197 3192 3193
3 2317 3200 2314
3 2314 3200 3197
3 2258 3199 2317
3 2317 3199 3200
3 3169 3102 3201
3 3169 3103 3102
3 3201 3110 3202
3 3201 3102 3110
3 3203 3201 3204
3 3204 3201 3202
3 3171 3201 3203
3 3171 3169 3201
3 3202 3110 3205
3 3205 3110 3118
3 3205 3118 3189
3 3189 3118 3121
3 3206 3205 3194
3 3194 3205 3189
3 3204 3202 3206
3 3206 3202 3205
3 3207 3204 3208
3 3208 3204 3206
3 3208 3206 3199
3 3199 3206 3194
3 2255 3208 2258
3 2258 3208 3199
3 2248 3207 2255
3 2255 3207 3208
3 3174 3203 3209
3 3174 3171 3203
3 3209 3203 3207
3 3207 3203 3204
3 2243 3209 2248
3 2248 3209 3207
3 1920 3174 2243
3 2243 3174 3209
3 3182 3138 3210
3 3182 3101 3138
3 3210 3138 3211
3 3211 3138 3143
3 3212 3211 3213
3 3212 3210 3211
3 3184 3210 3212
3 3184 3182 3210
3 3211 3143 3214
3 3214 3143 3148
3 3214 3137 3162
3 3214 3148 3137
3 3215 3162 3167
3 3215 3214 3162
3 3213 3214 3215
3 3213 3211 3214
3 3216 3215 3217
3 3216 3213 3215
3 3217 3167 3175
3 3217 3215 3167
3 2237 3175 1925
3 2237 3217 3175
3 2238 3217 2237
3 2238 3216 3217
3 3187 3212 3218
3 3187 3184 3212
3 3218 3213 3216
3 3218 3212 3213
3 2241 3216 2238
3 2241 3218 3216
3 2242 3218 2241
3 2242 3187 3218
3 3219 3220 3221
3 3219 3222 3220
3 3221 3223 3224
3 3221 3220 3223
3 3225 3224 3226
3 3225 3221 3224
3 3227 3221 3225
3 3227 3219 3221
3 3224 3228 3229
3 3224 3223 3228
3 3229 2871 2868
3 3229 3228 2871
3 3230 2868 2876
3 3230 3229 2868
3 3226 3229 3230
3 3226 3224 3229
3 3231 3230 3232
3 3231 3226 3230
3 3232 2876 2884
3 3232 3230 2876
3 3233 2884 2887
3 3233 3232 2884
3 3234 3232 3233
3 3234 3231 3232
3 3235 3225 3236
3 3235 3227 3225
3 3236 3226 3231
3 3236 3225 3226
3 3237 3231 3234
3 3237 3236 3231
3 3238 3236 3237
3 3238 3235 3236
3 3239 3222 3240
3 3240 3222 3219
3 3240 3219 3241
3 3241 3219 3227
3 3242 3240 3243
3 3243 3240 3241
3 3244 3239 3242
3 3242 3239 3240
3 3241 3227 3245
3 3245 3227 3235
3 3245 3235 3246
3 3246 3235 3238
3 3247 3245 3248
3 3248 3245 3246
3 3243 3241 3247
3 3247 3241 3245
3 3249 3243 3250
3 3250 3243 3247
3 3250 3247 3251
3 3251 3247 3248
3 3252 3250 3253
3 3253 3250 3251
3 3254 3249 3252
3 3252 3249 3250
3 3255 3244 3256
3 3256 3244 3242
3 3256 3242 3249
3 3249 3242 3243
3 3257 3256 3254
3 3254 3256 3249
3 3258 3255 3257
3 3257 3255 3256
3 2930 3228 3259
3 2930 2871 3228
3 3259 3223 3260
3 3259 3228 3223
3 3261 3260 3262
3 3261 3259 3260
3 2931 3259 3261
3 2931 2930 3259
3 3260 3220 3263
3 3260 3223 3220
3 3263 3222 3264
3 3263 3220 3222
3 3265 3264 3266
3 3265 3263 3264
3 3262 3263 3265
3 3262 3260 3263
3 3267 3265 3268
3 3267 3262 3265
3 3268 3266 3269
3 3268 3265 3266
3 3270 3269 3271
3 3270 3268 3269
3 3272 3268 3270
3 3272 3267 3268
3 2934 3261 3273
3 2934 2931 3261
3 3273 3262 3267
3 3273 3261 3262
3 3274 3267 3272
3 3274 3273 3267
3 2935 3273 3274
3 2935 2934 3273
3 3275 3276 3277
3 3275 3278 3276
3 3277 3279 3280
3 3277 3276 3279
3 3281 3280 3282
3 3281 3277 3280
3 3283 3277 3281
3 3283 3275 3277
3 3280 3284 3285
3 3280 3279 3284
3 3285 3271 3269
3 3285 3284 3271
3 3286 3269 3266
3 3286 3285 3269
3 3282 3285 3286
3 3282 3280 3285
3 3287 3286 3288
3 3287 3282 3286
3 3288 3266 3264
3 3288 3286 3266
3 3239 3264 3222
3 3239 3288 3264
3 3244 3288 3239
3 3244 3287 3288
3 3289 3281 3290
3 3289 3283 3281
3 3290 3282 3287
3 3290 3281 3282
3 3255 3287 3244
3 3255 3290 3287
3 3258 3290 3255
3 3258 3289 3290
3 3291 3237 3292
3 3291 3238 3237
3 3292 3234 3293
3 3292 3237 3234
3 3294 3293 3295
3 3294 3292 3293
3 3296 3292 3294
3 3296 3291 3292
3 3293 3233 3297
3 3293 3234 3233
3 3297 2887 2888
3 3297 3233 2887
3 3298 2888 2893
3 3298 3297 2888
3 3295 3297 3298
3 3295 3293 3297
3 3299 3298 3300
3 3299 3295 3298
3 3300 2893 2900
3 3300 3298 2893
3 3301 2900 2903
3 3301 3300 2900
3 3302 3300 3301
3 3302 3299 3300
3 3303 3294 3304
3 3303 3296 3294
3 3304 3295 3299
3 3304 3294 3295
3 3305 3299 3302
3 3305 3304 3299
3 3306 3304 3305
3 3306 3303 3304
3 3246 3238 3307
3 3307 3238 3291
3 3307 3291 3308
3 3308 3291 3296
3 3309 3307 3310
3 3310 3307 3308
3 3248 3246 3309
3 3309 3246 3307
3 3308 3296 3311
3 3311 3296 3303
3 3311 3303 3312
3 3312 3303 3306
3 3313 3311 3314
3 3314 3311 3312
3 3310 3308 3313
3 3313 3308 3311
3 3315 3310 3316
3 3316 3310 3313
3 3316 3313 3317
3 3317 3313 3314
3 3318 3316 3319
3 3319 3316 3317
3 3320 3315 3318
3 3318 3315 3316
3 3251 3248 3321
3 3321 3248 3309
3 3321 3309 3315
3 3315 3309 3310
3 3322 3321 3320
3 3320 3321 3315
3 3253 3251 3322
3 3322 3251 3321
3 3323 3324 3325
3 3325 3324 3326
3 3325 3326 3327
3 3327 3326 3328
3 3329 3325 3330
3 3330 3325 3327
3 3331 3323 3329
3 3329 3323 3325
3 3327 3328 3332
3 3332 3328 3333
3 3332 3333 3305
3 3305 3333 3306
3 3334 3332 3302
3 3302 3332 3305
3 3330 3327 3334
3 3334 3327 3332
3 3335 3330 3336
3 3336 3330 3334
3 3336 3334 3301
3 3301 3334 3302
3 2904 3336 2903
3 2903 3336 3301
3 2909 3335 2904
3 2904 3335 3336
3 3337 3331 3338
3 3338 3331 3329
3 3338 3329 3335
3 3335 3329 3330
3 2916 3338 2909
3 2909 3338 3335
3 2919 3337 2916
3 2916 3337 3338
3 3339 3317 3340
3 3339 3319 3317
3 3340 3314 3341
3 3340 3317 3314
3 3342 3341 3343
3 3342 3340 3341
3 3344 3340 3342
3 3344 3339 3340
3 3341 3312 3345
3 3341 3314 3312
3 3345 3306 3333
3 3345 3312 3306
3 3346 3333 3328
3 3346 3345 3333
3 3343 3345 3346
3 3343 3341 3345
3 3347 3346 3348
3 3347 3343 3346
3 3348 3328 3326
3 3348 3346 3328
3 3349 3326 3324
3 3349 3348 3326
3 3350 3348 3349
3 3350 3347 3348
3 3351 3342 3352
3 3351 3344 3342
3 3352 3343 3347
3 3352 3342 3343
3 3353 3347 3350
3 3353 3352 3347
3 3354 3352 3353
3 3354 3351 3352
3 2163 2165 3355
3 3355 2165 3356
3 3355 3356 3357
3 3357 3356 3358
3 3359 3355 3360
3 3360 3355 3357
3 2160 2163 3359
3 3359 2163 3355
3 3357 3358 3361
3 3361 3358 3362
3 3361 3258 3257
3 3361 3362 3258
3 3363 3257 3254
3 3363 3361 3257
3 3360 3357 3363
3 3363 3357 3361
3 3364 3360 3365
3 3365 3360 3363
3 3365 3254 3252
3 3365 3363 3254
3 3366 3252 3253
3 3366 3365 3252
3 3367 3365 3366
3 3367 3364 3365
3 2158 2160 3368
3 3368 2160 3359
3 3368 3359 3364
3 3364 3359 3360
3 3369 3368 3367
3 3367 3368 3364
3 2150 2158 3369
3 3369 2158 3368
3 3370 3323 3371
3 3370 3324 3323
3 3371 3331 3372
3 3371 3323 3331
3 3373 3372 3374
3 3373 3371 3372
3 3375 3371 3373
3 3375 3370 3371
3 3372 3337 3376
3 3372 3331 3337
3 3376 3337 2951
3 2951 3337 2919
3 3377 2951 2956
3 3377 3376 2951
3 3374 3376 3377
3 3374 3372 3376
3 3378 3377 3379
3 3378 3374 3377
3 3379 2956 2961
3 3379 3377 2956
3 2439 2961 2442
3 2439 3379 2961
3 2427 3379 2439
3 2427 3378 3379
3 3380 3373 3381
3 3380 3375 3373
3 3381 3374 3378
3 3381 3373 3374
3 2419 3378 2427
3 2419 3381 3378
3 2422 3381 2419
3 2422 3380 3381
3 3382 3353 3383
3 3382 3354 3353
3 3383 3350 3384
3 3383 3353 3350
3 3385 3384 3386
3 3385 3383 3384
3 3387 3383 3385
3 3387 3382 3383
3 3384 3349 3388
3 3384 3350 3349
3 3388 3324 3370
3 3388 3349 3324
3 3389 3370 3375
3 3389 3388 3370
3 3386 3388 3389
3 3386 3384 3388
3 3390 3389 3391
3 3390 3386 3389
3 3391 3375 3380
3 3391 3389 3375
3 2450 3380 2422
3 2450 3391 3380
3 2452 3391 2450
3 2452 3390 3391
3 3392 3385 3393
3 3392 3387 3385
3 3393 3386 3390
3 3393 3385 3386
3 2455 3390 2452
3 2455 3393 3390
3 2130 3393 2455
3 2130 3392 3393
3 3394 3319 3395
3 3395 3319 3339
3 3395 3339 3396
3 3396 3339 3344
3 3397 3395 3398
3 3398 3395 3396
3 3399 3394 3397
3 3397 3394 3395
3 3396 3344 3400
3 3400 3344 3351
3 3400 3354 3382
3 3400 3351 3354
3 3401 3382 3387
3 3401 3400 3382
3 3398 3400 3401
3 3398 3396 3400
3 3402 3401 3403
3 3402 3398 3401
3 3403 3387 3392
3 3403 3401 3387
3 2127 3392 2130
3 2127 3403 3392
3 2114 3403 2127
3 2114 3402 3403
3 3404 3399 3405
3 3405 3399 3397
3 3405 3398 3402
3 3405 3397 3398
3 2106 3402 2114
3 2106 3405 3402
3 2109 3405 2106
3 2109 3404 3405
3 3366 3253 3406
3 3406 3253 3322
3 3406 3322 3407
3 3407 3322 3320
3 3408 3406 3409
3 3409 3406 3407
3 3367 3366 3408
3 3408 3366 3406
3 3407 3320 3410
3 3410 3320 3318
3 3410 3318 3394
3 3394 3318 3319
3 3411 3410 3399
3 3399 3410 3394
3 3409 3407 3411
3 3411 3407 3410
3 3412 3409 3413
3 3413 3409 3411
3 3413 3411 3404
3 3404 3411 3399
3 2145 3413 2109
3 2109 3413 3404
3 2146 3412 2145
3 2145 3412 3413
3 3369 3367 3414
3 3414 3367 3408
3 3414 3408 3412
3 3412 3408 3409
3 2149 3414 2146
3 2146 3414 3412
3 2150 3369 2149
3 2149 3369 3414
3 3415 3278 3416
3 3416 3278 3275
3 3416 3275 3417
3 3417 3275 3283
3 3418 3416 3419
3 3419 3416 3417
3 3420 3416 3418
3 3420 3415 3416
3 3417 3283 3421
3 3421 3283 3289
3 3421 3289 3362
3 3362 3289 3258
3 3422 3362 3358
3 3422 3421 3362
3 3419 3421 3422
3 3419 3417 3421
3 3423 3422 3424
3 3423 3419 3422
3 3424 3358 3356
3 3424 3422 3358
3 2393 3356 2165
3 2393 3424 3356
3 2394 3424 2393
3 2394 3423 3424
3 3425 3418 3426
3 3425 3420 3418
3 3426 3419 3423
3 3426 3418 3419
3 2397 3423 2394
3 2397 3426 3423
3 2398 3426 2397
3 2398 3425 3426
3 3427 3284 3428
3 3427 3271 3284
3 3428 3279 3429
3 3428 3284 3279
3 3430 3429 3431
3 3430 3428 3429
3 3432 3428 3430
3 3432 3427 3428
3 3429 3276 3433
3 3429 3279 3276
3 3433 3278 3415
3 3433 3276 3278
3 3434 3415 3420
3 3434 3433 3415
3 3431 3433 3434
3 3431 3429 3433
3 3435 3434 3436
3 3435 3431 3434
3 3436 3420 3425
3 3436 3434 3420
3 2413 3425 2398
3 2413 3436 3425
3 2414 3436 2413
3 2414 3435 3436
3 3437 3430 3438
3 3437 3432 3430
3 3438 3431 3435
3 3438 3430 3431
3 2417 3435 2414
3 2417 3438 3435
3 2418 3438 2417
3 2418 3437 3438
3 2970 3274 3439
3 2970 2935 3274
3 3439 3272 3440
3 3439 3274 3272
3 3441 3440 3442
3 3441 3439 3440
3 2972 3439 3441
3 2972 2970 3439
3 3440 3270 3443
3 3440 3272 3270
3 3443 3271 3427
3 3443 3270 3271
3 3444 3427 3432
3 3444 3443 3427
3 3442 3443 3444
3 3442 3440 3443
3 3445 3444 3446
3 3445 3442 3444
3 3446 3432 3437
3 3446 3444 3432
3 2748 3437 2418
3 2748 3446 3437
3 2750 3446 2748
3 2750 3445 3446
3 2975 3441 3447
3 2975 2972 3441
3 3447 3442 3445
3 3447 3441 3442
3 2754 3445 2750
3 2754 3447 3445
3 2278 3447 2754
3 2278 2975 3447
3 3448 3449 3450
3 3448 3450 3451
3 3449 3452 3453
3 3449 3453 3450
3 3454 3455 3452
3 3454 3452 3449
3 3456 3454 3449
3 3456 3449 3448
3 3452 3457 3458
3 3452 3458 3453
3 3457 3459 3460
3 3457 3460 3458
3 3461 3462 3459
3 3461 3459 3457
3 3455 3461 3457
3 3455 3457 3452
3 3463 3464 3461
3 3463 3461 3455
3 3464 3465 3462
3 3464 3462 3461
3 3466 3467 3465
3 3466 3465 3464
3 3468 3466 3464
3 3468 3464 3463
3 3469 3470 3454
3 3469 3454 3456
3 3470 3463 3455
3 3470 3455 3454
3 3471 3468 3463
3 3471 3463 3470
3 3472 3471 3470
3 3472 3470 3469
3 3473 3474 3475
3 3473 3475 3476
3 3474 3477 3478
3 3474 3478 3475
3 3479 3480 3477
3 3479 3477 3474
3 3481 3479 3474
3 3481 3474 3473
3 3477 3482 3483
3 3477 3483 3478
3 3482 3484 3485
3 3482 3485 3483
3 3486 3487 3484
3 3486 3484 3482
3 3480 3486 3482
3 3480 3482 3477
3 3488 3489 3486
3 3488 3486 3480
3 3489 3490 3487
3 3489 3487 3486
3 3471 3472 3490
3 3471 3490 3489
3 3468 3471 3489
3 3468 3489 3488
3 3491 3492 3481
3 3492 3479 3481
3 3492 3488 3479
3 3488 3480 3479
3 3466 3468 3492
3 3468 3488 3492
3 3467 3466 3491
3 3466 3492 3491
3 3493 3494 3495
3 3494 3496 3495
3 3494 3497 3496
3 3497 3498 3496
3 3499 3500 3494
3 3500 3497 3494
3 3501 3499 3493
3 3499 3494 3493
3 3497 3502 3498
3 3502 3503 3498
3 3502 3504 3503
3 3504 3505 3503
3 3506 3507 3502
3 3507 3504 3502
3 3500 3506 3497
3 3506 3502 3497
3 3508 3509 3500
3 3509 3506 3500
3 3509 3510 3506
3 3510 3507 3506
3 3511 3512 3509
3 3512 3510 3509
3 3513 3511 3508
3 3511 3509 3508
3 3514 3515 3501
3 3515 3499 3501
3 3515 3508 3499
3 3508 3500 3499
3 3516 3513 3515
3 3513 3508 3515
3 3517 3516 3514
3 3516 3515 3514
3 3504 3518 3505
3 3518 3519 3505
3 3518 3520 3519
3 3520 3521 3519
3 3522 3523 3518
3 3523 3520 3518
3 3507 3522 3504
3 3522 3518 3504
3 3520 3524 3521
3 3524 3525 3521
3 3524 3526 3525
3 3526 3527 3525
3 3528 3529 3524
3 3529 3526 3524
3 3523 3528 3520
3 3528 3524 3520
3 3530 3531 3523
3 3531 3528 3523
3 3531 3532 3528
3 3532 3529 3528
3 3533 3534 3531
3 3534 3532 3531
3 3535 3533 3530
3 3533 3531 3530
3 3510 3536 3507
3 3536 3522 3507
3 3536 3530 3522
3 3530 3523 3522
3 3537 3535 3536
3 3535 3530 3536
3 3512 3537 3510
3 3537 3536 3510
3 3538 3539 3540
3 3539 3541 3540
3 3539 3542 3541
3 3542 3543 3541
3 3544 3545 3539
3 3545 3542 3539
3 3546 3544 3538
3 3544 3539 3538
3 3542 3547 3543
3 3547 3548 3543
3 3547 3525 3548
3 3525 3527 3548
3 3549 3521 3547
3 3521 3525 3547
3 3545 3549 3542
3 3549 3547 3542
3 3550 3551 3545
3 3551 3549 3545
3 3551 3519 3549
3 3519 3521 3549
3 3503 3505 3551
3 3505 3519 3551
3 3498 3503 3550
3 3503 3551 3550
3 3552 3553 3546
3 3553 3544 3546
3 3553 3550 3544
3 3550 3545 3544
3 3496 3498 3553
3 3498 3550 3553
3 3495 3496 3552
3 3496 3553 3552
3 3554 3555 3556
3 3554 3556 3557
3 3555 3558 3559
3 3555 3559 3556
3 3560 3561 3558
3 3560 3558 3555
3 3562 3560 3555
3 3562 3555 3554
3 3558 3563 3564
3 3558 3564 3559
3 3563 3565 3566
3 3563 3566 3564
3 3567 3568 3565
3 3567 3565 3563
3 3561 3567 3563
3 3561 3563 3558
3 3569 3570 3567
3 3569 3567 3561
3 3570 3571 3568
3 3570 3568 3567
3 3572 3573 3571
3 3572 3571 3570
3 3574 3572 3570
3 3574 3570 3569
3 3575 3576 3560
3 3575 3560 3562
3 3576 3569 3561
3 3576 3561 3560
3 3577 3574 3569
3 3577 3569 3576
3 3578 3577 3576
3 3578 3576 3575
3 3565 3579 3580
3 3565 3580 3566
3 3579 3581 3582
3 3579 3582 3580
3 3583 3584 3581
3 3583 3581 3579
3 3568 3583 3579
3 3568 3579 3565
3 3581 3585 3586
3 3581 3586 3582
3 3585 3587 3588
3 3585 3588 3586
3 3589 3590 3587
3 3589 3587 3585
3 3584 3589 3585
3 3584 3585 3581
3 3591 3592 3589
3 3591 3589 3584
3 3592 3593 3590
3 3592 3590 3589
3 3594 3595 3593
3 3594 3593 3592
3 3596 3594 3592
3 3596 3592 3591
3 3571 3597 3583
3 3571 3583 3568
3 3597 3591 3584
3 3597 3584 3583
3 3598 3596 3597
3 3596 3591 3597
3 3573 3598 3571
3 3598 3597 3571
3 3594 3599 3595
3 3599 3600 3595
3 3599 3601 3600
3 3601 3602 3600
3 3603 3604 3599
3 3604 3601 3599
3 3596 3603 3594
3 3603 3599 3594
3 3601 3605 3602
3 3605 3606 3602
3 3605 3607 3608
3 3605 3608 3606
3 3609 3610 3607
3 3609 3607 3605
3 3604 3609 3605
3 3604 3605 3601
3 3611 3612 3609
3 3611 3609 3604
3 3612 3613 3610
3 3612 3610 3609
3 3614 3615 3613
3 3614 3613 3612
3 3616 3614 3612
3 3616 3612 3611
3 3598 3617 3596
3 3617 3603 3596
3 3617 3611 3603
3 3611 3604 3603
3 3618 3616 3611
3 3618 3611 3617
3 3573 3618 3617
3 3573 3617 3598
3 3619 3620 3621
3 3620 3622 3621
3 3620 3623 3622
3 3623 3624 3622
3 3625 3626 3620
3 3626 3623 3620
3 3627 3625 3619
3 3625 3620 3619
3 3623 3628 3624
3 3628 3629 3624
3 3628 3630 3631
3 3628 3631 3629
3 3632 3633 3630
3 3632 3630 3628
3 3626 3632 3623
3 3632 3628 3623
3 3634 3635 3626
3 3635 3632 3626
3 3635 3636 3633
3 3635 3633 3632
3 3548 3527 3635
3 3527 3636 3635
3 3543 3548 3634
3 3548 3635 3634
3 3637 3638 3627
3 3638 3625 3627
3 3638 3634 3625
3 3634 3626 3625
3 3541 3543 3638
3 3543 3634 3638
3 3540 3541 3637
3 3541 3638 3637
3 3639 3640 3641
3 3639 3641 3642
3 3640 3643 3644
3 3640 3644 3641
3 3645 3646 3643
3 3645 3643 3640
3 3647 3645 3640
3 3647 3640 3639
3 3643 3648 3649
3 3643 3649 3644
3 3648 3650 3651
3 3648 3651 3649
3 3652 3653 3650
3 3652 3650 3648
3 3646 3652 3648
3 3646 3648 3643
3 3654 3655 3652
3 3654 3652 3646
3 3655 3656 3653
3 3655 3653 3652
3 3619 3621 3656
3 3619 3656 3655
3 3627 3619 3655
3 3627 3655 3654
3 3657 3658 3645
3 3657 3645 3647
3 3658 3654 3646
3 3658 3646 3645
3 3637 3627 3654
3 3637 3654 3658
3 3540 3637 3658
3 3540 3658 3657
3 3641 3659 3642
3 3659 3660 3642
3 3659 3661 3660
3 3661 3662 3660
3 3663 3664 3659
3 3664 3661 3659
3 3644 3663 3641
3 3663 3659 3641
3 3661 3665 3662
3 3665 3666 3662
3 3665 3667 3666
3 3667 3668 3666
3 3669 3670 3665
3 3670 3667 3665
3 3664 3669 3661
3 3669 3665 3661
3 3671 3672 3664
3 3672 3669 3664
3 3672 3673 3669
3 3673 3670 3669
3 3674 3675 3672
3 3675 3673 3672
3 3676 3674 3671
3 3674 3672 3671
3 3649 3677 3644
3 3677 3663 3644
3 3677 3671 3663
3 3671 3664 3663
3 3678 3676 3677
3 3676 3671 3677
3 3651 3678 3649
3 3678 3677 3649
3 3679 3680 3681
3 3680 3682 3681
3 3680 3683 3682
3 3683 3684 3682
3 3685 3686 3680
3 3686 3683 3680
3 3687 3685 3679
3 3685 3680 3679
3 3683 3688 3689
3 3683 3689 3684
3 3688 3678 3651
3 3688 3651 3689
3 3690 3676 3678
3 3690 3678 3688
3 3686 3690 3683
3 3690 3688 3683
3 3691 3692 3686
3 3692 3690 3686
3 3692 3674 3676
3 3692 3676 3690
3 3693 3675 3674
3 3693 3674 3692
3 3694 3693 3691
3 3693 3692 3691
3 3695 3696 3687
3 3696 3685 3687
3 3696 3691 3685
3 3691 3686 3685
3 3697 3694 3696
3 3694 3691 3696
3 3698 3697 3695
3 3697 3696 3695
3 3699 3700 3701
3 3700 3702 3701
3 3700 3703 3702
3 3703 3704 3702
3 3705 3706 3700
3 3706 3703 3700
3 3707 3705 3699
3 3705 3700 3699
3 3703 3708 3704
3 3708 3709 3704
3 3708 3586 3709
3 3586 3588 3709
3 3710 3582 3708
3 3582 3586 3708
3 3706 3710 3703
3 3710 3708 3703
3 3711 3712 3706
3 3712 3710 3706
3 3712 3580 3710
3 3580 3582 3710
3 3713 3566 3712
3 3566 3580 3712
3 3714 3713 3711
3 3713 3712 3711
3 3715 3716 3707
3 3716 3705 3707
3 3716 3711 3705
3 3711 3706 3705
3 3717 3714 3716
3 3714 3711 3716
3 3718 3717 3715
3 3717 3716 3715
3 3556 3719 3557
3 3719 3720 3557
3 3719 3721 3722
3 3719 3722 3720
3 3723 3724 3721
3 3723 3721 3719
3 3559 3723 3556
3 3723 3719 3556
3 3721 3725 3726
3 3721 3726 3722
3 3725 3727 3728
3 3725 3728 3726
3 3729 3730 3727
3 3729 3727 3725
3 3724 3729 3725
3 3724 3725 3721
3 3731 3732 3729
3 3731 3729 3724
3 3732 3733 3730
3 3732 3730 3729
3 3717 3718 3733
3 3717 3733 3732
3 3714 3717 3732
3 3714 3732 3731
3 3564 3734 3559
3 3734 3723 3559
3 3734 3731 3724
3 3734 3724 3723
3 3713 3714 3734
3 3714 3731 3734
3 3566 3713 3564
3 3713 3734 3564
3 3735 3736 3621
3 3736 3656 3621
3 3736 3737 3656
3 3737 3653 3656
3 3738 3739 3736
3 3739 3737 3736
3 3740 3738 3735
3 3738 3736 3735
3 3737 3741 3653
3 3741 3650 3653
3 3741 3689 3650
3 3689 3651 3650
3 3742 3684 3741
3 3684 3689 3741
3 3739 3742 3737
3 3742 3741 3737
3 3743 3744 3739
3 3744 3742 3739
3 3744 3682 3742
3 3682 3684 3742
3 3745 3681 3682
3 3745 3682 3744
3 3746 3745 3743
3 3745 3744 3743
3 3747 3748 3740
3 3748 3738 3740
3 3748 3743 3738
3 3743 3739 3738
3 3749 3746 3748
3 3746 3743 3748
3 3750 3749 3747
3 3749 3748 3747
3 3751 3752 3631
3 3752 3629 3631
3 3752 3753 3629
3 3753 3624 3629
3 3754 3755 3752
3 3755 3753 3752
3 3756 3754 3751
3 3754 3752 3751
3 3753 3757 3624
3 3757 3622 3624
3 3757 3735 3622
3 3735 3621 3622
3 3758 3740 3757
3 3740 3735 3757
3 3755 3758 3753
3 3758 3757 3753
3 3759 3760 3755
3 3760 3758 3755
3 3760 3747 3758
3 3747 3740 3758
3 3761 3750 3760
3 3750 3747 3760
3 3762 3761 3759
3 3761 3760 3759
3 3763 3764 3756
3 3764 3754 3756
3 3764 3759 3754
3 3759 3755 3754
3 3765 3762 3764
3 3762 3759 3764
3 3766 3765 3763
3 3765 3764 3763
3 3767 3768 3750
3 3768 3749 3750
3 3768 3769 3749
3 3769 3746 3749
3 3770 3771 3769
3 3770 3769 3768
3 3772 3770 3768
3 3772 3768 3767
3 3769 3773 3745
3 3769 3745 3746
3 3773 3774 3681
3 3773 3681 3745
3 3775 3776 3774
3 3775 3774 3773
3 3771 3775 3773
3 3771 3773 3769
3 3777 3778 3775
3 3777 3775 3771
3 3778 3779 3776
3 3778 3776 3775
3 3780 3781 3779
3 3780 3779 3778
3 3782 3780 3778
3 3782 3778 3777
3 3783 3784 3770
3 3783 3770 3772
3 3784 3777 3771
3 3784 3771 3770
3 3785 3782 3777
3 3785 3777 3784
3 3786 3785 3784
3 3786 3784 3783
3 3787 3788 3766
3 3788 3765 3766
3 3788 3789 3765
3 3789 3762 3765
3 3790 3791 3788
3 3791 3789 3788
3 3792 3790 3787
3 3790 3788 3787
3 3789 3793 3762
3 3793 3761 3762
3 3793 3767 3761
3 3767 3750 3761
3 3794 3772 3793
3 3772 3767 3793
3 3791 3794 3789
3 3794 3793 3789
3 3795 3796 3791
3 3796 3794 3791
3 3796 3783 3772
3 3796 3772 3794
3 3797 3786 3783
3 3797 3783 3796
3 3798 3797 3795
3 3797 3796 3795
3 3799 3800 3792
3 3800 3790 3792
3 3800 3795 3790
3 3795 3791 3790
3 3801 3798 3800
3 3798 3795 3800
3 3802 3801 3800
3 3802 3800 3799
3 3803 3804 3805
3 3804 3806 3805
3 3804 3807 3806
3 3807 3808 3806
3 3809 3810 3804
3 3810 3807 3804
3 3811 3809 3803
3 3809 3804 3803
3 3807 3812 3808
3 3812 3813 3808
3 3812 3814 3813
3 3814 3815 3813
3 3816 3817 3812
3 3817 3814 3812
3 3810 3816 3807
3 3816 3812 3807
3 3818 3819 3810
3 3819 3816 3810
3 3819 3820 3816
3 3820 3817 3816
3 3801 3802 3819
3 3802 3820 3819
3 3798 3801 3818
3 3801 3819 3818
3 3821 3822 3811
3 3822 3809 3811
3 3822 3818 3809
3 3818 3810 3809
3 3797 3798 3822
3 3798 3818 3822
3 3786 3797 3821
3 3797 3822 3821
3 3823 3824 3825
3 3823 3825 3826
3 3824 3827 3828
3 3824 3828 3825
3 3829 3830 3827
3 3829 3827 3824
3 3831 3829 3824
3 3831 3824 3823
3 3827 3832 3833
3 3827 3833 3828
3 3832 3803 3833
3 3803 3805 3833
3 3834 3811 3803
3 3834 3803 3832
3 3830 3834 3832
3 3830 3832 3827
3 3835 3836 3834
3 3835 3834 3830
3 3836 3821 3811
3 3836 3811 3834
3 3785 3786 3821
3 3785 3821 3836
3 3782 3785 3836
3 3782 3836 3835
3 3837 3838 3829
3 3837 3829 3831
3 3838 3835 3830
3 3838 3830 3829
3 3780 3782 3835
3 3780 3835 3838
3 3781 3780 3838
3 3781 3838 3837
3 3839 3840 3841
3 3840 3842 3841
3 3840 3843 3842
3 3843 3844 3842
3 3845 3846 3840
3 3846 3843 3840
3 3847 3845 3839
3 3845 3840 3839
3 3843 3848 3844
3 3848 3849 3844
3 3848 3850 3849
3 3850 3851 3849
3 3852 3853 3848
3 3853 3850 3848
3 3846 3852 3843
3 3852 3848 3843
3 3854 3855 3846
3 3855 3852 3846
3 3855 3856 3852
3 3856 3853 3852
3 3813 3815 3855
3 3815 3856 3855
3 3808 3813 3854
3 3813 3855 3854
3 3857 3858 3847
3 3858 3845 3847
3 3858 3854 3845
3 3854 3846 3845
3 3806 3808 3858
3 3808 3854 3858
3 3805 3806 3857
3 3806 3858 3857
3 3859 3860 3861
3 3860 3862 3861
3 3860 3863 3862
3 3863 3864 3862
3 3865 3866 3860
3 3866 3863 3860
3 3867 3865 3859
3 3865 3860 3859
3 3863 3868 3864
3 3868 3869 3864
3 3868 3839 3869
3 3839 3841 3869
3 3870 3847 3868
3 3847 3839 3868
3 3866 3870 3863
3 3870 3868 3863
3 3871 3872 3866
3 3872 3870 3866
3 3872 3857 3870
3 3857 3847 3870
3 3833 3805 3872
3 3805 3857 3872
3 3828 3833 3871
3 3833 3872 3871
3 3873 3874 3867
3 3874 3865 3867
3 3874 3871 3865
3 3871 3866 3865
3 3825 3828 3871
3 3825 3871 3874
3 3826 3825 3874
3 3826 3874 3873
3 3875 3876 3877
3 3876 3878 3877
3 3876 3879 3878
3 3879 3880 3878
3 3881 3882 3876
3 3882 3879 3876
3 3883 3881 3875
3 3881 3876 3875
3 3879 3884 3880
3 3884 3885 3880
3 3884 3886 3885
3 3886 3887 3885
3 3888 3889 3884
3 3889 3886 3884
3 3882 3888 3879
3 3888 3884 3879
3 3890 3891 3882
3 3891 3888 3882
3 3891 3892 3888
3 3892 3889 3888
3 3849 3851 3891
3 3851 3892 3891
3 3844 3849 3890
3 3849 3891 3890
3 3893 3894 3883
3 3894 3881 3883
3 3894 3890 3881
3 3890 3882 3881
3 3842 3844 3894
3 3844 3890 3894
3 3841 3842 3893
3 3842 3894 3893
3 3895 3896 3897
3 3896 3898 3897
3 3896 3899 3898
3 3899 3900 3898
3 3901 3902 3896
3 3902 3899 3896
3 3903 3901 3895
3 3901 3896 3895
3 3899 3904 3900
3 3904 3905 3900
3 3904 3875 3905
3 3875 3877 3905
3 3906 3883 3904
3 3883 3875 3904
3 3902 3906 3899
3 3906 3904 3899
3 3907 3908 3902
3 3908 3906 3902
3 3908 3893 3906
3 3893 3883 3906
3 3869 3841 3908
3 3841 3893 3908
3 3864 3869 3907
3 3869 3908 3907
3 3909 3910 3903
3 3910 3901 3903
3 3910 3907 3901
3 3907 3902 3901
3 3862 3864 3910
3 3864 3907 3910
3 3861 3862 3909
3 3862 3910 3909
3 3911 3912 3588
3 3912 3709 3588
3 3912 3913 3709
3 3913 3704 3709
3 3914 3915 3912
3 3915 3913 3912
3 3916 3914 3911
3 3914 3912 3911
3 3913 3917 3704
3 3917 3702 3704
3 3917 3918 3702
3 3918 3701 3702
3 3919 3920 3917
3 3920 3918 3917
3 3915 3919 3913
3 3919 3917 3913
3 3921 3922 3915
3 3922 3919 3915
3 3922 3923 3919
3 3923 3920 3919
3 3885 3887 3922
3 3887 3923 3922
3 3880 3885 3921
3 3885 3922 3921
3 3924 3925 3916
3 3925 3914 3916
3 3925 3921 3914
3 3921 3915 3914
3 3878 3880 3925
3 3880 3921 3925
3 3877 3878 3924
3 3878 3925 3924
3 3926 3927 3595
3 3927 3593 3595
3 3927 3928 3593
3 3928 3590 3593
3 3929 3930 3927
3 3930 3928 3927
3 3931 3929 3926
3 3929 3927 3926
3 3928 3932 3590
3 3932 3587 3590
3 3932 3911 3587
3 3911 3588 3587
3 3933 3916 3932
3 3916 3911 3932
3 3930 3933 3928
3 3933 3932 3928
3 3934 3935 3930
3 3935 3933 3930
3 3935 3924 3933
3 3924 3916 3933
3 3905 3877 3935
3 3877 3924 3935
3 3900 3905 3934
3 3905 3935 3934
3 3936 3937 3931
3 3937 3929 3931
3 3937 3934 3929
3 3934 3930 3929
3 3898 3900 3937
3 3900 3934 3937
3 3897 3898 3936
3 3898 3937 3936
3 3938 3939 3668
3 3939 3666 3668
3 3939 3940 3666
3 3940 3662 3666
3 3941 3942 3939
3 3942 3940 3939
3 3943 3941 3938
3 3941 3939 3938
3 3940 3944 3662
3 3944 3660 3662
3 3944 3945 3660
3 3945 3642 3660
3 3946 3947 3944
3 3947 3945 3944
3 3942 3946 3940
3 3946 3944 3940
3 3948 3949 3942
3 3949 3946 3942
3 3949 3950 3946
3 3950 3947 3946
3 3951 3952 3949
3 3952 3950 3949
3 3953 3951 3948
3 3951 3949 3948
3 3954 3955 3943
3 3955 3941 3943
3 3955 3948 3941
3 3948 3942 3941
3 3956 3953 3955
3 3953 3948 3955
3 3957 3956 3954
3 3956 3955 3954
3 3958 3959 3960
3 3959 3961 3960
3 3959 3962 3961
3 3962 3963 3961
3 3964 3965 3959
3 3965 3962 3959
3 3966 3964 3958
3 3964 3959 3958
3 3962 3967 3963
3 3967 3968 3963
3 3967 3532 3968
3 3532 3534 3968
3 3969 3529 3967
3 3529 3532 3967
3 3965 3969 3962
3 3969 3967 3962
3 3970 3971 3965
3 3971 3969 3965
3 3971 3526 3969
3 3526 3529 3969
3 3636 3527 3971
3 3527 3526 3971
3 3633 3636 3970
3 3636 3971 3970
3 3972 3973 3966
3 3973 3964 3966
3 3973 3970 3964
3 3970 3965 3964
3 3630 3633 3973
3 3633 3970 3973
3 3631 3630 3972
3 3630 3973 3972
3 3974 3975 3950
3 3974 3950 3952
3 3975 3976 3947
3 3975 3947 3950
3 3977 3978 3976
3 3977 3976 3975
3 3979 3977 3975
3 3979 3975 3974
3 3976 3980 3945
3 3976 3945 3947
3 3980 3639 3642
3 3980 3642 3945
3 3981 3647 3639
3 3981 3639 3980
3 3978 3981 3980
3 3978 3980 3976
3 3982 3983 3981
3 3982 3981 3978
3 3983 3657 3647
3 3983 3647 3981
3 3538 3540 3657
3 3538 3657 3983
3 3546 3538 3983
3 3546 3983 3982
3 3984 3985 3977
3 3984 3977 3979
3 3985 3982 3978
3 3985 3978 3977
3 3552 3546 3982
3 3552 3982 3985
3 3495 3552 3985
3 3495 3985 3984
3 3986 3987 3458
3 3986 3458 3460
3 3987 3988 3453
3 3987 3453 3458
3 3989 3990 3988
3 3989 3988 3987
3 3991 3989 3987
3 3991 3987 3986
3 3988 3992 3450
3 3988 3450 3453
3 3992 3993 3451
3 3992 3451 3450
3 3994 3995 3993
3 3994 3993 3992
3 3990 3994 3992
3 3990 3992 3988
3 3996 3997 3994
3 3996 3994 3990
3 3997 3998 3995
3 3997 3995 3994
3 3999 4000 3998
3 3999 3998 3997
3 4001 3999 3997
3 4001 3997 3996
3 4002 4003 3989
3 4002 3989 3991
3 4003 3996 3990
3 4003 3990 3989
3 4004 4001 3996
3 4004 3996 4003
3 4005 4004 4003
3 4005 4003 4002
3 4006 4007 4008
3 4007 4009 4008
3 4007 4010 4009
3 4010 4011 4009
3 4012 4013 4007
3 4013 4010 4007
3 4014 4012 4006
3 4012 4007 4006
3 4010 4015 4011
3 4015 4016 4011
3 4015 4017 4016
3 4017 4018 4016
3 4019 4020 4015
3 4020 4017 4015
3 4013 4019 4010
3 4019 4015 4010
3 4021 4022 4013
3 4022 4019 4013
3 4022 4023 4019
3 4023 4020 4019
3 3537 3512 4022
3 3512 4023 4022
3 3535 3537 4021
3 3537 4022 4021
3 4024 4025 4014
3 4025 4012 4014
3 4025 4021 4012
3 4021 4013 4012
3 3533 3535 4025
3 3535 4021 4025
3 3534 3533 4024
3 3533 4025 4024
3 4026 4027 4028
3 4027 4029 4028
3 4027 4030 4029
3 4030 4031 4029
3 4032 4033 4027
3 4033 4030 4027
3 4034 4032 4026
3 4032 4027 4026
3 4030 4035 4031
3 4035 4036 4031
3 4035 4006 4036
3 4006 4008 4036
3 4037 4014 4035
3 4014 4006 4035
3 4033 4037 4030
3 4037 4035 4030
3 4038 4039 4033
3 4039 4037 4033
3 4039 4024 4037
3 4024 4014 4037
3 3968 3534 4039
3 3534 4024 4039
3 3963 3968 4038
3 3968 4039 4038
3 4040 4041 4034
3 4041 4032 4034
3 4041 4038 4032
3 4038 4033 4032
3 3961 3963 4041
3 3963 4038 4041
3 3960 3961 4040
3 3961 4041 4040
3 4042 4043 3460
3 4043 3986 3460
3 4043 4044 3986
3 4044 3991 3986
3 4045 4046 4043
3 4046 4044 4043
3 4047 4045 4042
3 4045 4043 4042
3 4044 4048 3991
3 4048 4002 3991
3 4048 4049 4002
3 4049 4005 4002
3 4050 4051 4048
3 4051 4049 4048
3 4046 4050 4044
3 4050 4048 4044
3 4052 4053 4046
3 4053 4050 4046
3 4053 4054 4050
3 4054 4051 4050
3 4016 4018 4053
3 4018 4054 4053
3 4011 4016 4052
3 4016 4053 4052
3 4055 4056 4047
3 4056 4045 4047
3 4056 4052 4045
3 4052 4046 4045
3 4009 4011 4056
3 4011 4052 4056
3 4008 4009 4055
3 4009 4056 4055
3 4057 4058 3467
3 4058 3465 3467
3 4058 4059 3465
3 4059 3462 3465
3 4060 4061 4058
3 4061 4059 4058
3 4062 4060 4057
3 4060 4058 4057
3 4059 4063 3462
3 4063 3459 3462
3 4063 4042 3459
3 4042 3460 3459
3 4064 4047 4063
3 4047 4042 4063
3 4061 4064 4059
3 4064 4063 4059
3 4065 4066 4061
3 4066 4064 4061
3 4066 4055 4064
3 4055 4047 4064
3 4036 4008 4066
3 4008 4055 4066
3 4031 4036 4065
3 4036 4066 4065
3 4067 4068 4062
3 4068 4060 4062
3 4068 4065 4060
3 4065 4061 4060
3 4029 4031 4068
3 4031 4065 4068
3 4028 4029 4067
3 4029 4068 4067
3 4069 4070 4071
3 4070 4072 4071
3 4070 4073 4072
3 4073 4074 4072
3 4075 4076 4070
3 4076 4073 4070
3 4077 4075 4069
3 4075 4070 4069
3 4073 4078 4074
3 4078 4079 4074
3 4078 4080 4079
3 4080 4081 4079
3 4082 4083 4078
3 4083 4080 4078
3 4076 4082 4073
3 4082 4078 4073
3 4084 4085 4076
3 4085 4082 4076
3 4085 4086 4082
3 4086 4083 4082
3 4087 4088 4085
3 4088 4086 4085
3 4089 4087 4084
3 4087 4085 4084
3 4090 4091 4077
3 4091 4075 4077
3 4091 4084 4075
3 4084 4076 4075
3 4092 4089 4091
3 4089 4084 4091
3 4093 4092 4090
3 4092 4091 4090
3 3993 4094 4095
3 3993 4095 3451
3 4094 4096 4097
3 4094 4097 4095
3 4098 4099 4096
3 4098 4096 4094
3 3995 4098 4094
3 3995 4094 3993
3 4096 4100 4101
3 4096 4101 4097
3 4100 4102 4103
3 4100 4103 4101
3 4104 4105 4102
3 4104 4102 4100
3 4099 4104 4100
3 4099 4100 4096
3 4106 4107 4104
3 4106 4104 4099
3 4107 4108 4105
3 4107 4105 4104
3 4109 4110 4108
3 4109 4108 4107
3 4111 4109 4107
3 4111 4107 4106
3 3998 4112 4098
3 3998 4098 3995
3 4112 4106 4099
3 4112 4099 4098
3 4113 4111 4106
3 4113 4106 4112
3 4000 4113 4112
3 4000 4112 3998
3 4114 4115 4101
3 4114 4101 4103
3 4115 4116 4097
3 4115 4097 4101
3 4117 4118 4116
3 4117 4116 4115
3 4119 4117 4115
3 4119 4115 4114
3 4116 4120 4095
3 4116 4095 4097
3 4120 3448 3451
3 4120 3451 4095
3 4121 3456 3448
3 4121 3448 4120
3 4118 4121 4120
3 4118 4120 4116
3 4122 4123 4121
3 4122 4121 4118
3 4123 3469 3456
3 4123 3456 4121
3 4124 3472 3469
3 4124 3469 4123
3 4125 4124 4123
3 4125 4123 4122
3 4126 4127 4117
3 4126 4117 4119
3 4127 4122 4118
3 4127 4118 4117
3 4128 4125 4122
3 4128 4122 4127
3 4093 4128 4127
3 4093 4127 4126
3 4129 4130 4071
3 4130 4069 4071
3 4130 4131 4069
3 4131 4077 4069
3 4132 4133 4130
3 4133 4131 4130
3 4134 4132 4129
3 4132 4130 4129
3 4131 4135 4077
3 4135 4090 4077
3 4135 4128 4090
3 4128 4093 4090
3 4136 4125 4135
3 4125 4128 4135
3 4133 4136 4131
3 4136 4135 4131
3 4137 4138 4133
3 4138 4136 4133
3 4138 4124 4136
3 4124 4125 4136
3 3490 3472 4138
3 3472 4124 4138
3 3487 3490 4137
3 3490 4138 4137
3 4139 4140 4134
3 4140 4132 4134
3 4140 4137 4132
3 4137 4133 4132
3 3484 3487 4140
3 3487 4137 4140
3 3485 3484 4139
3 3484 4140 4139
3 4141 4142 4129
3 4141 4129 4071
3 4142 4143 4134
3 4142 4134 4129
3 4144 4145 4143
3 4144 4143 4142
3 4146 4144 4141
3 4144 4142 4141
3 4143 4147 4139
3 4143 4139 4134
3 4147 4148 3485
3 4147 3485 4139
3 4149 4150 4148
3 4149 4148 4147
3 4145 4149 4147
3 4145 4147 4143
3 4151 4152 4149
3 4151 4149 4145
3 4152 4153 4150
3 4152 4150 4149
3 3699 3701 4153
3 3699 4153 4152
3 3707 3699 4152
3 3707 4152 4151
3 4154 4155 4146
3 4155 4144 4146
3 4155 4151 4145
3 4155 4145 4144
3 3715 3707 4151
3 3715 4151 4155
3 3718 3715 4154
3 3715 4155 4154
3 4156 4157 4081
3 4157 4079 4081
3 4157 4158 4079
3 4158 4074 4079
3 4159 4160 4157
3 4160 4158 4157
3 4161 4159 4156
3 4159 4157 4156
3 4158 4162 4074
3 4162 4072 4074
3 4162 4141 4072
3 4141 4071 4072
3 4163 4146 4162
3 4146 4141 4162
3 4160 4163 4158
3 4163 4162 4158
3 4164 4165 4160
3 4165 4163 4160
3 4165 4154 4163
3 4154 4146 4163
3 3733 3718 4165
3 3718 4154 4165
3 3730 3733 4164
3 3733 4165 4164
3 4166 4167 4161
3 4167 4159 4161
3 4167 4164 4159
3 4164 4160 4159
3 3727 3730 4167
3 3730 4164 4167
3 3728 3727 4166
3 3727 4167 4166
3 4168 4169 4170
3 4168 4171 4169
3 4170 4172 4173
3 4170 4169 4172
3 4174 4173 4175
3 4174 4170 4173
3 4176 4170 4174
3 4176 4168 4170
3 4173 4177 4178
3 4173 4172 4177
3 4178 4179 4180
3 4178 4177 4179
3 4181 4180 4182
3 4181 4178 4180
3 4175 4178 4181
3 4175 4173 4178
3 4183 4181 4184
3 4183 4175 4181
3 4184 4182 4185
3 4184 4181 4182
3 4126 4185 4093
3 4126 4184 4185
3 4119 4184 4126
3 4119 4183 4184
3 4186 4174 4187
3 4186 4176 4174
3 4187 4175 4183
3 4187 4174 4175
3 4114 4183 4119
3 4114 4187 4183
3 4103 4187 4114
3 4103 4186 4187
3 4188 4189 4190
3 4188 4191 4189
3 4190 4192 4193
3 4190 4189 4192
3 4194 4193 4195
3 4194 4190 4193
3 4196 4190 4194
3 4196 4188 4190
3 4193 4197 4198
3 4193 4192 4197
3 4198 4171 4168
3 4198 4197 4171
3 4199 4168 4176
3 4199 4198 4168
3 4195 4198 4199
3 4195 4193 4198
3 4200 4199 4201
3 4200 4195 4199
3 4201 4176 4186
3 4201 4199 4176
3 4202 4186 4103
3 4202 4201 4186
3 4203 4201 4202
3 4203 4200 4201
3 4204 4196 4205
3 4205 4196 4194
3 4205 4195 4200
3 4205 4194 4195
3 4206 4205 4203
3 4203 4205 4200
3 4207 4204 4206
3 4206 4204 4205
3 4102 4208 4202
3 4102 4202 4103
3 4208 4209 4203
3 4208 4203 4202
3 4210 4211 4209
3 4210 4209 4208
3 4105 4210 4208
3 4105 4208 4102
3 4209 4212 4206
3 4209 4206 4203
3 4212 4213 4207
3 4212 4207 4206
3 4214 4215 4213
3 4214 4213 4212
3 4211 4214 4212
3 4211 4212 4209
3 4216 4217 4214
3 4216 4214 4211
3 4217 4218 4215
3 4217 4215 4214
3 4219 4220 4218
3 4219 4218 4217
3 4221 4219 4217
3 4221 4217 4216
3 4108 4222 4210
3 4108 4210 4105
3 4222 4216 4211
3 4222 4211 4210
3 4223 4221 4216
3 4223 4216 4222
3 4110 4223 4222
3 4110 4222 4108
3 4224 4225 4226
3 4225 4227 4226
3 4225 4228 4227
3 4228 4229 4227
3 4230 4231 4225
3 4231 4228 4225
3 4232 4230 4224
3 4230 4225 4224
3 4228 4233 4229
3 4233 4234 4229
3 4233 4235 4234
3 4235 4236 4234
3 4237 4238 4235
3 4237 4235 4233
3 4231 4237 4228
3 4237 4233 4228
3 4239 4240 4231
3 4240 4237 4231
3 4240 4241 4238
3 4240 4238 4237
3 4242 4243 4240
3 4243 4241 4240
3 4244 4242 4239
3 4242 4240 4239
3 4245 4246 4230
3 4245 4230 4232
3 4246 4239 4230
3 4239 4231 4230
3 4247 4244 4246
3 4244 4239 4246
3 4248 4247 4246
3 4248 4246 4245
3 4249 4250 4251
3 4250 4252 4251
3 4250 4253 4252
3 4253 4254 4252
3 4255 4256 4250
3 4256 4253 4250
3 4257 4255 4249
3 4255 4250 4249
3 4253 4258 4254
3 4258 4259 4254
3 4258 4224 4259
3 4224 4226 4259
3 4260 4232 4258
3 4232 4224 4258
3 4256 4260 4253
3 4260 4258 4253
3 4261 4262 4260
3 4261 4260 4256
3 4262 4245 4232
3 4262 4232 4260
3 4263 4248 4245
3 4263 4245 4262
3 4264 4263 4262
3 4264 4262 4261
3 4265 4266 4257
3 4266 4255 4257
3 4266 4261 4255
3 4261 4256 4255
3 4267 4264 4261
3 4267 4261 4266
3 4268 4267 4265
3 4267 4266 4265
3 4269 4270 4223
3 4269 4223 4110
3 4270 4271 4221
3 4270 4221 4223
3 4272 4273 4271
3 4272 4271 4270
3 4274 4272 4270
3 4274 4270 4269
3 4271 4275 4219
3 4271 4219 4221
3 4275 4276 4220
3 4275 4220 4219
3 4277 4278 4276
3 4277 4276 4275
3 4273 4277 4275
3 4273 4275 4271
3 4279 4280 4277
3 4279 4277 4273
3 4280 4281 4278
3 4280 4278 4277
3 4267 4268 4281
3 4267 4281 4280
3 4264 4267 4280
3 4264 4280 4279
3 4282 4283 4272
3 4282 4272 4274
3 4283 4279 4273
3 4283 4273 4272
3 4263 4264 4279
3 4263 4279 4283
3 4248 4263 4283
3 4248 4283 4282
3 4284 4285 4113
3 4284 4113 4000
3 4285 4286 4111
3 4285 4111 4113
3 4287 4288 4286
3 4287 4286 4285
3 4289 4287 4284
3 4287 4285 4284
3 4286 4290 4109
3 4286 4109 4111
3 4290 4269 4110
3 4290 4110 4109
3 4291 4274 4269
3 4291 4269 4290
3 4288 4291 4290
3 4288 4290 4286
3 4292 4293 4291
3 4292 4291 4288
3 4293 4282 4274
3 4293 4274 4291
3 4247 4248 4282
3 4247 4282 4293
3 4244 4247 4293
3 4244 4293 4292
3 4294 4295 4289
3 4295 4287 4289
3 4295 4292 4287
3 4292 4288 4287
3 4242 4244 4295
3 4244 4292 4295
3 4243 4242 4294
3 4242 4295 4294
3 4296 4297 4298
3 4297 4299 4298
3 4297 4300 4299
3 4300 4301 4299
3 4302 4303 4297
3 4303 4300 4297
3 4304 4302 4296
3 4302 4297 4296
3 4300 4305 4301
3 4305 4306 4301
3 4305 4307 4306
3 4307 4308 4306
3 4309 4310 4305
3 4310 4307 4305
3 4303 4309 4300
3 4309 4305 4300
3 4311 4312 4309
3 4311 4309 4303
3 4312 4313 4309
3 4313 4310 4309
3 4234 4236 4313
3 4234 4313 4312
3 4229 4234 4312
3 4229 4312 4311
3 4314 4315 4302
3 4314 4302 4304
3 4315 4311 4303
3 4315 4303 4302
3 4227 4229 4311
3 4227 4311 4315
3 4226 4227 4315
3 4226 4315 4314
3 4316 4317 4318
3 4317 4319 4318
3 4317 4320 4319
3 4320 4321 4319
3 4322 4323 4317
3 4323 4320 4317
3 4324 4322 4316
3 4322 4317 4316
3 4320 4325 4321
3 4325 4326 4321
3 4325 4296 4326
3 4296 4298 4326
3 4327 4304 4325
3 4304 4296 4325
3 4323 4327 4320
3 4327 4325 4320
3 4328 4329 4323
3 4329 4327 4323
3 4329 4314 4327
3 4314 4304 4327
3 4259 4226 4329
3 4226 4314 4329
3 4254 4259 4328
3 4259 4329 4328
3 4330 4331 4324
3 4331 4322 4324
3 4331 4328 4322
3 4328 4323 4322
3 4252 4254 4331
3 4254 4328 4331
3 4251 4252 4330
3 4252 4331 4330
3 4332 4333 4334
3 4333 4335 4334
3 4333 4336 4335
3 4336 4337 4335
3 4338 4339 4333
3 4339 4336 4333
3 4340 4338 4332
3 4338 4333 4332
3 4336 4341 4337
3 4341 4342 4337
3 4341 4343 4342
3 4343 4344 4342
3 4345 4346 4341
3 4346 4343 4341
3 4339 4345 4336
3 4345 4341 4336
3 4347 4348 4339
3 4348 4345 4339
3 4348 4349 4345
3 4349 4346 4345
3 4306 4308 4348
3 4308 4349 4348
3 4301 4306 4347
3 4306 4348 4347
3 4350 4351 4340
3 4351 4338 4340
3 4351 4347 4338
3 4347 4339 4338
3 4299 4301 4351
3 4301 4347 4351
3 4298 4299 4350
3 4299 4351 4350
3 4352 4353 4354
3 4353 4355 4354
3 4353 4356 4355
3 4356 4357 4355
3 4358 4359 4353
3 4359 4356 4353
3 4360 4358 4352
3 4358 4353 4352
3 4356 4361 4357
3 4361 4362 4357
3 4361 4332 4362
3 4332 4334 4362
3 4363 4340 4361
3 4340 4332 4361
3 4359 4363 4356
3 4363 4361 4356
3 4364 4365 4359
3 4365 4363 4359
3 4365 4350 4363
3 4350 4340 4363
3 4326 4298 4365
3 4298 4350 4365
3 4321 4326 4364
3 4326 4365 4364
3 4366 4367 4360
3 4367 4358 4360
3 4367 4364 4358
3 4364 4359 4358
3 4319 4321 4367
3 4321 4364 4367
3 4318 4319 4366
3 4319 4367 4366
3 4368 4369 4370
3 4369 4371 4370
3 4369 4372 4371
3 4372 4373 4371
3 4374 4375 4369
3 4375 4372 4369
3 4376 4374 4368
3 4374 4369 4368
3 4372 4377 4373
3 4377 4378 4373
3 4377 4379 4378
3 4379 4380 4378
3 4381 4382 4377
3 4382 4379 4377
3 4375 4381 4372
3 4381 4377 4372
3 4383 4384 4375
3 4384 4381 4375
3 4384 4385 4381
3 4385 4382 4381
3 4342 4344 4384
3 4344 4385 4384
3 4337 4342 4383
3 4342 4384 4383
3 4386 4387 4376
3 4387 4374 4376
3 4387 4383 4374
3 4383 4375 4374
3 4335 4337 4387
3 4337 4383 4387
3 4334 4335 4386
3 4335 4387 4386
3 4388 4389 4390
3 4389 4391 4390
3 4389 4392 4391
3 4392 4393 4391
3 4394 4395 4389
3 4395 4392 4389
3 4396 4394 4388
3 4394 4389 4388
3 4392 4397 4393
3 4397 4398 4393
3 4397 4368 4398
3 4368 4370 4398
3 4399 4376 4397
3 4376 4368 4397
3 4395 4399 4392
3 4399 4397 4392
3 4400 4401 4395
3 4401 4399 4395
3 4401 4386 4399
3 4386 4376 4399
3 4362 4334 4401
3 4334 4386 4401
3 4357 4362 4400
3 4362 4401 4400
3 4402 4403 4396
3 4403 4394 4396
3 4403 4400 4394
3 4400 4395 4394
3 4355 4357 4403
3 4357 4400 4403
3 4354 4355 4402
3 4355 4403 4402
3 4404 4405 4171
3 4405 4169 4171
3 4405 4406 4169
3 4406 4172 4169
3 4407 4408 4405
3 4408 4406 4405
3 4409 4407 4404
3 4407 4405 4404
3 4406 4410 4172
3 4410 4177 4172
3 4410 4411 4177
3 4411 4179 4177
3 4412 4413 4411
3 4412 4411 4410
3 4408 4412 4406
3 4412 4410 4406
3 4414 4415 4412
3 4414 4412 4408
3 4415 4416 4413
3 4415 4413 4412
3 4378 4380 4416
3 4378 4416 4415
3 4373 4378 4414
3 4378 4415 4414
3 4417 4418 4409
3 4418 4407 4409
3 4418 4414 4407
3 4414 4408 4407
3 4371 4373 4418
3 4373 4414 4418
3 4370 4371 4417
3 4371 4418 4417
3 4419 4420 4191
3 4420 4189 4191
3 4420 4421 4189
3 4421 4192 4189
3 4422 4423 4420
3 4423 4421 4420
3 4424 4422 4419
3 4422 4420 4419
3 4421 4425 4192
3 4425 4197 4192
3 4425 4404 4197
3 4404 4171 4197
3 4426 4409 4425
3 4409 4404 4425
3 4423 4426 4421
3 4426 4425 4421
3 4427 4428 4423
3 4428 4426 4423
3 4428 4417 4426
3 4417 4409 4426
3 4398 4370 4428
3 4370 4417 4428
3 4393 4398 4427
3 4398 4428 4427
3 4429 4430 4424
3 4430 4422 4424
3 4430 4427 4422
3 4427 4423 4422
3 4391 4393 4430
3 4393 4427 4430
3 4390 4391 4429
3 4391 4430 4429
3 4431 4087 4432
3 4431 4088 4087
3 4432 4089 4433
3 4432 4087 4089
3 4434 4433 4435
3 4434 4432 4433
3 4436 4431 4434
3 4434 4431 4432
3 4433 4092 4437
3 4433 4089 4092
3 4437 4093 4185
3 4437 4092 4093
3 4438 4185 4182
3 4438 4437 4185
3 4435 4437 4438
3 4435 4433 4437
3 4439 4438 4440
3 4439 4435 4438
3 4440 4182 4180
3 4440 4438 4182
3 4441 4180 4179
3 4441 4440 4180
3 4442 4439 4441
3 4441 4439 4440
3 4443 4436 4444
3 4444 4436 4434
3 4444 4434 4439
3 4439 4434 4435
3 4445 4444 4442
3 4442 4444 4439
3 4446 4443 4445
3 4445 4443 4444
3 4447 4448 4313
3 4447 4313 4236
3 4448 4449 4310
3 4448 4310 4313
3 4450 4451 4449
3 4450 4449 4448
3 4452 4450 4448
3 4452 4448 4447
3 4449 4453 4307
3 4449 4307 4310
3 4453 4454 4308
3 4453 4308 4307
3 4455 4456 4453
3 4456 4454 4453
3 4451 4455 4453
3 4451 4453 4449
3 4457 4458 4451
3 4458 4455 4451
3 4458 4459 4455
3 4459 4456 4455
3 4460 4461 4458
3 4461 4459 4458
3 4462 4460 4457
3 4460 4458 4457
3 4463 4464 4450
3 4463 4450 4452
3 4464 4457 4451
3 4464 4451 4450
3 4465 4462 4464
3 4462 4457 4464
3 4466 4465 4464
3 4466 4464 4463
3 3572 4467 4468
3 3572 4468 3573
3 4467 4469 4468
3 4469 4470 4468
3 4471 4472 4469
3 4471 4469 4467
3 3574 4471 3572
3 4471 4467 3572
3 4469 4473 4470
3 4473 4474 4470
3 4473 4475 4474
3 4475 4476 4474
3 4477 4478 4473
3 4478 4475 4473
3 4472 4477 4473
3 4472 4473 4469
3 4479 4480 4477
3 4479 4477 4472
3 4480 4481 4478
3 4480 4478 4477
3 4482 4483 4481
3 4482 4481 4480
3 4484 4482 4480
3 4484 4480 4479
3 3577 4485 3574
3 4485 4471 3574
3 4485 4479 4472
3 4485 4472 4471
3 4486 4484 4479
3 4486 4479 4485
3 3578 4486 3577
3 4486 4485 3577
3 3614 4487 3615
3 4487 4488 3615
3 4487 4489 4488
3 4489 4490 4488
3 4491 4492 4487
3 4492 4489 4487
3 3616 4491 3614
3 4491 4487 3614
3 4489 4493 4490
3 4493 4494 4490
3 4493 4495 4494
3 4495 4496 4494
3 4497 4498 4493
3 4498 4495 4493
3 4492 4497 4489
3 4497 4493 4489
3 4499 4500 4492
3 4500 4497 4492
3 4500 4501 4497
3 4501 4498 4497
3 4474 4476 4500
3 4476 4501 4500
3 4470 4474 4499
3 4474 4500 4499
3 3618 4502 3616
3 4502 4491 3616
3 4502 4499 4491
3 4499 4492 4491
3 4468 4470 4502
3 4470 4499 4502
3 3573 4468 3618
3 4468 4502 3618
3 4475 4503 4476
3 4503 4504 4476
3 4503 4505 4504
3 4505 4506 4504
3 4507 4508 4503
3 4508 4505 4503
3 4478 4507 4475
3 4507 4503 4475
3 4505 4509 4506
3 4509 4510 4506
3 4509 4511 4510
3 4511 4512 4510
3 4513 4514 4509
3 4514 4511 4509
3 4508 4513 4505
3 4513 4509 4505
3 4515 4516 4508
3 4516 4513 4508
3 4516 4517 4513
3 4517 4514 4513
3 4518 4519 4516
3 4519 4517 4516
3 4520 4518 4515
3 4518 4516 4515
3 4481 4521 4478
3 4521 4507 4478
3 4521 4515 4507
3 4515 4508 4507
3 4522 4520 4521
3 4520 4515 4521
3 4483 4522 4521
3 4483 4521 4481
3 4495 4523 4496
3 4523 4524 4496
3 4523 4525 4524
3 4525 4526 4524
3 4527 4528 4523
3 4528 4525 4523
3 4498 4527 4495
3 4527 4523 4495
3 4525 4529 4526
3 4529 4530 4526
3 4529 4531 4530
3 4531 4532 4530
3 4533 4534 4529
3 4534 4531 4529
3 4528 4533 4525
3 4533 4529 4525
3 4535 4536 4528
3 4536 4533 4528
3 4536 4537 4533
3 4537 4534 4533
3 4510 4512 4536
3 4512 4537 4536
3 4506 4510 4535
3 4510 4536 4535
3 4501 4538 4498
3 4538 4527 4498
3 4538 4535 4527
3 4535 4528 4527
3 4504 4506 4538
3 4506 4535 4538
3 4476 4504 4501
3 4504 4538 4501
3 4539 4540 4459
3 4539 4459 4461
3 4540 4541 4456
3 4540 4456 4459
3 4542 4543 4541
3 4542 4541 4540
3 4544 4542 4540
3 4544 4540 4539
3 4541 4545 4454
3 4541 4454 4456
3 4545 4349 4308
3 4545 4308 4454
3 4546 4346 4349
3 4546 4349 4545
3 4543 4546 4545
3 4543 4545 4541
3 4547 4548 4546
3 4547 4546 4543
3 4548 4343 4346
3 4548 4346 4546
3 4549 4344 4343
3 4549 4343 4548
3 4550 4549 4548
3 4550 4548 4547
3 4551 4552 4542
3 4551 4542 4544
3 4552 4547 4543
3 4552 4543 4542
3 4553 4550 4547
3 4553 4547 4552
3 4554 4553 4552
3 4554 4552 4551
3 4549 4555 4344
3 4555 4385 4344
3 4555 4556 4385
3 4556 4382 4385
3 4557 4558 4555
3 4558 4556 4555
3 4550 4557 4549
3 4557 4555 4549
3 4556 4559 4382
3 4559 4379 4382
3 4559 4560 4379
3 4560 4380 4379
3 4561 4562 4559
3 4562 4560 4559
3 4558 4561 4556
3 4561 4559 4556
3 4563 4564 4558
3 4564 4561 4558
3 4564 4565 4561
3 4565 4562 4561
3 4566 4567 4564
3 4567 4565 4564
3 4568 4566 4563
3 4566 4564 4563
3 4553 4569 4550
3 4569 4557 4550
3 4569 4563 4557
3 4563 4558 4557
3 4570 4568 4569
3 4568 4563 4569
3 4554 4570 4553
3 4570 4569 4553
3 4571 4572 4565
3 4571 4565 4567
3 4572 4573 4562
3 4572 4562 4565
3 4574 4575 4573
3 4574 4573 4572
3 4576 4574 4572
3 4576 4572 4571
3 4573 4577 4560
3 4573 4560 4562
3 4577 4578 4560
3 4578 4380 4560
3 4579 4580 4578
3 4579 4578 4577
3 4575 4579 4577
3 4575 4577 4573
3 4581 4582 4579
3 4581 4579 4575
3 4582 4583 4580
3 4582 4580 4579
3 4584 4585 4583
3 4584 4583 4582
3 4586 4584 4581
3 4584 4582 4581
3 4587 4588 4574
3 4587 4574 4576
3 4588 4581 4575
3 4588 4575 4574
3 4589 4586 4588
3 4586 4581 4588
3 4590 4589 4588
3 4590 4588 4587
3 4591 4592 4416
3 4591 4416 4380
3 4592 4593 4416
3 4593 4413 4416
3 4594 4595 4592
3 4595 4593 4592
3 4596 4594 4591
3 4594 4592 4591
3 4593 4597 4413
3 4597 4411 4413
3 4597 4441 4411
3 4441 4179 4411
3 4598 4442 4597
3 4442 4441 4597
3 4595 4598 4593
3 4598 4597 4593
3 4599 4600 4595
3 4600 4598 4595
3 4600 4445 4598
3 4445 4442 4598
3 4601 4446 4600
3 4446 4445 4600
3 4602 4601 4599
3 4601 4600 4599
3 4603 4604 4596
3 4604 4594 4596
3 4604 4599 4594
3 4599 4595 4594
3 4605 4602 4604
3 4602 4599 4604
3 4606 4605 4603
3 4605 4604 4603
3 4607 4608 4589
3 4607 4589 4590
3 4608 4609 4589
3 4609 4586 4589
3 4610 4611 4608
3 4611 4609 4608
3 4612 4610 4608
3 4612 4608 4607
3 4609 4613 4586
3 4613 4584 4586
3 4613 4614 4585
3 4613 4585 4584
3 4615 4616 4614
3 4615 4614 4613
3 4611 4615 4609
3 4615 4613 4609
3 4617 4618 4615
3 4617 4615 4611
3 4618 4619 4616
3 4618 4616 4615
3 4537 4512 4619
3 4537 4619 4618
3 4534 4537 4618
3 4534 4618 4617
3 4620 4621 4610
3 4620 4610 4612
3 4621 4617 4611
3 4621 4611 4610
3 4531 4534 4617
3 4531 4617 4621
3 4532 4531 4621
3 4532 4621 4620
3 4622 4623 4624
3 4622 4624 4625
3 4623 4626 4627
3 4623 4627 4624
3 4628 4629 4626
3 4628 4626 4623
3 4630 4628 4623
3 4630 4623 4622
3 4626 4631 4632
3 4626 4632 4627
3 4631 4583 4585
3 4631 4585 4632
3 4633 4580 4583
3 4633 4583 4631
3 4629 4633 4631
3 4629 4631 4626
3 4634 4635 4633
3 4634 4633 4629
3 4635 4578 4580
3 4635 4580 4633
3 4591 4380 4578
3 4591 4578 4635
3 4596 4591 4635
3 4596 4635 4634
3 4636 4637 4628
3 4636 4628 4630
3 4637 4634 4629
3 4637 4629 4628
3 4603 4596 4634
3 4603 4634 4637
3 4606 4603 4637
3 4606 4637 4636
3 4511 4638 4512
3 4638 4619 4512
3 4638 4639 4619
3 4639 4616 4619
3 4640 4641 4638
3 4641 4639 4638
3 4514 4640 4511
3 4640 4638 4511
3 4639 4642 4616
3 4642 4614 4616
3 4642 4632 4614
3 4632 4585 4614
3 4643 4627 4642
3 4627 4632 4642
3 4641 4643 4639
3 4643 4642 4639
3 4644 4645 4641
3 4645 4643 4641
3 4645 4624 4643
3 4624 4627 4643
3 4646 4625 4645
3 4625 4624 4645
3 4647 4646 4644
3 4646 4645 4644
3 4517 4648 4514
3 4648 4640 4514
3 4648 4644 4640
3 4644 4641 4640
3 4649 4647 4648
3 4647 4644 4648
3 4519 4649 4517
3 4649 4648 4517
3 4650 4651 4652
3 4651 4653 4652
3 4651 4654 4653
3 4654 4655 4653
3 4656 4657 4651
3 4657 4654 4651
3 4658 4656 4650
3 4656 4651 4650
3 4654 4659 4655
3 4659 4660 4655
3 4659 4661 4660
3 4661 4662 4660
3 4663 4664 4659
3 4664 4661 4659
3 4657 4663 4654
3 4663 4659 4654
3 4665 4666 4657
3 4666 4663 4657
3 4666 4667 4663
3 4667 4664 4663
3 4447 4236 4666
3 4236 4667 4666
3 4452 4447 4665
3 4447 4666 4665
3 4668 4669 4658
3 4669 4656 4658
3 4669 4665 4656
3 4665 4657 4656
3 4463 4452 4669
3 4452 4665 4669
3 4466 4463 4668
3 4463 4669 4668
3 4670 4671 4672
3 4670 4672 4673
3 4671 4674 4675
3 4671 4675 4672
3 4676 4677 4674
3 4676 4674 4671
3 4678 4676 4671
3 4678 4671 4670
3 4674 4679 4680
3 4674 4680 4675
3 4679 4660 4662
3 4679 4662 4680
3 4681 4655 4660
3 4681 4660 4679
3 4677 4681 4679
3 4677 4679 4674
3 4682 4683 4681
3 4682 4681 4677
3 4683 4653 4655
3 4683 4655 4681
3 4684 4652 4653
3 4684 4653 4683
3 4685 4684 4683
3 4685 4683 4682
3 4686 4687 4676
3 4686 4676 4678
3 4687 4682 4677
3 4687 4677 4676
3 4688 4685 4682
3 4688 4682 4687
3 4689 4688 4687
3 4689 4687 4686
3 4690 4691 4692
3 4691 4693 4692
3 4691 4694 4693
3 4694 4695 4693
3 4696 4697 4691
3 4697 4694 4691
3 4698 4696 4690
3 4696 4691 4690
3 4694 4699 4695
3 4699 4700 4695
3 4699 4701 4700
3 4701 4702 4700
3 4703 4704 4699
3 4704 4701 4699
3 4697 4703 4694
3 4703 4699 4694
3 4705 4706 4697
3 4706 4703 4697
3 4706 4707 4703
3 4707 4704 4703
3 4670 4673 4706
3 4673 4707 4706
3 4678 4670 4705
3 4670 4706 4705
3 4708 4709 4698
3 4709 4696 4698
3 4709 4705 4696
3 4705 4697 4696
3 4686 4678 4709
3 4678 4705 4709
3 4689 4686 4708
3 4686 4709 4708
3 3951 4710 4711
3 3951 4711 3952
3 4710 4712 4713
3 4710 4713 4711
3 4714 4715 4712
3 4714 4712 4710
3 3953 4714 4710
3 3953 4710 3951
3 4712 4716 4717
3 4712 4717 4713
3 4716 4700 4702
3 4716 4702 4717
3 4718 4695 4700
3 4718 4700 4716
3 4715 4718 4716
3 4715 4716 4712
3 4719 4720 4718
3 4719 4718 4715
3 4720 4693 4695
3 4720 4695 4718
3 4721 4692 4693
3 4721 4693 4720
3 4722 4721 4720
3 4722 4720 4719
3 3956 4723 4714
3 3956 4714 3953
3 4723 4719 4715
3 4723 4715 4714
3 4724 4722 4719
3 4724 4719 4723
3 3957 4724 4723
3 3957 4723 3956
3 4725 4726 3781
3 4726 3779 3781
3 4726 4727 3779
3 4727 3776 3779
3 4728 4729 4726
3 4729 4727 4726
3 4730 4728 4725
3 4728 4726 4725
3 4727 4731 3776
3 4731 3774 3776
3 4731 3679 3774
3 3679 3681 3774
3 4732 3687 4731
3 3687 3679 4731
3 4729 4732 4727
3 4732 4731 4727
3 4733 4734 4729
3 4734 4732 4729
3 4734 3695 4732
3 3695 3687 4732
3 4735 3698 4734
3 3698 3695 4734
3 4736 4735 4733
3 4735 4734 4733
3 4737 4738 4730
3 4738 4728 4730
3 4738 4733 4728
3 4733 4729 4728
3 4739 4736 4738
3 4736 4733 4738
3 4740 4739 4737
3 4739 4738 4737
3 3814 4741 3815
3 4741 4742 3815
3 4741 4743 4742
3 4743 4744 4742
3 4745 4746 4741
3 4746 4743 4741
3 3817 4745 3814
3 4745 4741 3814
3 4743 4747 4744
3 4747 4748 4744
3 4747 4749 4748
3 4749 4750 4748
3 4751 4752 4747
3 4752 4749 4747
3 4746 4751 4743
3 4751 4747 4743
3 4753 4754 4746
3 4754 4751 4746
3 4754 4755 4751
3 4755 4752 4751
3 3787 3766 4755
3 3787 4755 4754
3 3792 3787 4754
3 3792 4754 4753
3 3820 4756 3817
3 4756 4745 3817
3 4756 4753 4746
3 4756 4746 4745
3 3799 3792 4753
3 3799 4753 4756
3 3802 3799 4756
3 3802 4756 3820
3 3850 4757 3851
3 4757 4758 3851
3 4757 4759 4758
3 4759 4760 4758
3 4761 4762 4757
3 4762 4759 4757
3 3853 4761 3850
3 4761 4757 3850
3 4759 4763 4760
3 4763 4764 4760
3 4763 4765 4764
3 4765 4766 4764
3 4767 4768 4763
3 4768 4765 4763
3 4762 4767 4759
3 4767 4763 4759
3 4769 4770 4762
3 4770 4767 4762
3 4770 4771 4767
3 4771 4768 4767
3 4748 4750 4770
3 4750 4771 4770
3 4744 4748 4769
3 4748 4770 4769
3 3856 4772 3853
3 4772 4761 3853
3 4772 4769 4761
3 4769 4762 4761
3 4742 4744 4772
3 4744 4769 4772
3 3815 4742 3856
3 4742 4772 3856
3 3886 4773 3887
3 4773 4774 3887
3 4773 4775 4774
3 4775 4776 4774
3 4777 4778 4773
3 4778 4775 4773
3 3889 4777 3886
3 4777 4773 3886
3 4775 4779 4776
3 4779 4780 4776
3 4779 4781 4780
3 4781 3476 4780
3 4782 4783 4779
3 4783 4781 4779
3 4778 4782 4775
3 4782 4779 4775
3 4784 4785 4778
3 4785 4782 4778
3 4785 4786 4782
3 4786 4783 4782
3 4764 4766 4785
3 4766 4786 4785
3 4760 4764 4784
3 4764 4785 4784
3 3892 4787 3889
3 4787 4777 3889
3 4787 4784 4777
3 4784 4778 4777
3 4758 4760 4787
3 4760 4784 4787
3 3851 4758 3892
3 4758 4787 3892
3 3918 4788 3701
3 4788 4153 3701
3 4788 4789 4153
3 4789 4150 4153
3 4790 4791 4788
3 4791 4789 4788
3 3920 4790 3918
3 4790 4788 3918
3 4789 4792 4150
3 4792 4148 4150
3 4792 3483 4148
3 3483 3485 4148
3 4793 3478 4792
3 3478 3483 4792
3 4791 4793 4789
3 4793 4792 4789
3 4794 4795 4791
3 4795 4793 4791
3 4795 3475 4793
3 3475 3478 4793
3 4780 3476 4795
3 3476 3475 4795
3 4776 4780 4794
3 4780 4795 4794
3 3923 4796 3920
3 4796 4790 3920
3 4796 4794 4790
3 4794 4791 4790
3 4774 4776 4796
3 4776 4794 4796
3 3887 4774 3923
3 4774 4796 3923
3 4701 4797 4702
3 4797 4798 4702
3 4797 4799 4798
3 4799 4800 4798
3 4801 4802 4797
3 4802 4799 4797
3 4704 4801 4701
3 4801 4797 4701
3 4799 4803 4800
3 4803 4804 4800
3 4803 4805 4804
3 4805 3517 4804
3 4806 4807 4803
3 4807 4805 4803
3 4802 4806 4799
3 4806 4803 4799
3 4808 4809 4802
3 4809 4806 4802
3 4809 4810 4806
3 4810 4807 4806
3 4811 4812 4809
3 4812 4810 4809
3 4813 4811 4808
3 4811 4809 4808
3 4707 4814 4704
3 4814 4801 4704
3 4814 4808 4801
3 4808 4802 4801
3 4815 4813 4814
3 4813 4808 4814
3 4673 4815 4707
3 4815 4814 4707
3 3514 4816 3517
3 4816 4804 3517
3 4816 4817 4804
3 4817 4800 4804
3 4818 4819 4816
3 4819 4817 4816
3 3501 4818 3514
3 4818 4816 3514
3 4817 4820 4800
3 4820 4798 4800
3 4820 4717 4798
3 4717 4702 4798
3 4821 4713 4820
3 4713 4717 4820
3 4819 4821 4817
3 4821 4820 4817
3 4822 4823 4819
3 4823 4821 4819
3 4823 4711 4821
3 4711 4713 4821
3 3974 3952 4823
3 3952 4711 4823
3 3979 3974 4822
3 3974 4823 4822
3 3493 4824 3501
3 4824 4818 3501
3 4824 4822 4818
3 4822 4819 4818
3 3984 3979 4824
3 3979 4822 4824
3 3495 3984 3493
3 3984 4824 3493
3 4749 4825 4750
3 4825 4826 4750
3 4825 4827 4826
3 4827 4828 4826
3 4829 4830 4825
3 4830 4827 4825
3 4752 4829 4749
3 4829 4825 4749
3 4827 4831 4828
3 4831 4832 4828
3 4831 3958 4832
3 3958 3960 4832
3 4833 3966 4831
3 3966 3958 4831
3 4830 4833 4827
3 4833 4831 4827
3 4834 4835 4830
3 4835 4833 4830
3 4835 3972 4833
3 3972 3966 4833
3 3751 3631 4835
3 3631 3972 4835
3 3756 3751 4834
3 3751 4835 4834
3 4755 4836 4752
3 4836 4829 4752
3 4836 4834 4829
3 4834 4830 4829
3 3763 3756 4834
3 3763 4834 4836
3 3766 3763 4836
3 3766 4836 4755
3 4765 4837 4766
3 4837 4838 4766
3 4837 4839 4838
3 4839 4840 4838
3 4841 4842 4837
3 4842 4839 4837
3 4768 4841 4765
3 4841 4837 4765
3 4839 4843 4840
3 4843 4844 4840
3 4843 4026 4844
3 4026 4028 4844
3 4845 4034 4843
3 4034 4026 4843
3 4842 4845 4839
3 4845 4843 4839
3 4846 4847 4842
3 4847 4845 4842
3 4847 4040 4845
3 4040 4034 4845
3 4832 3960 4847
3 3960 4040 4847
3 4828 4832 4846
3 4832 4847 4846
3 4771 4848 4768
3 4848 4841 4768
3 4848 4846 4841
3 4846 4842 4841
3 4826 4828 4848
3 4828 4846 4848
3 4750 4826 4771
3 4826 4848 4771
3 4661 4849 4662
3 4849 4850 4662
3 4849 4851 4850
3 4851 4852 4850
3 4853 4854 4849
3 4854 4851 4849
3 4664 4853 4661
3 4853 4849 4661
3 4851 4855 4852
3 4855 4856 4852
3 4855 4857 4856
3 4857 4858 4856
3 4859 4860 4855
3 4860 4857 4855
3 4854 4859 4851
3 4859 4855 4851
3 4861 4862 4854
3 4862 4859 4854
3 4862 4863 4859
3 4863 4860 4859
3 4241 4243 4862
3 4243 4863 4862
3 4238 4241 4861
3 4241 4862 4861
3 4667 4864 4664
3 4864 4853 4664
3 4864 4861 4853
3 4861 4854 4853
3 4235 4238 4864
3 4238 4861 4864
3 4236 4235 4667
3 4235 4864 4667
3 4672 4865 4673
3 4865 4815 4673
3 4865 4866 4815
3 4866 4813 4815
3 4867 4868 4865
3 4868 4866 4865
3 4675 4867 4672
3 4867 4865 4672
3 4866 4869 4813
3 4869 4811 4813
3 4869 4870 4811
3 4870 4812 4811
3 4871 4872 4869
3 4872 4870 4869
3 4868 4871 4866
3 4871 4869 4866
3 4873 4874 4868
3 4874 4871 4868
3 4874 4875 4871
3 4875 4872 4871
3 4856 4858 4874
3 4858 4875 4874
3 4852 4856 4873
3 4856 4874 4873
3 4680 4876 4675
3 4876 4867 4675
3 4876 4873 4867
3 4873 4868 4867
3 4850 4852 4876
3 4852 4873 4876
3 4662 4850 4680
3 4850 4876 4680
3 4067 4877 4028
3 4877 4844 4028
3 4877 4878 4844
3 4878 4840 4844
3 4879 4880 4878
3 4879 4878 4877
3 4062 4879 4067
3 4879 4877 4067
3 4878 4881 4840
3 4881 4838 4840
3 4881 4786 4838
3 4786 4766 4838
3 4882 4783 4881
3 4783 4786 4881
3 4880 4882 4878
3 4882 4881 4878
3 4883 4884 4880
3 4884 4882 4880
3 4884 4781 4882
3 4781 4783 4882
3 3473 3476 4884
3 3476 4781 4884
3 3481 3473 4884
3 3481 4884 4883
3 4057 4885 4062
3 4885 4879 4062
3 4885 4883 4880
3 4885 4880 4879
3 3491 3481 4883
3 3491 4883 4885
3 3467 3491 4885
3 3467 4885 4057
3 4886 4887 4888
3 4886 4888 4889
3 4887 4890 4891
3 4887 4891 4888
3 4892 4893 4890
3 4892 4890 4887
3 4894 4892 4887
3 4894 4887 4886
3 4890 4895 4896
3 4890 4896 4891
3 4895 3823 3826
3 4895 3826 4896
3 4897 3831 3823
3 4897 3823 4895
3 4893 4897 4895
3 4893 4895 4890
3 4898 4899 4897
3 4898 4897 4893
3 4899 3837 3831
3 4899 3831 4897
3 4725 3781 3837
3 4725 3837 4899
3 4730 4725 4899
3 4730 4899 4898
3 4900 4901 4892
3 4900 4892 4894
3 4901 4898 4893
3 4901 4893 4892
3 4737 4730 4898
3 4737 4898 4901
3 4740 4737 4901
3 4740 4901 4900
3 4902 4903 4904
3 4903 4905 4904
3 4903 4906 4905
3 4906 4907 4905
3 4908 4909 4903
3 4909 4906 4903
3 4910 4908 4902
3 4908 4903 4902
3 4906 4911 4907
3 4911 4912 4907
3 4911 3859 4912
3 3859 3861 4912
3 4913 3867 4911
3 3867 3859 4911
3 4909 4913 4906
3 4913 4911 4906
3 4914 4915 4909
3 4915 4913 4909
3 4915 3873 4913
3 3873 3867 4913
3 4896 3826 4915
3 3826 3873 4915
3 4891 4896 4914
3 4896 4915 4914
3 4916 4917 4910
3 4917 4908 4910
3 4917 4914 4908
3 4914 4909 4908
3 4888 4891 4917
3 4891 4914 4917
3 4889 4888 4916
3 4888 4917 4916
3 4918 4919 4920
3 4919 4921 4920
3 4919 4922 4921
3 4922 4923 4921
3 4924 4925 4919
3 4925 4922 4919
3 4926 4924 4918
3 4924 4919 4918
3 4922 4927 4923
3 4927 4928 4923
3 4927 3895 4928
3 3895 3897 4928
3 4929 3903 4927
3 3903 3895 4927
3 4925 4929 4922
3 4929 4927 4922
3 4930 4931 4925
3 4931 4929 4925
3 4931 3909 4929
3 3909 3903 4929
3 4912 3861 4931
3 3861 3909 4931
3 4907 4912 4930
3 4912 4931 4930
3 4932 4933 4926
3 4933 4924 4926
3 4933 4930 4924
3 4930 4925 4924
3 4905 4907 4933
3 4907 4930 4933
3 4904 4905 4932
3 4905 4933 4932
3 4934 4935 3606
3 4934 3606 3608
3 4935 4936 3606
3 4936 3602 3606
3 4937 4938 4935
3 4938 4936 4935
3 4939 4937 4934
3 4937 4935 4934
3 4936 4940 3602
3 4940 3600 3602
3 4940 3926 3600
3 3926 3595 3600
3 4941 3931 4940
3 3931 3926 4940
3 4938 4941 4936
3 4941 4940 4936
3 4942 4943 4938
3 4943 4941 4938
3 4943 3936 4941
3 3936 3931 4941
3 4928 3897 4943
3 3897 3936 4943
3 4923 4928 4942
3 4928 4943 4942
3 4944 4945 4939
3 4945 4937 4939
3 4945 4942 4937
3 4942 4938 4937
3 4921 4923 4945
3 4923 4942 4945
3 4920 4921 4944
3 4921 4945 4944
3 4946 4947 4810
3 4946 4810 4812
3 4947 4948 4807
3 4947 4807 4810
3 4949 4950 4948
3 4949 4948 4947
3 4951 4949 4947
3 4951 4947 4946
3 4948 4952 4805
3 4948 4805 4807
3 4952 3516 3517
3 4952 3517 4805
3 4953 3513 3516
3 4953 3516 4952
3 4950 4953 4952
3 4950 4952 4948
3 4954 4955 4953
3 4954 4953 4950
3 4955 3511 3513
3 4955 3513 4953
3 4023 3512 3511
3 4023 3511 4955
3 4020 4023 4955
3 4020 4955 4954
3 4956 4957 4949
3 4956 4949 4951
3 4957 4954 4950
3 4957 4950 4949
3 4017 4020 4954
3 4017 4954 4957
3 4018 4017 4957
3 4018 4957 4956
3 4958 4959 4875
3 4958 4875 4858
3 4959 4960 4872
3 4959 4872 4875
3 4961 4962 4960
3 4961 4960 4959
3 4963 4961 4959
3 4963 4959 4958
3 4960 4964 4870
3 4960 4870 4872
3 4964 4946 4812
3 4964 4812 4870
3 4965 4951 4946
3 4965 4946 4964
3 4962 4965 4964
3 4962 4964 4960
3 4966 4967 4965
3 4966 4965 4962
3 4967 4956 4951
3 4967 4951 4965
3 4054 4018 4956
3 4054 4956 4967
3 4051 4054 4967
3 4051 4967 4966
3 4968 4969 4961
3 4968 4961 4963
3 4969 4966 4962
3 4969 4962 4961
3 4049 4051 4966
3 4049 4966 4969
3 4005 4049 4969
3 4005 4969 4968
3 4294 4970 4243
3 4970 4863 4243
3 4970 4971 4860
3 4970 4860 4863
3 4972 4973 4970
3 4973 4971 4970
3 4289 4972 4294
3 4972 4970 4294
3 4971 4974 4857
3 4971 4857 4860
3 4974 4958 4858
3 4974 4858 4857
3 4975 4963 4958
3 4975 4958 4974
3 4973 4975 4974
3 4973 4974 4971
3 4976 4977 4975
3 4976 4975 4973
3 4977 4968 4963
3 4977 4963 4975
3 4004 4005 4968
3 4004 4968 4977
3 4001 4004 4977
3 4001 4977 4976
3 4284 4978 4289
3 4978 4972 4289
3 4978 4976 4973
3 4978 4973 4972
3 3999 4001 4976
3 3999 4976 4978
3 4000 3999 4978
3 4000 4978 4284
3 4979 4980 4981
3 4979 4981 4982
3 4980 4983 4984
3 4980 4984 4981
3 4985 4986 4983
3 4985 4983 4980
3 4987 4985 4980
3 4987 4980 4979
3 4983 4988 4989
3 4983 4989 4984
3 4988 4990 4991
3 4988 4991 4989
3 4992 4993 4990
3 4992 4990 4988
3 4986 4992 4988
3 4986 4988 4983
3 4994 4995 4992
3 4994 4992 4986
3 4995 4996 4993
3 4995 4993 4992
3 4997 4998 4996
3 4997 4996 4995
3 4999 4997 4994
3 4997 4995 4994
3 5000 5001 4985
3 5000 4985 4987
3 5001 4994 4986
3 5001 4986 4985
3 5002 4999 5001
3 4999 4994 5001
3 5003 5002 5000
3 5002 5001 5000
3 5004 5005 3615
3 5005 3613 3615
3 5005 5006 3613
3 5006 3610 3613
3 5007 5008 5005
3 5008 5006 5005
3 5009 5007 5004
3 5007 5005 5004
3 5006 5010 3610
3 5010 3607 3610
3 5010 5011 3607
3 5011 3608 3607
3 5012 5013 5010
3 5013 5011 5010
3 5008 5012 5006
3 5012 5010 5006
3 5014 5015 5008
3 5015 5012 5008
3 5015 5016 5012
3 5016 5013 5012
3 5017 5018 5016
3 5017 5016 5015
3 5019 5017 5014
3 5017 5015 5014
3 5020 5021 5009
3 5021 5007 5009
3 5021 5014 5007
3 5014 5008 5007
3 5022 5019 5021
3 5019 5014 5021
3 5023 5022 5020
3 5022 5021 5020
3 3693 5024 3675
3 5024 5025 3675
3 5024 5026 5025
3 5026 5027 5025
3 5028 5029 5024
3 5029 5026 5024
3 3694 5028 3693
3 5028 5024 3693
3 5026 5030 5027
3 5030 5031 5027
3 5030 5032 5031
3 5032 5033 5031
3 5034 5035 5030
3 5035 5032 5030
3 5029 5034 5026
3 5034 5030 5026
3 5036 5037 5029
3 5037 5034 5029
3 5037 5038 5034
3 5038 5035 5034
3 5039 5040 5037
3 5040 5038 5037
3 5041 5039 5036
3 5039 5037 5036
3 3697 5042 5028
3 3697 5028 3694
3 5042 5036 5028
3 5036 5029 5028
3 5043 5041 5042
3 5041 5036 5042
3 3698 5043 5042
3 3698 5042 3697
3 5032 5044 5033
3 5044 5045 5033
3 5044 5046 5045
3 5046 5047 5045
3 5048 5049 5044
3 5049 5046 5044
3 5035 5048 5032
3 5048 5044 5032
3 5046 5050 5047
3 5050 5051 5047
3 5050 5052 5053
3 5050 5053 5051
3 5054 5055 5050
3 5055 5052 5050
3 5049 5054 5046
3 5054 5050 5046
3 5056 5057 5049
3 5057 5054 5049
3 5057 5058 5054
3 5058 5055 5054
3 5059 5060 5057
3 5060 5058 5057
3 5061 5059 5056
3 5059 5057 5056
3 5038 5062 5035
3 5062 5048 5035
3 5062 5056 5048
3 5056 5049 5048
3 5063 5061 5062
3 5061 5056 5062
3 5040 5063 5038
3 5063 5062 5038
3 5064 5065 5066
3 5064 5066 5067
3 5065 5068 5069
3 5065 5069 5066
3 5070 5071 5068
3 5070 5068 5065
3 5072 5070 5065
3 5072 5065 5064
3 5068 5073 5074
3 5068 5074 5069
3 5073 5058 5060
3 5073 5060 5074
3 5075 5055 5058
3 5075 5058 5073
3 5071 5075 5073
3 5071 5073 5068
3 5076 5077 5075
3 5076 5075 5071
3 5077 5052 5055
3 5077 5055 5075
3 5078 5053 5052
3 5078 5052 5077
3 5079 5078 5077
3 5079 5077 5076
3 5080 5081 5070
3 5080 5070 5072
3 5081 5076 5071
3 5081 5071 5070
3 5082 5079 5076
3 5082 5076 5081
3 5083 5082 5081
3 5083 5081 5080
3 5084 5085 5086
3 5084 5086 5087
3 5085 5088 5089
3 5085 5089 5086
3 5090 5091 5088
3 5090 5088 5085
3 5092 5090 5084
3 5090 5085 5084
3 5088 5093 5094
3 5088 5094 5089
3 5093 5064 5067
3 5093 5067 5094
3 5095 5072 5064
3 5095 5064 5093
3 5091 5095 5093
3 5091 5093 5088
3 5096 5097 5095
3 5096 5095 5091
3 5097 5080 5072
3 5097 5072 5095
3 5098 5083 5080
3 5098 5080 5097
3 5099 5098 5097
3 5099 5097 5096
3 5100 5101 5090
3 5100 5090 5092
3 5101 5096 5091
3 5101 5091 5090
3 5102 5099 5096
3 5102 5096 5101
3 5103 5102 5101
3 5103 5101 5100
3 5104 5105 5106
3 5104 5106 5107
3 5105 5108 5106
3 5108 5109 5106
3 5110 5111 5105
3 5111 5108 5105
3 5112 5110 5104
3 5110 5105 5104
3 5108 5113 5109
3 5113 5114 5109
3 5113 5084 5114
3 5084 5087 5114
3 5115 5092 5113
3 5092 5084 5113
3 5111 5115 5108
3 5115 5113 5108
3 5116 5117 5111
3 5117 5115 5111
3 5117 5100 5115
3 5100 5092 5115
3 5118 5103 5100
3 5118 5100 5117
3 5119 5118 5117
3 5119 5117 5116
3 5120 5121 5110
3 5120 5110 5112
3 5121 5116 5111
3 5121 5111 5110
3 5122 5119 5116
3 5122 5116 5121
3 5123 5122 5121
3 5123 5121 5120
3 5124 5125 5126
3 5125 5127 5126
3 5125 5128 5127
3 5128 5129 5127
3 5130 5131 5125
3 5131 5128 5125
3 5132 5130 5124
3 5130 5125 5124
3 5128 5133 5129
3 5133 5134 5129
3 5133 5135 5134
3 5135 5136 5134
3 5137 5138 5133
3 5138 5135 5133
3 5131 5137 5128
3 5137 5133 5128
3 5139 5140 5131
3 5140 5137 5131
3 5140 5141 5137
3 5141 5138 5137
3 5104 5107 5140
3 5107 5141 5140
3 5112 5104 5139
3 5104 5140 5139
3 5142 5143 5132
3 5143 5130 5132
3 5143 5139 5130
3 5139 5131 5130
3 5120 5112 5143
3 5112 5139 5143
3 5123 5120 5142
3 5120 5143 5142
3 5144 5145 4996
3 5144 4996 4998
3 5145 5146 4996
3 5146 4993 4996
3 5147 5148 5145
3 5148 5146 5145
3 5149 5147 5144
3 5147 5145 5144
3 5146 5150 4993
3 5150 4990 4993
3 5150 5151 4990
3 5151 4991 4990
3 5152 5153 5150
3 5153 5151 5150
3 5148 5152 5146
3 5152 5150 5146
3 5154 5155 5148
3 5155 5152 5148
3 5155 5156 5152
3 5156 5153 5152
3 5134 5136 5155
3 5136 5156 5155
3 5129 5134 5154
3 5134 5155 5154
3 5157 5158 5149
3 5158 5147 5149
3 5158 5154 5147
3 5154 5148 5147
3 5127 5129 5158
3 5129 5154 5158
3 5126 5127 5157
3 5127 5158 5157
3 5045 5159 5033
3 5159 5031 5033
3 5159 5160 5031
3 5160 5027 5031
3 5161 5162 5159
3 5162 5160 5159
3 5047 5161 5045
3 5161 5159 5045
3 5160 5163 5027
3 5163 5025 5027
3 5163 3673 5025
3 3673 3675 5025
3 5164 3670 5163
3 3670 3673 5163
3 5162 5164 5160
3 5164 5163 5160
3 5165 5166 5162
3 5166 5164 5162
3 5166 3667 5164
3 3667 3670 5164
3 5167 3668 5166
3 3668 3667 5166
3 5168 5167 5165
3 5167 5166 5165
3 5051 5169 5047
3 5169 5161 5047
3 5169 5165 5161
3 5165 5162 5161
3 5170 5168 5169
3 5168 5165 5169
3 5053 5170 5051
3 5170 5169 5051
3 5078 5171 5053
3 5171 5170 5053
3 5171 5172 5170
3 5172 5168 5170
3 5173 5174 5171
3 5174 5172 5171
3 5079 5173 5078
3 5173 5171 5078
3 5172 5175 5168
3 5175 5167 5168
3 5175 3938 5167
3 3938 3668 5167
3 5176 3943 5175
3 3943 3938 5175
3 5174 5176 5172
3 5176 5175 5172
3 5177 5178 5174
3 5178 5176 5174
3 5178 3954 5176
3 3954 3943 5176
3 5179 3957 5178
3 3957 3954 5178
3 5180 5179 5177
3 5179 5178 5177
3 5082 5181 5079
3 5181 5173 5079
3 5181 5177 5173
3 5177 5174 5173
3 5182 5180 5181
3 5180 5177 5181
3 5083 5182 5082
3 5182 5181 5082
3 5011 5183 5184
3 5011 5184 3608
3 5183 5185 5186
3 5183 5186 5184
3 5187 5188 5185
3 5187 5185 5183
3 5013 5187 5183
3 5013 5183 5011
3 5185 5189 5190
3 5185 5190 5186
3 5189 5191 5192
3 5189 5192 5190
3 5193 5194 5191
3 5193 5191 5189
3 5188 5193 5189
3 5188 5189 5185
3 5195 5196 5193
3 5195 5193 5188
3 5196 5197 5194
3 5196 5194 5193
3 5198 5199 5197
3 5198 5197 5196
3 5200 5198 5196
3 5200 5196 5195
3 5016 5201 5187
3 5016 5187 5013
3 5201 5195 5188
3 5201 5188 5187
3 5202 5200 5195
3 5202 5195 5201
3 5018 5202 5201
3 5018 5201 5016
3 5203 5204 5205
3 5204 5206 5205
3 5204 5207 5206
3 5207 5208 5206
3 5209 5210 5204
3 5210 5207 5204
3 5211 5209 5203
3 5209 5204 5203
3 5207 5212 5208
3 5212 5213 5208
3 5212 4989 5213
3 4989 4991 5213
3 5214 4984 5212
3 4984 4989 5212
3 5210 5214 5207
3 5214 5212 5207
3 5215 5216 5210
3 5216 5214 5210
3 5216 4981 5214
3 4981 4984 5214
3 5217 4982 5216
3 4982 4981 5216
3 5218 5217 5215
3 5217 5216 5215
3 5219 5220 5211
3 5220 5209 5211
3 5220 5215 5209
3 5215 5210 5209
3 5221 5218 5220
3 5218 5215 5220
3 5222 5221 5219
3 5221 5220 5219
3 5191 5223 5224
3 5191 5224 5192
3 5223 5225 5224
3 5225 5226 5224
3 5227 5228 5223
3 5228 5225 5223
3 5194 5227 5223
3 5194 5223 5191
3 5225 5229 5226
3 5229 5230 5226
3 5229 5231 5230
3 5231 5232 5230
3 5233 5234 5229
3 5234 5231 5229
3 5228 5233 5225
3 5233 5229 5225
3 5235 5236 5228
3 5236 5233 5228
3 5236 5237 5233
3 5237 5234 5233
3 5238 5239 5236
3 5239 5237 5236
3 5240 5238 5235
3 5238 5236 5235
3 5197 5241 5227
3 5197 5227 5194
3 5241 5235 5227
3 5235 5228 5227
3 5242 5240 5241
3 5240 5235 5241
3 5199 5242 5197
3 5242 5241 5197
3 5231 5243 5232
3 5243 5244 5232
3 5243 5245 5244
3 5245 5246 5244
3 5247 5248 5243
3 5248 5245 5243
3 5234 5247 5231
3 5247 5243 5231
3 5245 5249 5246
3 5249 5250 5246
3 5249 5203 5250
3 5203 5205 5250
3 5251 5211 5249
3 5211 5203 5249
3 5248 5251 5245
3 5251 5249 5245
3 5252 5253 5248
3 5253 5251 5248
3 5253 5219 5251
3 5219 5211 5251
3 5254 5222 5253
3 5222 5219 5253
3 5255 5254 5252
3 5254 5253 5252
3 5237 5256 5234
3 5256 5247 5234
3 5256 5252 5247
3 5252 5248 5247
3 5257 5255 5256
3 5255 5252 5256
3 5239 5257 5237
3 5257 5256 5237
3 4460 5258 5259
3 4460 5259 4461
3 5258 5260 5261
3 5258 5261 5259
3 5262 5263 5260
3 5262 5260 5258
3 4462 5262 5258
3 4462 5258 4460
3 5260 5264 5265
3 5260 5265 5261
3 5264 5266 5267
3 5264 5267 5265
3 5268 5269 5264
3 5269 5266 5264
3 5263 5268 5264
3 5263 5264 5260
3 5270 5271 5268
3 5270 5268 5263
3 5271 5272 5268
3 5272 5269 5268
3 5273 4998 5272
3 5273 5272 5271
3 5274 5273 5271
3 5274 5271 5270
3 4465 5275 5262
3 4465 5262 4462
3 5275 5270 5263
3 5275 5263 5262
3 5276 5274 5270
3 5276 5270 5275
3 4466 5276 5275
3 4466 5275 4465
3 5266 5277 5267
3 5277 5278 5267
3 5277 5279 5278
3 5279 5280 5278
3 5281 5282 5277
3 5282 5279 5277
3 5269 5281 5266
3 5281 5277 5266
3 5279 5283 5280
3 5283 5284 5280
3 5283 5285 5284
3 5285 5286 5284
3 5287 5288 5283
3 5288 5285 5283
3 5282 5287 5279
3 5287 5283 5279
3 5289 5290 5282
3 5290 5287 5282
3 5290 5291 5287
3 5291 5288 5287
3 5002 5003 5290
3 5003 5291 5290
3 4999 5002 5289
3 5002 5290 5289
3 5272 5292 5269
3 5292 5281 5269
3 5292 5289 5281
3 5289 5282 5281
3 4997 4999 5292
3 4999 5289 5292
3 4998 4997 5272
3 4997 5292 5272
3 5020 5293 5023
3 5293 5294 5023
3 5293 5295 5294
3 5295 5296 5294
3 5297 5298 5293
3 5298 5295 5293
3 5009 5297 5020
3 5297 5293 5020
3 5295 5299 5296
3 5299 5300 5296
3 5299 5301 5300
3 5301 5302 5300
3 5303 5304 5299
3 5304 5301 5299
3 5298 5303 5295
3 5303 5299 5295
3 5305 5306 5298
3 5306 5303 5298
3 5306 5307 5303
3 5307 5304 5303
3 4494 4496 5306
3 4496 5307 5306
3 4490 4494 5305
3 4494 5306 5305
3 5004 5308 5009
3 5308 5297 5009
3 5308 5305 5297
3 5305 5298 5297
3 4488 4490 5308
3 4490 5305 5308
3 3615 4488 5004
3 4488 5308 5004
3 5301 5309 5302
3 5309 5310 5302
3 5309 5311 5310
3 5311 5312 5310
3 5313 5314 5309
3 5314 5311 5309
3 5304 5313 5301
3 5313 5309 5301
3 5311 5315 5312
3 5315 5316 5312
3 5315 5317 5316
3 5317 5318 5316
3 5319 5320 5315
3 5320 5317 5315
3 5314 5319 5311
3 5319 5315 5311
3 5321 5322 5314
3 5322 5319 5314
3 5322 5323 5319
3 5323 5320 5319
3 4530 4532 5322
3 4532 5323 5322
3 4526 4530 5321
3 4530 5322 5321
3 5307 5324 5304
3 5324 5313 5304
3 5324 5321 5313
3 5321 5314 5313
3 4524 4526 5324
3 4526 5321 5324
3 4496 4524 5307
3 4524 5324 5307
3 5325 5326 5265
3 5325 5265 5267
3 5326 5327 5261
3 5326 5261 5265
3 5328 5329 5327
3 5328 5327 5326
3 5330 5328 5325
3 5328 5326 5325
3 5327 5331 5259
3 5327 5259 5261
3 5331 4539 4461
3 5331 4461 5259
3 5332 4544 4539
3 5332 4539 5331
3 5329 5332 5331
3 5329 5331 5327
3 5333 5334 5332
3 5333 5332 5329
3 5334 4551 4544
3 5334 4544 5332
3 5335 4554 4551
3 5335 4551 5334
3 5336 5335 5334
3 5336 5334 5333
3 5337 5338 5330
3 5338 5328 5330
3 5338 5333 5329
3 5338 5329 5328
3 5339 5336 5338
3 5336 5333 5338
3 5340 5339 5337
3 5339 5338 5337
3 5335 5341 5342
3 5335 5342 4554
3 5341 5343 5344
3 5341 5344 5342
3 5345 5346 5343
3 5345 5343 5341
3 5336 5345 5341
3 5336 5341 5335
3 5343 5347 5348
3 5343 5348 5344
3 5347 5349 5350
3 5347 5350 5348
3 5351 5352 5349
3 5351 5349 5347
3 5346 5351 5347
3 5346 5347 5343
3 5353 5354 5351
3 5353 5351 5346
3 5354 5355 5352
3 5354 5352 5351
3 5356 5357 5355
3 5356 5355 5354
3 5358 5356 5354
3 5358 5354 5353
3 5339 5359 5345
3 5339 5345 5336
3 5359 5353 5346
3 5359 5346 5345
3 5360 5358 5353
3 5360 5353 5359
3 5340 5360 5359
3 5340 5359 5339
3 5361 5362 5360
3 5361 5360 5340
3 5362 5363 5358
3 5362 5358 5360
3 5364 5365 5363
3 5364 5363 5362
3 5366 5364 5362
3 5366 5362 5361
3 5363 5367 5356
3 5363 5356 5358
3 5367 5368 5357
3 5367 5357 5356
3 5369 5370 5368
3 5369 5368 5367
3 5365 5369 5367
3 5365 5367 5363
3 5371 5372 5369
3 5371 5369 5365
3 5372 5373 5370
3 5372 5370 5369
3 5374 5375 5373
3 5374 5373 5372
3 5376 5374 5372
3 5376 5372 5371
3 5377 5378 5364
3 5377 5364 5366
3 5378 5371 5365
3 5378 5365 5364
3 5379 5376 5371
3 5379 5371 5378
3 5380 5379 5377
3 5379 5378 5377
3 5381 5382 5286
3 5382 5284 5286
3 5382 5383 5284
3 5383 5280 5284
3 5384 5385 5382
3 5385 5383 5382
3 5386 5384 5381
3 5384 5382 5381
3 5383 5387 5280
3 5387 5278 5280
3 5387 5325 5278
3 5325 5267 5278
3 5388 5330 5387
3 5330 5325 5387
3 5385 5388 5383
3 5388 5387 5383
3 5389 5390 5385
3 5390 5388 5385
3 5390 5337 5388
3 5337 5330 5388
3 5391 5340 5390
3 5340 5337 5390
3 5392 5391 5389
3 5391 5390 5389
3 5393 5394 5386
3 5394 5384 5386
3 5394 5389 5384
3 5389 5385 5384
3 5395 5392 5394
3 5392 5389 5394
3 5396 5395 5393
3 5395 5394 5393
3 5397 5398 5396
3 5398 5395 5396
3 5398 5399 5395
3 5399 5392 5395
3 5400 5401 5398
3 5401 5399 5398
3 5402 5400 5397
3 5400 5398 5397
3 5399 5403 5392
3 5403 5391 5392
3 5403 5361 5391
3 5361 5340 5391
3 5404 5366 5403
3 5366 5361 5403
3 5401 5404 5399
3 5404 5403 5399
3 5405 5406 5401
3 5406 5404 5401
3 5406 5377 5404
3 5377 5366 5404
3 5407 5380 5406
3 5380 5377 5406
3 5408 5407 5405
3 5407 5406 5405
3 5409 5410 5402
3 5410 5400 5402
3 5410 5405 5400
3 5405 5401 5400
3 5411 5408 5410
3 5408 5405 5410
3 5412 5411 5409
3 5411 5410 5409
3 5407 5413 5414
3 5407 5414 5380
3 5413 5415 5416
3 5413 5416 5414
3 5417 5418 5413
3 5418 5415 5413
3 5408 5417 5413
3 5408 5413 5407
3 5415 5419 5416
3 5419 5420 5416
3 5419 5323 5420
3 5323 4532 5420
3 5421 5320 5419
3 5320 5323 5419
3 5418 5421 5415
3 5421 5419 5415
3 5422 5423 5418
3 5423 5421 5418
3 5423 5317 5421
3 5317 5320 5421
3 5424 5318 5423
3 5318 5317 5423
3 5425 5424 5422
3 5424 5423 5422
3 5411 5426 5417
3 5411 5417 5408
3 5426 5422 5417
3 5422 5418 5417
3 5427 5425 5426
3 5425 5422 5426
3 5412 5427 5426
3 5412 5426 5411
3 4566 5428 5429
3 4566 5429 4567
3 5428 5430 5431
3 5428 5431 5429
3 5432 5433 5430
3 5432 5430 5428
3 4568 5432 5428
3 4568 5428 4566
3 5430 5434 5435
3 5430 5435 5431
3 5434 5436 5437
3 5434 5437 5435
3 5438 5439 5436
3 5438 5436 5434
3 5433 5438 5434
3 5433 5434 5430
3 5440 5441 5438
3 5440 5438 5433
3 5441 5442 5439
3 5441 5439 5438
3 5348 5350 5442
3 5348 5442 5441
3 5344 5348 5441
3 5344 5441 5440
3 4570 5443 5432
3 4570 5432 4568
3 5443 5440 5433
3 5443 5433 5432
3 5342 5344 5440
3 5342 5440 5443
3 4554 5342 5443
3 4554 5443 4570
3 5444 5445 5446
3 5445 5447 5446
3 5445 5448 5447
3 5448 5449 5447
3 5450 5451 5445
3 5451 5448 5445
3 5452 5450 5444
3 5450 5445 5444
3 5448 5453 5449
3 5453 5454 5449
3 5453 5435 5454
3 5435 5437 5454
3 5455 5431 5453
3 5431 5435 5453
3 5451 5455 5448
3 5455 5453 5448
3 5456 5457 5451
3 5457 5455 5451
3 5457 5429 5455
3 5429 5431 5455
3 4571 4567 5457
3 4567 5429 5457
3 4576 4571 5456
3 4571 5457 5456
3 5458 5459 5452
3 5459 5450 5452
3 5459 5456 5450
3 5456 5451 5450
3 4587 4576 5459
3 4576 5456 5459
3 4590 4587 5458
3 4587 5459 5458
3 5460 5461 5444
3 5460 5444 5446
3 5461 5462 5452
3 5461 5452 5444
3 5463 5464 5462
3 5463 5462 5461
3 5465 5463 5461
3 5465 5461 5460
3 5462 5466 5458
3 5462 5458 5452
3 5466 4607 4590
3 5466 4590 5458
3 5467 4612 4607
3 5467 4607 5466
3 5464 5467 5466
3 5464 5466 5462
3 5468 5469 5467
3 5468 5467 5464
3 5469 4620 4612
3 5469 4612 5467
3 5470 4532 4620
3 5470 4620 5469
3 5471 5470 5468
3 5470 5469 5468
3 5472 5473 5465
3 5473 5463 5465
3 5473 5468 5463
3 5468 5464 5463
3 5474 5471 5473
3 5471 5468 5473
3 5475 5474 5472
3 5474 5473 5472
3 5414 5476 5380
3 5476 5379 5380
3 5476 5477 5379
3 5477 5376 5379
3 5478 5479 5476
3 5479 5477 5476
3 5416 5478 5414
3 5478 5476 5414
3 5477 5480 5374
3 5477 5374 5376
3 5480 5481 5375
3 5480 5375 5374
3 5482 5483 5481
3 5482 5481 5480
3 5479 5482 5477
3 5482 5480 5477
3 5484 5485 5479
3 5485 5482 5479
3 5485 5486 5482
3 5486 5483 5482
3 5474 5475 5485
3 5475 5486 5485
3 5471 5474 5484
3 5474 5485 5484
3 5420 5487 5416
3 5487 5478 5416
3 5487 5484 5478
3 5484 5479 5478
3 5470 5471 5487
3 5471 5484 5487
3 4532 5470 5420
3 5470 5487 5420
3 5118 5488 5103
3 5488 5489 5103
3 5488 5490 5489
3 5490 5491 5489
3 5492 5493 5488
3 5493 5490 5488
3 5119 5492 5118
3 5492 5488 5118
3 5490 5494 5491
3 5494 5495 5491
3 5494 4690 5495
3 4690 4692 5495
3 5496 4698 5494
3 4698 4690 5494
3 5493 5496 5490
3 5496 5494 5490
3 5497 5498 5493
3 5498 5496 5493
3 5498 4708 5496
3 4708 4698 5496
3 5499 4689 5498
3 4689 4708 5498
3 5500 5499 5497
3 5499 5498 5497
3 5122 5501 5119
3 5501 5492 5119
3 5501 5497 5492
3 5497 5493 5492
3 5502 5500 5501
3 5500 5497 5501
3 5123 5502 5122
3 5502 5501 5122
3 5098 5503 5083
3 5503 5182 5083
3 5503 5504 5182
3 5504 5180 5182
3 5505 5506 5503
3 5506 5504 5503
3 5099 5505 5098
3 5505 5503 5098
3 5504 5507 5180
3 5507 5179 5180
3 5507 4724 5179
3 4724 3957 5179
3 5508 4722 5507
3 4722 4724 5507
3 5506 5508 5504
3 5508 5507 5504
3 5509 5510 5506
3 5510 5508 5506
3 5510 4721 5508
3 4721 4722 5508
3 5495 4692 5510
3 4692 4721 5510
3 5491 5495 5509
3 5495 5510 5509
3 5102 5511 5099
3 5511 5505 5099
3 5511 5509 5505
3 5509 5506 5505
3 5489 5491 5511
3 5491 5509 5511
3 5103 5489 5102
3 5489 5511 5102
3 5157 5512 5126
3 5512 5513 5126
3 5512 5514 5513
3 5514 5515 5513
3 5516 5517 5512
3 5517 5514 5512
3 5149 5516 5157
3 5516 5512 5157
3 5514 5518 5515
3 5518 5519 5515
3 5518 4650 5519
3 4650 4652 5519
3 5520 4658 5518
3 4658 4650 5518
3 5517 5520 5514
3 5520 5518 5514
3 5521 5522 5517
3 5522 5520 5517
3 5522 4668 5520
3 4668 4658 5520
3 5276 4466 5522
3 4466 4668 5522
3 5274 5276 5521
3 5276 5522 5521
3 5144 5523 5149
3 5523 5516 5149
3 5523 5521 5516
3 5521 5517 5516
3 5273 5274 5523
3 5274 5521 5523
3 4998 5273 5144
3 5273 5523 5144
3 5142 5524 5123
3 5524 5502 5123
3 5524 5525 5502
3 5525 5500 5502
3 5526 5527 5524
3 5527 5525 5524
3 5132 5526 5142
3 5526 5524 5142
3 5525 5528 5500
3 5528 5499 5500
3 5528 4688 5499
3 4688 4689 5499
3 5529 4685 5528
3 4685 4688 5528
3 5527 5529 5525
3 5529 5528 5525
3 5530 5531 5527
3 5531 5529 5527
3 5531 4684 5529
3 4684 4685 5529
3 5519 4652 5531
3 4652 4684 5531
3 5515 5519 5530
3 5519 5531 5530
3 5124 5532 5132
3 5532 5526 5132
3 5532 5530 5526
3 5530 5527 5526
3 5513 5515 5532
3 5515 5530 5532
3 5126 5513 5124
3 5513 5532 5124
3 5533 5534 5535
3 5534 5536 5535
3 5534 5537 5536
3 5537 5538 5536
3 5539 5540 5534
3 5540 5537 5534
3 5541 5539 5533
3 5539 5534 5533
3 5537 5542 5543
3 5537 5543 5538
3 5542 5063 5040
3 5542 5040 5543
3 5544 5061 5063
3 5544 5063 5542
3 5540 5544 5542
3 5540 5542 5537
3 5545 5546 5544
3 5545 5544 5540
3 5546 5059 5061
3 5546 5061 5544
3 5547 5060 5059
3 5547 5059 5546
3 5548 5547 5545
3 5547 5546 5545
3 5549 5550 5541
3 5550 5539 5541
3 5550 5545 5539
3 5545 5540 5539
3 5551 5548 5550
3 5548 5545 5550
3 5552 5551 5549
3 5551 5550 5549
3 5553 5554 5552
3 5554 5551 5552
3 5554 5555 5551
3 5555 5548 5551
3 5556 5557 5554
3 5557 5555 5554
3 5558 5556 5553
3 5556 5554 5553
3 5555 5559 5548
3 5559 5547 5548
3 5559 5074 5547
3 5074 5060 5547
3 5560 5069 5559
3 5069 5074 5559
3 5557 5560 5555
3 5560 5559 5555
3 5561 5562 5557
3 5562 5560 5557
3 5562 5066 5560
3 5066 5069 5560
3 5563 5067 5562
3 5067 5066 5562
3 5564 5563 5561
3 5563 5562 5561
3 5565 5566 5558
3 5566 5556 5558
3 5566 5561 5556
3 5561 5557 5556
3 5567 5564 5566
3 5564 5561 5566
3 5568 5567 5565
3 5567 5566 5565
3 4735 5569 5043
3 4735 5043 3698
3 5569 5570 5043
3 5570 5041 5043
3 5571 5572 5570
3 5571 5570 5569
3 4736 5571 5569
3 4736 5569 4735
3 5570 5573 5041
3 5573 5039 5041
3 5573 5543 5039
3 5543 5040 5039
3 5574 5538 5573
3 5538 5543 5573
3 5572 5574 5570
3 5574 5573 5570
3 5575 5576 5574
3 5575 5574 5572
3 5576 5536 5538
3 5576 5538 5574
3 5577 5535 5536
3 5577 5536 5576
3 5578 5577 5576
3 5578 5576 5575
3 4739 5579 5571
3 4739 5571 4736
3 5579 5575 5572
3 5579 5572 5571
3 5580 5578 5575
3 5580 5575 5579
3 4740 5580 5579
3 4740 5579 4739
3 5581 5582 5583
3 5581 5583 5584
3 5582 5585 5586
3 5582 5586 5583
3 5587 5588 5585
3 5587 5585 5582
3 5589 5587 5582
3 5589 5582 5581
3 5585 5590 5591
3 5585 5591 5586
3 5590 4886 4889
3 5590 4889 5591
3 5592 4894 4886
3 5592 4886 5590
3 5588 5592 5590
3 5588 5590 5585
3 5593 5594 5592
3 5593 5592 5588
3 5594 4900 4894
3 5594 4894 5592
3 5580 4740 4900
3 5580 4900 5594
3 5578 5580 5594
3 5578 5594 5593
3 5595 5596 5587
3 5595 5587 5589
3 5596 5593 5588
3 5596 5588 5587
3 5577 5578 5593
3 5577 5593 5596
3 5535 5577 5596
3 5535 5596 5595
3 5086 5597 5087
3 5597 5598 5087
3 5597 5599 5598
3 5599 5600 5598
3 5601 5602 5597
3 5602 5599 5597
3 5089 5601 5086
3 5601 5597 5086
3 5599 5603 5600
3 5603 5604 5600
3 5603 5605 5604
3 5605 5606 5604
3 5607 5608 5603
3 5608 5605 5603
3 5602 5607 5599
3 5607 5603 5599
3 5609 5610 5602
3 5610 5607 5602
3 5610 5611 5607
3 5611 5608 5607
3 5567 5568 5610
3 5568 5611 5610
3 5564 5567 5609
3 5567 5610 5609
3 5094 5612 5089
3 5612 5601 5089
3 5612 5609 5601
3 5609 5602 5601
3 5563 5564 5612
3 5564 5609 5612
3 5067 5563 5094
3 5563 5612 5094
3 5613 5614 5615
3 5613 5615 5616
3 5614 5617 5618
3 5614 5618 5615
3 5619 5620 5617
3 5619 5617 5614
3 5621 5619 5614
3 5621 5614 5613
3 5617 5622 5623
3 5617 5623 5618
3 5622 5581 5584
3 5622 5584 5623
3 5624 5589 5581
3 5624 5581 5622
3 5620 5624 5622
3 5620 5622 5617
3 5625 5626 5624
3 5625 5624 5620
3 5626 5595 5589
3 5626 5589 5624
3 5533 5535 5595
3 5533 5595 5626
3 5541 5533 5626
3 5541 5626 5625
3 5627 5628 5619
3 5627 5619 5621
3 5628 5625 5620
3 5628 5620 5619
3 5549 5541 5625
3 5549 5625 5628
3 5552 5549 5628
3 5552 5628 5627
3 5629 5630 5616
3 5630 5613 5616
3 5630 5631 5613
3 5631 5621 5613
3 5632 5633 5630
3 5633 5631 5630
3 5634 5632 5629
3 5632 5630 5629
3 5631 5635 5621
3 5635 5627 5621
3 5635 5553 5627
3 5553 5552 5627
3 5636 5558 5635
3 5558 5553 5635
3 5633 5636 5631
3 5636 5635 5631
3 5637 5638 5633
3 5638 5636 5633
3 5638 5565 5636
3 5565 5558 5636
3 5611 5568 5638
3 5568 5565 5638
3 5608 5611 5637
3 5611 5638 5637
3 5639 5640 5634
3 5640 5632 5634
3 5640 5637 5632
3 5637 5633 5632
3 5605 5608 5640
3 5608 5637 5640
3 5606 5605 5640
3 5606 5640 5639
3 4916 5641 5591
3 4916 5591 4889
3 5641 5642 5586
3 5641 5586 5591
3 5643 5644 5642
3 5643 5642 5641
3 4910 5643 5641
3 4910 5641 4916
3 5642 5645 5583
3 5642 5583 5586
3 5645 5646 5584
3 5645 5584 5583
3 5647 5648 5646
3 5647 5646 5645
3 5644 5647 5645
3 5644 5645 5642
3 5649 5650 5647
3 5649 5647 5644
3 5650 5651 5648
3 5650 5648 5647
3 5652 5653 5651
3 5652 5651 5650
3 5654 5652 5650
3 5654 5650 5649
3 4902 5655 5643
3 4902 5643 4910
3 5655 5649 5644
3 5655 5644 5643
3 5656 5654 5649
3 5656 5649 5655
3 4904 5656 4902
3 5656 5655 4902
3 5657 5658 5659
3 5657 5659 5660
3 5658 5661 5662
3 5658 5662 5659
3 5663 5664 5661
3 5663 5661 5658
3 5665 5663 5658
3 5665 5658 5657
3 5661 5666 5662
3 5666 5667 5662
3 5666 4918 5667
3 4918 4920 5667
3 5668 4926 5666
3 4926 4918 5666
3 5664 5668 5666
3 5664 5666 5661
3 5669 5670 5668
3 5669 5668 5664
3 5670 4932 5668
3 4932 4926 5668
3 5656 4904 5670
3 4904 4932 5670
3 5654 5656 5670
3 5654 5670 5669
3 5671 5672 5663
3 5671 5663 5665
3 5672 5669 5664
3 5672 5664 5663
3 5652 5654 5669
3 5652 5669 5672
3 5653 5652 5672
3 5653 5672 5671
3 5673 5674 5190
3 5673 5190 5192
3 5674 5675 5186
3 5674 5186 5190
3 5676 5677 5675
3 5676 5675 5674
3 5678 5676 5674
3 5678 5674 5673
3 5675 5679 5184
3 5675 5184 5186
3 5679 4934 3608
3 5679 3608 5184
3 5680 4939 4934
3 5680 4934 5679
3 5677 5680 5679
3 5677 5679 5675
3 5681 5682 5680
3 5681 5680 5677
3 5682 4944 5680
3 4944 4939 5680
3 5667 4920 5682
3 4920 4944 5682
3 5662 5667 5682
3 5662 5682 5681
3 5683 5684 5676
3 5683 5676 5678
3 5684 5681 5677
3 5684 5677 5676
3 5659 5662 5681
3 5659 5681 5684
3 5660 5659 5684
3 5660 5684 5683
3 5106 5685 5107
3 5685 5686 5107
3 5685 5687 5686
3 5687 5688 5686
3 5689 5690 5685
3 5690 5687 5685
3 5109 5689 5106
3 5689 5685 5106
3 5687 5691 5688
3 5691 5692 5688
3 5691 5693 5692
3 5693 5694 5692
3 5695 5696 5691
3 5696 5693 5691
3 5690 5695 5687
3 5695 5691 5687
3 5697 5698 5690
3 5698 5695 5690
3 5698 5699 5695
3 5699 5696 5695
3 5604 5606 5698
3 5606 5699 5698
3 5600 5604 5697
3 5604 5698 5697
3 5114 5700 5109
3 5700 5689 5109
3 5700 5697 5689
3 5697 5690 5689
3 5598 5600 5700
3 5600 5697 5700
3 5087 5598 5114
3 5598 5700 5114
3 5135 5701 5136
3 5701 5702 5136
3 5701 5703 5702
3 5703 5704 5702
3 5705 5706 5701
3 5706 5703 5701
3 5138 5705 5135
3 5705 5701 5135
3 5703 5707 5704
3 5707 5708 5704
3 5707 5709 5708
3 5709 5710 5708
3 5711 5712 5707
3 5712 5709 5707
3 5706 5711 5703
3 5711 5707 5703
3 5713 5714 5706
3 5714 5711 5706
3 5714 5715 5711
3 5715 5712 5711
3 5692 5694 5714
3 5694 5715 5714
3 5688 5692 5713
3 5692 5714 5713
3 5141 5716 5138
3 5716 5705 5138
3 5716 5713 5705
3 5713 5706 5705
3 5686 5688 5716
3 5688 5713 5716
3 5107 5686 5141
3 5686 5716 5141
3 5151 5717 4991
3 5717 5213 4991
3 5717 5718 5213
3 5718 5208 5213
3 5719 5720 5717
3 5720 5718 5717
3 5153 5719 5151
3 5719 5717 5151
3 5718 5721 5208
3 5721 5206 5208
3 5721 5722 5206
3 5722 5205 5206
3 5723 5724 5721
3 5724 5722 5721
3 5720 5723 5718
3 5723 5721 5718
3 5725 5726 5720
3 5726 5723 5720
3 5726 5727 5723
3 5727 5724 5723
3 5708 5710 5726
3 5710 5727 5726
3 5704 5708 5725
3 5708 5726 5725
3 5156 5728 5153
3 5728 5719 5153
3 5728 5725 5719
3 5725 5720 5719
3 5702 5704 5728
3 5704 5725 5728
3 5136 5702 5156
3 5702 5728 5156
3 5646 5729 5623
3 5646 5623 5584
3 5729 5730 5618
3 5729 5618 5623
3 5731 5732 5730
3 5731 5730 5729
3 5648 5731 5729
3 5648 5729 5646
3 5730 5733 5615
3 5730 5615 5618
3 5733 5734 5616
3 5733 5616 5615
3 5735 5736 5734
3 5735 5734 5733
3 5732 5735 5733
3 5732 5733 5730
3 5737 5738 5735
3 5737 5735 5732
3 5738 5739 5736
3 5738 5736 5735
3 5740 5741 5739
3 5740 5739 5738
3 5742 5740 5738
3 5742 5738 5737
3 5651 5743 5731
3 5651 5731 5648
3 5743 5737 5732
3 5743 5732 5731
3 5744 5742 5737
3 5744 5737 5743
3 5653 5744 5743
3 5653 5743 5651
3 5745 5746 5747
3 5746 5748 5747
3 5746 5749 5750
3 5746 5750 5748
3 5751 5752 5749
3 5751 5749 5746
3 5753 5751 5745
3 5751 5746 5745
3 5749 5754 5755
3 5749 5755 5750
3 5754 5657 5660
3 5754 5660 5755
3 5756 5665 5657
3 5756 5657 5754
3 5752 5756 5754
3 5752 5754 5749
3 5757 5758 5756
3 5757 5756 5752
3 5758 5671 5665
3 5758 5665 5756
3 5744 5653 5671
3 5744 5671 5758
3 5742 5744 5758
3 5742 5758 5757
3 5759 5760 5753
3 5760 5751 5753
3 5760 5757 5752
3 5760 5752 5751
3 5740 5742 5757
3 5740 5757 5760
3 5741 5740 5760
3 5741 5760 5759
3 5761 5762 5232
3 5762 5230 5232
3 5762 5763 5230
3 5763 5226 5230
3 5764 5765 5763
3 5764 5763 5762
3 5766 5764 5761
3 5764 5762 5761
3 5763 5767 5224
3 5763 5224 5226
3 5767 5673 5192
3 5767 5192 5224
3 5768 5678 5673
3 5768 5673 5767
3 5765 5768 5767
3 5765 5767 5763
3 5769 5770 5768
3 5769 5768 5765
3 5770 5683 5678
3 5770 5678 5768
3 5755 5660 5683
3 5755 5683 5770
3 5750 5755 5770
3 5750 5770 5769
3 5771 5772 5766
3 5772 5764 5766
3 5772 5769 5765
3 5772 5765 5764
3 5748 5750 5769
3 5748 5769 5772
3 5747 5748 5771
3 5748 5772 5771
3 5773 5774 5739
3 5773 5739 5741
3 5774 5775 5739
3 5775 5736 5739
3 5776 5777 5775
3 5776 5775 5774
3 5778 5776 5774
3 5778 5774 5773
3 5775 5779 5736
3 5779 5734 5736
3 5779 5629 5734
3 5629 5616 5734
3 5780 5634 5779
3 5634 5629 5779
3 5777 5780 5775
3 5780 5779 5775
3 5781 5782 5780
3 5781 5780 5777
3 5782 5639 5780
3 5639 5634 5780
3 5699 5606 5639
3 5699 5639 5782
3 5696 5699 5782
3 5696 5782 5781
3 5783 5784 5776
3 5783 5776 5778
3 5784 5781 5777
3 5784 5777 5776
3 5693 5696 5781
3 5693 5781 5784
3 5694 5693 5784
3 5694 5784 5783
3 5785 5786 5745
3 5785 5745 5747
3 5786 5787 5753
3 5786 5753 5745
3 5788 5789 5787
3 5788 5787 5786
3 5790 5788 5786
3 5790 5786 5785
3 5787 5791 5759
3 5787 5759 5753
3 5791 5773 5741
3 5791 5741 5759
3 5792 5778 5773
3 5792 5773 5791
3 5789 5792 5791
3 5789 5791 5787
3 5793 5794 5792
3 5793 5792 5789
3 5794 5783 5778
3 5794 5778 5792
3 5715 5694 5783
3 5715 5783 5794
3 5712 5715 5794
3 5712 5794 5793
3 5795 5796 5788
3 5795 5788 5790
3 5796 5793 5789
3 5796 5789 5788
3 5709 5712 5793
3 5709 5793 5796
3 5710 5709 5796
3 5710 5796 5795
3 5244 5797 5761
3 5244 5761 5232
3 5797 5798 5766
3 5797 5766 5761
3 5799 5800 5798
3 5799 5798 5797
3 5246 5799 5797
3 5246 5797 5244
3 5798 5801 5771
3 5798 5771 5766
3 5801 5785 5747
3 5801 5747 5771
3 5802 5790 5785
3 5802 5785 5801
3 5800 5802 5801
3 5800 5801 5798
3 5803 5804 5802
3 5803 5802 5800
3 5804 5795 5790
3 5804 5790 5802
3 5727 5710 5795
3 5727 5795 5804
3 5724 5727 5804
3 5724 5804 5803
3 5250 5805 5799
3 5250 5799 5246
3 5805 5803 5800
3 5805 5800 5799
3 5722 5724 5803
3 5722 5803 5805
3 5205 5722 5805
3 5205 5805 5250
3 5239 5238 2105
3 5238 2731 2105
3 5239 2105 2104
3 5239 2104 5257
3 5255 5257 2101
3 5257 2104 2101
3 5255 2101 2099
3 5240 2731 5238
3 5424 2743 2387
3 5402 2537 5409
3 5402 5397 2530
3 5402 2530 2537
3 5396 2525 5397
3 2525 2530 5397
3 5396 5393 2524
3 5396 2524 2525
3 5386 2521 5393
3 2521 2524 5393
3 5386 5381 2514
3 5386 2514 2521
3 5286 2509 5381
3 2509 2514 5381
3 5286 5285 2502
3 5286 2502 2509
3 5288 2501 5285
3 2501 2502 5285
3 5288 5291 2504
3 5288 2504 2501
3 5003 2507 5291
3 2507 2504 5291
3 5003 5000 1888
3 5003 1888 2507
3 4987 1887 5000
3 1887 1888 5000
3 4987 4979 1890
3 4987 1890 1887
3 4982 1893 4979
3 1893 1890 4979
3 4982 5217 1895
3 4982 1895 1893
3 5218 2664 5217
3 2664 1895 5217
3 5218 5221 2665
3 5218 2665 2664
3 5222 2667 5221
3 2667 2665 5221
3 5222 5254 2100
3 5222 2100 2667
3 5255 2099 5254
3 2099 2100 5254
3 2540 5412 2537
3 2537 5412 5409
3 5412 2540 5427
3 5427 2540 2746
3 5425 2746 2744
3 5425 5427 2746
3 5425 2744 5424
3 5424 2744 2743
3 5318 2387 2385
3 5318 5424 2387
3 5318 2385 5316
3 5316 2385 2380
3 5312 2380 2378
3 5312 5316 2380
3 5312 2378 5310
3 5310 2378 2377
3 5302 2377 2409
3 5302 5310 2377
3 5302 2409 5300
3 5300 2409 2404
3 5296 2404 2402
3 5296 5300 2404
3 5296 2402 5294
3 5294 2402 2401
3 5023 2401 2761
3 5023 5294 2401
3 5023 2761 5022
3 5022 2761 2759
3 5019 2759 2758
3 5019 5022 2759
3 5019 2758 5017
3 5017 2758 2299
3 5018 2299 2298
3 5018 5017 2299
3 5018 2298 5202
3 5202 2298 2295
3 5200 2295 2293
3 5200 5202 2295
3 5200 2293 5198
3 5198 2293 2294
3 5199 2294 2734
3 5199 5198 2294
3 5199 2734 5242
3 5242 2734 2732
3 5240 2732 2731
3 5240 5242 2732
3 1629 4522 4483
3 1629 1628 4522
3 4520 1628 1625
3 4520 4522 1628
3 4520 1625 4518
3 4518 1625 1623
3 4519 4518 1624
3 1624 4518 1623
3 4483 1638 1629
3 4483 4482 1638
3 4484 1639 4482
3 4482 1639 1638
3 4484 4486 1639
3 1639 4486 1641
3 3578 1641 4486
3 3578 966 1641
3 3578 3575 966
3 966 3575 963
3 3562 963 3575
3 3562 955 963
3 3562 3554 955
3 955 3554 947
3 3557 947 3554
3 3557 950 947
3 3557 3720 950
3 950 3720 1126
3 3722 1126 3720
3 3722 1128 1126
3 4519 1842 4649
3 4519 1624 1842
3 3722 1132 1128
3 3722 3726 1132
3 3728 1134 3726
3 3726 1134 1132
3 3728 1350 1134
3 3728 4166 1350
3 4161 1345 4166
3 4166 1345 1350
3 4161 1340 1345
3 4161 4156 1340
3 4081 1034 4156
3 4156 1034 1340
3 4081 1033 1034
3 4081 4080 1033
3 4083 1035 4080
3 4080 1035 1033
3 4083 4086 1035
3 1035 4086 1037
3 4088 1037 4086
3 4088 1017 1037
3 4088 4431 1017
3 1017 4431 1014
3 4436 1014 4431
3 4436 1006 1014
3 4436 998 1006
3 4436 4443 998
3 4446 1001 4443
3 4443 1001 998
3 4446 1708 1001
3 4446 4601 1708
3 4602 1709 4601
3 4601 1709 1708
3 4602 1712 1709
3 4602 4605 1712
3 4606 1713 4605
3 4605 1713 1712
3 4606 1829 1713
3 4606 4636 1829
3 4630 1829 4636
3 4630 1823 1829
3 4647 4649 1840
3 1840 4649 1842
3 4647 1839 4646
3 4647 1840 1839
3 4625 4646 1818
3 1818 4646 1839
3 4625 1815 4622
3 4625 1818 1815
3 4630 4622 1823
3 1823 4622 1815
3 2469 2467 5349
3 2469 5349 5352
3 5352 5355 2472
3 5352 2472 2469
3 5357 2474 5355
3 2474 2472 5355
3 5357 5368 2485
3 5357 2485 2474
3 5350 5349 2467
3 5350 2467 2125
3 5370 2487 5368
3 2487 2485 5368
3 5370 5373 2490
3 5370 2490 2487
3 5350 2125 5442
3 2125 2123 5442
3 5439 5442 2123
3 5439 2123 2120
3 5439 2120 5436
3 2120 2117 5436
3 5437 5436 2117
3 5437 2117 2118
3 5437 2118 5454
3 2118 2141 5454
3 5449 5454 2141
3 5449 2141 2136
3 5449 2136 5447
3 2136 2133 5447
3 5446 5447 2134
3 5447 2133 2134
3 5446 2134 2151
3 5446 2151 5460
3 5465 5460 2156
3 5460 2151 2156
3 5465 2156 2167
3 5465 2167 5472
3 5475 5472 2170
3 5472 2167 2170
3 5375 2183 5373
3 2183 2490 5373
3 5375 5481 2182
3 5375 2182 2183
3 5483 2185 5481
3 2185 2182 5481
3 5483 5486 2188
3 5483 2188 2185
3 5475 2170 5486
3 2170 2188 5486
3 4424 4419 810
3 4220 906 905
3 1505 4366 1545
3 1505 4318 4366
3 4318 1503 4316
3 4318 1505 1503
3 4360 1540 1545
3 4360 1545 4366
3 4360 4352 1540
3 4352 1535 1540
3 4324 4316 1511
3 1511 4316 1503
3 4324 1519 4330
3 4324 1511 1519
3 4251 1519 1522
3 4251 4330 1519
3 4354 804 1535
3 4354 1535 4352
3 4354 4402 804
3 4402 803 804
3 4396 800 803
3 4396 803 4402
3 4396 4388 800
3 4388 798 800
3 4390 799 798
3 4390 798 4388
3 4390 4429 799
3 4429 805 799
3 4251 1522 4249
3 4249 1522 1567
3 4257 1567 1572
3 4257 4249 1567
3 4257 1579 4265
3 4257 1572 1579
3 4268 4265 1582
3 1582 4265 1579
3 4268 1595 4281
3 4268 1582 1595
3 4278 4281 1592
3 1592 4281 1595
3 4278 1592 4276
3 4276 1592 1590
3 4220 1590 906
3 4220 4276 1590
3 4424 810 805
3 4424 805 4429
3 4220 905 4218
3 4218 905 902
3 4215 902 900
3 4215 4218 902
3 4191 817 4419
3 817 810 4419
3 4191 820 817
3 4191 4188 820
3 4196 974 4188
3 4188 974 820
3 4215 900 4213
3 4213 900 901
3 4207 901 979
3 4207 4213 901
3 4207 979 4204
3 4204 979 976
3 4196 976 974
3 4196 4204 976
